SET session_replication_role = replica;

--
-- PostgreSQL database dump
--

-- \restrict e47H5tzMdVB7FlQLnSRYcse8hDcFYCbSnBgUFrWNIqmj18jI8xLJg5sipx1keu9

-- Dumped from database version 17.6
-- Dumped by pg_dump version 17.6

SET statement_timeout = 0;
SET lock_timeout = 0;
SET idle_in_transaction_session_timeout = 0;
SET transaction_timeout = 0;
SET client_encoding = 'UTF8';
SET standard_conforming_strings = on;
SELECT pg_catalog.set_config('search_path', '', false);
SET check_function_bodies = false;
SET xmloption = content;
SET client_min_messages = warning;
SET row_security = off;

--
-- Data for Name: audit_log_entries; Type: TABLE DATA; Schema: auth; Owner: supabase_auth_admin
--

COPY "auth"."audit_log_entries" ("instance_id", "id", "payload", "created_at", "ip_address") FROM stdin;
\.


--
-- Data for Name: custom_oauth_providers; Type: TABLE DATA; Schema: auth; Owner: supabase_auth_admin
--

COPY "auth"."custom_oauth_providers" ("id", "provider_type", "identifier", "name", "client_id", "client_secret", "acceptable_client_ids", "scopes", "pkce_enabled", "attribute_mapping", "authorization_params", "enabled", "email_optional", "issuer", "discovery_url", "skip_nonce_check", "cached_discovery", "discovery_cached_at", "authorization_url", "token_url", "userinfo_url", "jwks_uri", "created_at", "updated_at") FROM stdin;
\.


--
-- Data for Name: flow_state; Type: TABLE DATA; Schema: auth; Owner: supabase_auth_admin
--

COPY "auth"."flow_state" ("id", "user_id", "auth_code", "code_challenge_method", "code_challenge", "provider_type", "provider_access_token", "provider_refresh_token", "created_at", "updated_at", "authentication_method", "auth_code_issued_at", "invite_token", "referrer", "oauth_client_state_id", "linking_target_id", "email_optional") FROM stdin;
\.


--
-- Data for Name: users; Type: TABLE DATA; Schema: auth; Owner: supabase_auth_admin
--

COPY "auth"."users" ("instance_id", "id", "aud", "role", "email", "encrypted_password", "email_confirmed_at", "invited_at", "confirmation_token", "confirmation_sent_at", "recovery_token", "recovery_sent_at", "email_change_token_new", "email_change", "email_change_sent_at", "last_sign_in_at", "raw_app_meta_data", "raw_user_meta_data", "is_super_admin", "created_at", "updated_at", "phone", "phone_confirmed_at", "phone_change", "phone_change_token", "phone_change_sent_at", "email_change_token_current", "email_change_confirm_status", "banned_until", "reauthentication_token", "reauthentication_sent_at", "is_sso_user", "deleted_at", "is_anonymous") FROM stdin;
00000000-0000-0000-0000-000000000000	fe0832db-4ea7-4c23-8cae-9a96d0e70a8c	authenticated	authenticated	alexgheorgon@cjb.local	$2a$10$VvAKuoP53IUnlj9TQUJ.1uyxs3a7eW10mVGnis43DTzZ4wEgmqIYW	2026-06-11 14:56:16.805262+00	\N		\N		\N			\N	2026-06-22 10:20:57.70728+00	{"provider": "email", "providers": ["email"]}	{"username": "alexgheorgon", "full_name": "Alex Gheorgon", "email_verified": true}	\N	2026-06-11 14:56:16.789765+00	2026-06-22 15:54:30.748372+00	\N	\N			\N		0	\N		\N	f	\N	f
00000000-0000-0000-0000-000000000000	c45e2b3b-858e-4cc9-b893-606be19db21e	authenticated	authenticated	gheorghecostea@cjb.local	$2a$10$0.rUD8etf3bYlztSIms8y.VQmuwJitVR7ms0L8JXY8xAeTBb1H9.G	2026-06-12 08:47:35.570351+00	\N		\N		\N			\N	2026-06-22 06:31:39.407717+00	{"provider": "email", "providers": ["email"]}	{"username": "gheorghecostea", "full_name": "Gheorghe Costea", "email_verified": true}	\N	2026-06-12 08:47:35.550772+00	2026-06-22 16:01:54.080791+00	\N	\N			\N		0	\N		\N	f	\N	f
00000000-0000-0000-0000-000000000000	d5b9af57-9326-4f03-8595-e1860836a8a5	authenticated	authenticated	florinrusu@cjb.local	$2a$10$LBjZFIvpw.XKuJWujo9zVupERkfKEEEwSoxSo8f2koopbSGCXbGTK	2026-06-13 01:08:17.303151+00	\N		\N		\N			\N	2026-06-21 06:29:01.335046+00	{"provider": "email", "providers": ["email"]}	{"username": "florinrusu", "full_name": "Florin Rusu", "email_verified": true}	\N	2026-06-13 01:08:17.298449+00	2026-06-22 15:02:24.416879+00	\N	\N			\N		0	\N		\N	f	\N	f
00000000-0000-0000-0000-000000000000	82cbc827-4809-495a-bd14-9f02bb6d03f9	authenticated	authenticated	nicusortaras@cjb.local	$2a$10$SXXExPlCovRsrmYlCpLt8uf4h1dxmDNl4L8sjjNrOicaYDzHjvzRi	2026-06-11 15:02:25.752458+00	\N		\N		\N			\N	2026-06-22 07:00:40.058247+00	{"provider": "email", "providers": ["email"]}	{"username": "nicusortaras", "full_name": "Nicusor Taras", "email_verified": true}	\N	2026-06-11 15:02:25.658483+00	2026-06-22 09:58:06.151095+00	\N	\N			\N		0	\N		\N	f	\N	f
00000000-0000-0000-0000-000000000000	4532cd1f-2752-4aa9-a304-8a66a6fb9875	authenticated	authenticated	aurelispas@cjb.local	$2a$10$AIpjxkBjO98SpqFaTdKs.egK9XL/vAri2PsNhE4ZIVCKQ8K4ItPLq	2026-06-13 01:07:07.276902+00	\N		\N		\N			\N	2026-06-22 04:15:43.672819+00	{"provider": "email", "providers": ["email"]}	{"username": "aurelispas", "full_name": "Aurel Ispas", "email_verified": true}	\N	2026-06-13 01:07:07.272279+00	2026-06-22 10:18:54.280862+00	\N	\N			\N		0	\N		\N	f	\N	f
00000000-0000-0000-0000-000000000000	a1161bd5-de49-4bb4-8f13-2477365a4309	authenticated	authenticated	valentinpodaru@cjb.local	$2a$10$N3PHcjZcY1GUShI1ItQbS.wWSUEoPph5Ro/2D62zanh3Z/ucjsO96	2026-06-13 01:08:56.17338+00	\N		\N		\N			\N	2026-06-21 16:32:46.195673+00	{"provider": "email", "providers": ["email"]}	{"username": "valentinpodaru", "full_name": "Valentin Podaru", "email_verified": true}	\N	2026-06-13 01:08:56.161469+00	2026-06-22 17:15:16.643399+00	\N	\N			\N		0	\N		\N	f	\N	f
00000000-0000-0000-0000-000000000000	97ed2ada-c2be-4dba-81c1-dc23e9d43ddf	authenticated	authenticated	jordanbest@cjb.local	$2a$10$Z/cBm63cNhRVZjr6bdjDMeZQ/5WrLTXuLlz9uGW7YorZimpjK2z9.	2026-06-11 18:30:55.414399+00	\N		\N		\N			\N	2026-06-15 07:58:10.132707+00	{"provider": "email", "providers": ["email"]}	{"username": "jordanbest", "full_name": "Jordan Best", "email_verified": true}	\N	2026-06-11 18:30:55.365462+00	2026-06-15 19:59:37.756859+00	\N	\N			\N		0	\N		\N	f	\N	f
00000000-0000-0000-0000-000000000000	fab0cd1f-129b-4cf8-be1c-22667db1930c	authenticated	authenticated	mariuscatafani@cjb.local	$2a$10$28b0OI4v.hASnWOlABKF0ut.Xm5lgSM7fDauoRuyUEsHhKneysiL2	2026-06-13 01:07:38.164146+00	\N		\N		\N			\N	2026-06-22 10:35:29.838086+00	{"provider": "email", "providers": ["email"]}	{"username": "mariuscatafani", "full_name": "Marius Catafani", "email_verified": true}	\N	2026-06-13 01:07:38.160909+00	2026-06-22 10:35:29.854081+00	\N	\N			\N		0	\N		\N	f	\N	f
00000000-0000-0000-0000-000000000000	4c9cc9ec-d7c3-4a51-a4d9-5fa75d804e24	authenticated	authenticated	patrickgoodier@cjb.local	$2a$10$gUkmgr9zb/Nf8F0dr8WL7exDAua/.SqjVNpkGfcGhHulnyKqBLMKG	2026-06-11 21:42:55.214098+00	\N		\N		\N			\N	2026-06-22 10:47:12.260426+00	{"provider": "email", "providers": ["email"]}	{"username": "patrickgoodier", "full_name": "Patrick Goodier", "email_verified": true}	\N	2026-06-11 21:42:55.148234+00	2026-06-22 10:47:12.292733+00	\N	\N			\N		0	\N		\N	f	\N	f
00000000-0000-0000-0000-000000000000	bba10388-e3a5-4e70-a6d7-123fb3f656e5	authenticated	authenticated	petrisorgheorghita@cjb.local	$2a$10$FhWbJzv616jfw6KhlREoXOLPIIBdhmYwbLc86SUtw.Co2xwcgpnA6	2026-06-13 00:19:40.244151+00	\N		\N		\N			\N	2026-06-21 10:31:53.401061+00	{"provider": "email", "providers": ["email"]}	{"username": "petrisorgheorghita", "full_name": "Petrisor Gheorghita", "email_verified": true}	\N	2026-06-13 00:19:40.208727+00	2026-06-22 17:44:02.217009+00	\N	\N			\N		0	\N		\N	f	\N	f
00000000-0000-0000-0000-000000000000	fae5424f-167a-4ad9-ba55-189b684e569b	authenticated	authenticated	silviuniculet@cjb.local	$2a$10$lxEJUVVOiA88OLBW1rN0wOeGQKY1MdfwoySNJ8NM5Eh3lfvhso63O	2026-06-13 01:06:08.243144+00	\N		\N		\N			\N	2026-06-21 13:04:41.852128+00	{"provider": "email", "providers": ["email"]}	{"username": "silviuniculet", "full_name": "Silviu Nicu Niculet", "email_verified": true}	\N	2026-06-13 01:06:08.192388+00	2026-06-22 13:46:53.662794+00	\N	\N			\N		0	\N		\N	f	\N	f
00000000-0000-0000-0000-000000000000	85145bb3-01b9-4511-9a5b-a34f9b50c9cf	authenticated	authenticated	ionstroe@cjb.local	$2a$10$nod76HCB8eIJyJuSK62GYuT8axvW/F6Gvoe6AdT9PE49jNNX/NdSi	2026-06-13 01:09:23.504387+00	\N		\N		\N			\N	2026-06-22 15:44:48.414325+00	{"provider": "email", "providers": ["email"]}	{"username": "ionstroe", "full_name": "Ion Stroe", "email_verified": true}	\N	2026-06-13 01:09:23.501328+00	2026-06-22 15:44:48.449666+00	\N	\N			\N		0	\N		\N	f	\N	f
00000000-0000-0000-0000-000000000000	1d46ac0e-4581-444e-9a38-caac78d30d53	authenticated	authenticated	alexfurdui@cjb.local	$2a$10$uJlb4MXIVOjCjMr/xq8ZfuEvQKKQHiW/GqEGmbyf71ql3lPmiNiwG	2026-06-13 01:12:18.687481+00	\N		\N		\N			\N	\N	{"provider": "email", "providers": ["email"]}	{"username": "alexfurdui", "full_name": "Alex Furdui", "email_verified": true}	\N	2026-06-13 01:12:18.672962+00	2026-06-13 01:12:18.698641+00	\N	\N			\N		0	\N		\N	f	\N	f
00000000-0000-0000-0000-000000000000	de005c4b-55c6-49b8-bb8a-3e546e67b52d	authenticated	authenticated	miftarmanaj@cjb.local	$2a$10$VAIP/G7cArBHtZa6gOCsce7itDd/COBWXg7iiyz4SHAhfaIOb1xRm	2026-06-18 12:16:37.355987+00	\N		\N		\N			\N	\N	{"provider": "email", "providers": ["email"]}	{"username": "miftarmanaj", "full_name": "Miftar mamaj", "email_verified": true}	\N	2026-06-18 12:16:37.291643+00	2026-06-18 12:16:37.356881+00	\N	\N			\N		0	\N		\N	f	\N	f
00000000-0000-0000-0000-000000000000	7aad6855-2a47-416a-a13e-f7800ca87940	authenticated	authenticated	kastriotstefanidhis@cjb.local	$2a$10$WJxT2ya1vOcKEhQBj7aldu5yLj/VDcR9/5oA4eR/U3U52GbK9EtEe	2026-06-18 12:18:54.430093+00	\N		\N		\N			\N	\N	{"provider": "email", "providers": ["email"]}	{"username": "kastriotstefanidhis", "full_name": "Kastriot stefanidhis", "email_verified": true}	\N	2026-06-18 12:18:54.396393+00	2026-06-18 12:18:54.431099+00	\N	\N			\N		0	\N		\N	f	\N	f
00000000-0000-0000-0000-000000000000	3375295b-b3a3-40af-9cb5-81959e07fa23	authenticated	authenticated	cristiangheorghita@cjb.local	$2a$10$7HrhOT.fRHnf7ZyPRFaAVeUiwYp3k0mUwcHYY6MUMNdbREClKH2tO	2026-06-13 01:11:07.350445+00	\N		\N		\N			\N	2026-06-21 10:14:32.421098+00	{"provider": "email", "providers": ["email"]}	{"username": "cristiangheorghita", "full_name": "Cristian Gheorghita", "email_verified": true}	\N	2026-06-13 01:11:07.346857+00	2026-06-21 10:14:32.565366+00	\N	\N			\N		0	\N		\N	f	\N	f
00000000-0000-0000-0000-000000000000	473b0582-0fa6-43c3-8f52-ef89bb2810a1	authenticated	authenticated	colmbeckwith@cjb.local	$2a$10$wvkNukEARze97tDDqnKGge/FIGvqvTKkim8xjlVRuL7.X0vhSqMB6	2026-06-11 15:26:59.36043+00	\N		\N		\N			\N	2026-06-22 06:01:18.784827+00	{"provider": "email", "providers": ["email"]}	{"username": "colmbeckwith", "full_name": "Colm Beckwith", "email_verified": true}	\N	2026-06-11 15:26:59.315422+00	2026-06-22 06:01:18.801517+00	\N	\N			\N		0	\N		\N	f	\N	f
00000000-0000-0000-0000-000000000000	c1b79407-8801-4583-8b57-7a5256333600	authenticated	authenticated	gheorghitaangheluta@cjb.local	$2a$10$aH3K9QFvPkS35Hsf9Z7z8uiJnxtEy07x69QRaQH4v1BH8BUZXCJYa	2026-06-13 01:11:51.295047+00	\N		\N		\N			\N	2026-06-21 09:12:19.670254+00	{"provider": "email", "providers": ["email"]}	{"username": "gheorghitaangheluta", "full_name": "Gheorghita Angheluta", "email_verified": true}	\N	2026-06-13 01:11:51.267259+00	2026-06-22 06:18:51.072637+00	\N	\N			\N		0	\N		\N	f	\N	f
00000000-0000-0000-0000-000000000000	04a6baa7-cc7f-4c06-84ff-fec3e055b9a3	authenticated	authenticated	gheorghebordeianu@cjb.local	$2a$10$iW7EDOkyThC4ngRjv3cE3upkSyHduSxMx4PHDnXLVBjRBEWWc4eM2	2026-06-13 01:10:37.551641+00	\N		\N		\N			\N	2026-06-21 11:36:32.521509+00	{"provider": "email", "providers": ["email"]}	{"username": "gheorghebordeianu", "full_name": "Gheorghe Bordeianu", "email_verified": true}	\N	2026-06-13 01:10:37.539874+00	2026-06-22 06:51:58.352099+00	\N	\N			\N		0	\N		\N	f	\N	f
00000000-0000-0000-0000-000000000000	7790c180-e52f-44da-97c0-e190ec9f233f	authenticated	authenticated	ivancoroi@cjb.local	$2a$10$1Z4QkS8li1PpkgTuDmp4Le.zbsjIwks4khHZORnApHlh6Re8WJnhC	2026-06-16 07:43:46.486093+00	\N		\N		\N			\N	2026-06-22 04:47:59.469389+00	{"provider": "email", "providers": ["email"]}	{"username": "ivancoroi", "full_name": "Ivan Coroi", "email_verified": true}	\N	2026-06-16 07:43:46.477284+00	2026-06-22 10:24:23.931951+00	\N	\N			\N		0	\N		\N	f	\N	f
00000000-0000-0000-0000-000000000000	efaf85bf-1e4c-4933-b062-1110a5181f16	authenticated	authenticated	yunalbekir@cjb.local	$2a$10$vwP2JpgBbe5NKg6SuoTXS.e/r/Ks60d.Y8JPJB8A48QGI4.Ib3Z8a	2026-06-15 17:48:19.683453+00	\N		\N		\N			\N	2026-06-16 14:57:05.705768+00	{"provider": "email", "providers": ["email"]}	{"username": "yunalbekir", "full_name": "Yunal Bekir", "email_verified": true}	\N	2026-06-15 17:48:19.656127+00	2026-06-20 09:19:29.392003+00	\N	\N			\N		0	\N		\N	f	\N	f
00000000-0000-0000-0000-000000000000	39e2ad12-c499-4e7a-b1f4-914506da8514	authenticated	authenticated	ardianshavelli@cjb.local	$2a$10$pkkR7oN0678z/f.6TLPCeOTyWGX.EIxhYq.veaclwzctcu4nuqbAm	2026-06-16 07:30:51.652291+00	\N		\N		\N			\N	\N	{"provider": "email", "providers": ["email"]}	{"username": "ardianshavelli", "full_name": "Ardian Shavelli", "email_verified": true}	\N	2026-06-16 07:30:51.623048+00	2026-06-16 07:30:51.653955+00	\N	\N			\N		0	\N		\N	f	\N	f
00000000-0000-0000-0000-000000000000	688acb8f-4288-4754-b615-d898938d9256	authenticated	authenticated	francisbirmingham@cjb.local	$2a$10$/g14DLxQk.EaMnGC3Dg0X.vLLcNaJAdrDtXnYJxlxjCmXWQamTWrG	2026-06-16 07:35:38.765377+00	\N		\N		\N			\N	\N	{"provider": "email", "providers": ["email"]}	{"username": "francisbirmingham", "full_name": "Francis Birmingham", "email_verified": true}	\N	2026-06-16 07:35:38.761621+00	2026-06-16 07:35:38.766099+00	\N	\N			\N		0	\N		\N	f	\N	f
00000000-0000-0000-0000-000000000000	424451a7-7620-470a-a700-88ec2b14b64f	authenticated	authenticated	thanaspetro@cjb.local	$2a$10$hBM.gbo93YfPasMvs9M36eBSjRV.rBK1m7JPCHubTcd2NadejiDpa	2026-06-16 07:32:36.165097+00	\N		\N		\N			\N	\N	{"provider": "email", "providers": ["email"]}	{"username": "thanaspetro", "full_name": "Thanas Petro", "email_verified": true}	\N	2026-06-16 07:32:36.152673+00	2026-06-16 07:32:36.166102+00	\N	\N			\N		0	\N		\N	f	\N	f
00000000-0000-0000-0000-000000000000	9d2863fc-0252-4cfe-be88-d19047ffa885	authenticated	authenticated	ionchindris@cjb.local	$2a$10$E2pI7eK0xtkQEK35WsOdFe6hYc8Ph8NA5fWU3ieevGTh5vvt7/BDa	2026-06-16 07:37:21.276336+00	\N		\N		\N			\N	\N	{"provider": "email", "providers": ["email"]}	{"username": "ionchindris", "full_name": "Ion Chindris", "email_verified": true}	\N	2026-06-16 07:37:21.257606+00	2026-06-16 07:37:21.277131+00	\N	\N			\N		0	\N		\N	f	\N	f
00000000-0000-0000-0000-000000000000	52afddec-3cae-42ce-9092-8440e1fa8014	authenticated	authenticated	defrimkasa@cjb.local	$2a$10$zeDps1S/mb3Uwgv4ziWP7eem/VahOCNmVUE1OkRw805FKIZyhI0pa	2026-06-16 07:33:09.207151+00	\N		\N		\N			\N	\N	{"provider": "email", "providers": ["email"]}	{"username": "defrimkasa", "full_name": "Defrim Kasa", "email_verified": true}	\N	2026-06-16 07:33:09.166836+00	2026-06-16 07:33:09.208761+00	\N	\N			\N		0	\N		\N	f	\N	f
00000000-0000-0000-0000-000000000000	7e790d8a-20b5-4a45-93b0-291987eff0f1	authenticated	authenticated	linasbutkus@cjb.local	$2a$10$NmUPYnGK/0Pa9t8ElD/S.eT1X7jCMMmVccYj7HEEWjI3.iaheByF.	2026-06-17 16:25:21.743243+00	\N		\N		\N			\N	2026-06-17 16:37:39.482425+00	{"provider": "email", "providers": ["email"]}	{"username": "linasbutkus", "full_name": "Linas Butkus", "email_verified": true}	\N	2026-06-17 16:25:21.707785+00	2026-06-18 16:18:52.083825+00	\N	\N			\N		0	\N		\N	f	\N	f
00000000-0000-0000-0000-000000000000	5af69b55-ef40-4fc8-8430-71f1a19f8f75	authenticated	authenticated	iulianmuscu@cjb.local	$2a$10$l4MFc56RDz98qh1JFtx3NuzEzUHniNfJc/qZ/H9f9JmRVCrEnHjYW	2026-06-16 07:36:09.372603+00	\N		\N		\N			\N	2026-06-20 10:04:22.823571+00	{"provider": "email", "providers": ["email"]}	{"username": "iulianmuscu", "full_name": "Iulian Muscu", "email_verified": true}	\N	2026-06-16 07:36:09.369777+00	2026-06-20 10:04:22.912379+00	\N	\N			\N		0	\N		\N	f	\N	f
00000000-0000-0000-0000-000000000000	a5c46085-e9c5-4c24-ad52-3aaf0eb75ced	authenticated	authenticated	cristianfaraon@cjb.local	$2a$10$XFaIPwxSroOA5wjgBNLqWOYaqyeo8mNnJate2hGtJlpYQeEvRaA..	2026-06-16 07:36:37.590619+00	\N		\N		\N			\N	\N	{"provider": "email", "providers": ["email"]}	{"username": "cristianfaraon", "full_name": "Cristian Faraon", "email_verified": true}	\N	2026-06-16 07:36:37.587806+00	2026-06-16 07:36:37.59124+00	\N	\N			\N		0	\N		\N	f	\N	f
00000000-0000-0000-0000-000000000000	2968342a-95a1-46e5-a23c-c392fce4f451	authenticated	authenticated	andreiachim@cjb.local	$2a$10$UcJ7cV2JEyXDKM70ZT4mb.gaK3FH/lP4GKrunw7GgbrP4qkwEioi6	2026-06-16 07:37:46.696211+00	\N		\N		\N			\N	\N	{"provider": "email", "providers": ["email"]}	{"username": "andreiachim", "full_name": "Andrei Achim", "email_verified": true}	\N	2026-06-16 07:37:46.687443+00	2026-06-16 07:37:46.696806+00	\N	\N			\N		0	\N		\N	f	\N	f
00000000-0000-0000-0000-000000000000	0249ef1d-3838-47cb-b070-17304161723e	authenticated	authenticated	marianstan@cjb.local	$2a$10$1r.TUWIOeGYaDptcvneCNOw4x.u2NR8rNm5aNwFlC2sKtf/ikjDZS	2026-06-16 07:41:52.37254+00	\N		\N		\N			\N	2026-06-20 10:30:59.033349+00	{"provider": "email", "providers": ["email"]}	{"username": "marianstan", "full_name": "Marian Stan", "email_verified": true}	\N	2026-06-16 07:41:52.365929+00	2026-06-20 10:30:59.221176+00	\N	\N			\N		0	\N		\N	f	\N	f
00000000-0000-0000-0000-000000000000	e40c047f-b7e9-4f41-b20a-209baed651ac	authenticated	authenticated	eremantudor@cjb.local	$2a$10$tL6Sn3hfXa5zLK4mjgNERO0NjgQqRn7WZXXRXY8XS0.tRufeU54lO	2026-06-16 07:41:21.211709+00	\N		\N		\N			\N	2026-06-20 15:15:30.116299+00	{"provider": "email", "providers": ["email"]}	{"username": "eremantudor", "full_name": "Ereman Tudor", "email_verified": true}	\N	2026-06-16 07:41:21.208085+00	2026-06-20 16:50:42.521736+00	\N	\N			\N		0	\N		\N	f	\N	f
00000000-0000-0000-0000-000000000000	feddbb7c-71f0-4ec5-916c-4a2cdaa517a2	authenticated	authenticated	oleksiishulha@cjb.local	$2a$10$Jjii3HXniVh9LGf30sEWjOnKqkJywK7u/WHKMfg7rR1OwLXBz5PAK	2026-06-17 16:37:07.988245+00	\N		\N		\N			\N	\N	{"provider": "email", "providers": ["email"]}	{"username": "oleksiishulha", "full_name": "Oleksii Shulha", "email_verified": true}	\N	2026-06-17 16:37:07.985131+00	2026-06-17 16:37:07.988962+00	\N	\N			\N		0	\N		\N	f	\N	f
00000000-0000-0000-0000-000000000000	044214c4-2c02-4f1c-a8e8-edcb23b9cb62	authenticated	authenticated	gheorgheburlica@cjb.local	$2a$10$mxv.rsF8Vmw87mJzKfeUvu8NL/0iyMje/5ZCn30MeYPbqGtmykHUW	2026-06-16 07:40:33.338102+00	\N		\N		\N			\N	2026-06-22 10:33:12.457812+00	{"provider": "email", "providers": ["email"]}	{"username": "gheorgheburlica", "full_name": "Gheorghe Burlica", "email_verified": true}	\N	2026-06-16 07:40:33.335012+00	2026-06-22 14:16:47.599943+00	\N	\N			\N		0	\N		\N	f	\N	f
00000000-0000-0000-0000-000000000000	19791a1c-fe79-4c25-9175-506bde74134f	authenticated	authenticated	mariusioan@cjb.local	$2a$10$ZEBk2Pya6vqP0A1aTNbu5uDzDj0rsNdZVy40VoolfWgxQE.eJhH5O	2026-06-16 07:38:52.563922+00	\N		\N		\N			\N	\N	{"provider": "email", "providers": ["email"]}	{"username": "mariusioan", "full_name": "Marius Ioan", "email_verified": true}	\N	2026-06-16 07:38:52.53847+00	2026-06-16 07:38:52.564763+00	\N	\N			\N		0	\N		\N	f	\N	f
00000000-0000-0000-0000-000000000000	49952daf-c3ea-4cb6-a4e6-87a1199a6d89	authenticated	authenticated	stefanrusu@cjb.local	$2a$10$cDDgtwS0LtqBy/gCXTGxtuz6WyeWxZRPr.9nXT1P/9z1leLMXpRke	2026-06-13 01:25:30.734635+00	\N		\N		\N			\N	\N	{"provider": "email", "providers": ["email"]}	{"username": "stefanrusu", "full_name": "Stefan Rusu", "email_verified": true}	\N	2026-06-13 01:25:30.729758+00	2026-06-13 01:25:30.735462+00	\N	\N			\N		0	\N		\N	f	\N	f
00000000-0000-0000-0000-000000000000	f7433041-0a01-4d8c-a883-46a0f3c92152	authenticated	authenticated	eugendib@cjb.local	$2a$10$Yexo84QKmkVti/3p7sF53eRT4l9N4M1AtV411X4kpdaNeifzf0H0S	2026-06-16 07:42:42.856224+00	\N		\N		\N			\N	2026-06-22 14:50:10.944467+00	{"provider": "email", "providers": ["email"]}	{"username": "eugendib", "full_name": "Eugen Dib", "email_verified": true}	\N	2026-06-16 07:42:42.853028+00	2026-06-22 16:20:36.110273+00	\N	\N			\N		0	\N		\N	f	\N	f
00000000-0000-0000-0000-000000000000	3932d151-3fc9-4539-ae2c-31032ec99202	authenticated	authenticated	costeaeugen@cjb.local	$2a$10$5zasb.XN3V6JPKCW6mNYu.Kna9hwm9lYMS2epgdhHiBRtnuPr3yNq	2026-06-13 01:24:44.458176+00	\N		\N		\N			\N	2026-06-21 11:50:54.966886+00	{"provider": "email", "providers": ["email"]}	{"username": "costeaeugen", "full_name": "Costea Eugen", "email_verified": true}	\N	2026-06-13 01:24:44.3427+00	2026-06-21 16:30:05.584161+00	\N	\N			\N		0	\N		\N	f	\N	f
00000000-0000-0000-0000-000000000000	a46f113c-b5c3-4309-a2e1-b20a173d0d20	authenticated	authenticated	floriniamandi@cjb.local	$2a$10$RSnBrfqJogiIYiLAkMz7Oup8toMOdnJPvo/CmQJoNUjhyxM1DCIXK	2026-06-13 01:12:40.481462+00	\N		\N		\N			\N	2026-06-22 06:32:43.545791+00	{"provider": "email", "providers": ["email"]}	{"username": "floriniamandi", "full_name": "Florin Iamandi", "email_verified": true}	\N	2026-06-13 01:12:40.47669+00	2026-06-22 06:32:43.563217+00	\N	\N			\N		0	\N		\N	f	\N	f
00000000-0000-0000-0000-000000000000	a8aeff32-1421-43a7-8da5-a66278adba47	authenticated	authenticated	albankamberi@cjb.local	$2a$10$M3NfEU/KEWIUXVtTYhCckuebhXRZLeriiqqRLP4mKeB1Dbkoxh72e	2026-06-16 07:31:27.121144+00	\N		\N		\N			\N	\N	{"provider": "email", "providers": ["email"]}	{"username": "albankamberi", "full_name": "Alban Kamberi", "email_verified": true}	\N	2026-06-16 07:31:27.117554+00	2026-06-16 07:31:27.122025+00	\N	\N			\N		0	\N		\N	f	\N	f
00000000-0000-0000-0000-000000000000	b673c078-c84b-48c8-845d-6aeceb94b19a	authenticated	authenticated	alexandruivan@cjb.local	$2a$10$dSzEt71vHvqm8zON5LvAEOUY4gkLa.xtvztS4ONX5FyUwetKp1gOq	2026-06-16 07:44:27.402703+00	\N		\N		\N			\N	\N	{"provider": "email", "providers": ["email"]}	{"username": "alexandruivan", "full_name": "Alexandru Cornel Ivan", "email_verified": true}	\N	2026-06-16 07:44:27.376046+00	2026-06-16 07:44:27.403934+00	\N	\N			\N		0	\N		\N	f	\N	f
00000000-0000-0000-0000-000000000000	e8371995-63a7-43de-a944-87ea9859edbd	authenticated	authenticated	mykhailoromanovych@cjb.local	$2a$10$EO4do9/XH6x3OOX24nqL1uYCvVkH09auQsiJ1MSBnrRfFV2.dEzK.	2026-06-17 16:35:08.803789+00	\N		\N		\N			\N	\N	{"provider": "email", "providers": ["email"]}	{"username": "mykhailoromanovych", "full_name": "Mykhailo Romanovych", "email_verified": true}	\N	2026-06-17 16:35:08.795216+00	2026-06-17 16:35:08.80444+00	\N	\N			\N		0	\N		\N	f	\N	f
00000000-0000-0000-0000-000000000000	f64b5eee-d09e-4b3f-bd65-9f9a940927ad	authenticated	authenticated	oleksandrokishor@cjb.local	$2a$10$YJSCYtv4S1ZGv9x8yPA8jOkB26RKukM3/VYLU7JyTLwIXSSCBxclu	2026-06-17 16:34:28.524644+00	\N		\N		\N			\N	\N	{"provider": "email", "providers": ["email"]}	{"username": "oleksandrokishor", "full_name": "Oleksandr Okishor", "email_verified": true}	\N	2026-06-17 16:34:28.494283+00	2026-06-17 16:34:28.52692+00	\N	\N			\N		0	\N		\N	f	\N	f
00000000-0000-0000-0000-000000000000	a8f2b105-eea2-4fb1-9570-8c48381481c9	authenticated	authenticated	simioncocarca@cjb.local	$2a$10$hdcJeKlRFXoV.dq/kh0a6u14myyU5L14TYOmi/7R7uGgvtxhtmKoK	2026-06-17 16:35:45.807191+00	\N		\N		\N			\N	\N	{"provider": "email", "providers": ["email"]}	{"username": "simioncocarca", "full_name": "Simion Cocarca", "email_verified": true}	\N	2026-06-17 16:35:45.79518+00	2026-06-17 16:35:45.808127+00	\N	\N			\N		0	\N		\N	f	\N	f
00000000-0000-0000-0000-000000000000	c78c1158-49da-4c16-96cb-e0b58d8d61a7	authenticated	authenticated	mykytavolkov@cjb.local	$2a$10$ZAfqb0rR0vWGJSpbtARFseJqO/rNxqYlc2twipV19BROFEFDRbc8m	2026-06-17 16:36:33.276972+00	\N		\N		\N			\N	\N	{"provider": "email", "providers": ["email"]}	{"username": "mykytavolkov", "full_name": "Mykyta Volkov", "email_verified": true}	\N	2026-06-17 16:36:33.274066+00	2026-06-17 16:36:33.277839+00	\N	\N			\N		0	\N		\N	f	\N	f
00000000-0000-0000-0000-000000000000	5d2b0a94-cb50-433e-b654-525045548590	authenticated	authenticated	ionutpetre@cjb.local	$2a$10$f/u56yjW/Hd0EujVr5BDb.KIoQy0iqHifOU.5t/MDYv8jUUs6SoPC	2026-06-16 07:40:06.426194+00	\N		\N		\N			\N	2026-06-20 13:58:15.716133+00	{"provider": "email", "providers": ["email"]}	{"username": "ionutpetre", "full_name": "Ionut Petre", "email_verified": true}	\N	2026-06-16 07:40:06.417307+00	2026-06-20 13:58:15.921347+00	\N	\N			\N		0	\N		\N	f	\N	f
00000000-0000-0000-0000-000000000000	e4108e51-f590-4296-82a4-be5627bb187f	authenticated	authenticated	catalinandronic@cjb.local	$2a$10$nRkRO/Wjn6E7kU9wUDW/iuP7Z0pvGEUl.q7U7cOTxS2BzAxi1l3Em	2026-06-16 07:41:01.956259+00	\N		\N		\N			\N	2026-06-20 16:50:21.186309+00	{"provider": "email", "providers": ["email"]}	{"username": "catalinandronic", "full_name": "Catalin Andronic", "email_verified": true}	\N	2026-06-16 07:41:01.933777+00	2026-06-20 16:50:21.413742+00	\N	\N			\N		0	\N		\N	f	\N	f
00000000-0000-0000-0000-000000000000	85754a1b-816f-4575-906e-5139f3587788	authenticated	authenticated	test@cjb.local	$2a$10$uZxf93AuDTSgdOVjFiMbAOWNnBVvlyb6mS3fBA7Ai7D1e1olt3vwy	2026-06-22 08:45:15.672504+00	\N		\N		\N			\N	2026-06-22 09:04:16.674252+00	{"provider": "email", "providers": ["email"]}	{"username": "test", "full_name": "test", "email_verified": true}	\N	2026-06-22 08:45:15.628462+00	2026-06-22 09:04:16.700014+00	\N	\N			\N		0	\N		\N	f	\N	f
00000000-0000-0000-0000-000000000000	55fe5d03-5dde-4508-9f57-6a1db5db779b	authenticated	authenticated	gheorghemihalcea@cjb.local	$2a$10$wBEsLqH35Rv8OIGDKVhFnuvB8mCcD4D1/dL.62z0Su940VW.02vam	2026-06-13 01:25:57.579295+00	\N		\N		\N			\N	2026-06-22 09:43:10.621059+00	{"provider": "email", "providers": ["email"]}	{"username": "gheorghemihalcea", "full_name": "Gheorghe Mihalcea", "email_verified": true}	\N	2026-06-13 01:25:57.571714+00	2026-06-22 09:43:10.742566+00	\N	\N			\N		0	\N		\N	f	\N	f
00000000-0000-0000-0000-000000000000	3e73d6f4-44e6-4f1e-8f96-e2b2cacb1141	authenticated	authenticated	ramonpreda@cjb.local	$2a$10$wtHpqGFxLvko11QJWPK7VuU0TRlO7xmYCjiGG62EThfAjXtnblTt.	2026-06-13 01:26:56.478626+00	\N		\N		\N			\N	2026-06-22 08:05:42.181443+00	{"provider": "email", "providers": ["email"]}	{"username": "ramonpreda", "full_name": "Ramon Preda", "email_verified": true}	\N	2026-06-13 01:26:56.475055+00	2026-06-22 16:06:54.906224+00	\N	\N			\N		0	\N		\N	f	\N	f
00000000-0000-0000-0000-000000000000	f5adc8bf-b6df-4d42-989a-ffe879b73b87	authenticated	authenticated	aurelianstefu@cjb.local	$2a$10$u9bMgjibSjiHJUfgq4GPRum0QRUA24kPz4pIc3n2wa1c1HmOaT012	2026-06-13 01:26:38.859702+00	\N		\N		\N			\N	2026-06-22 05:41:32.0574+00	{"provider": "email", "providers": ["email"]}	{"username": "aurelianstefu", "full_name": "Aurelian Stefu", "email_verified": true}	\N	2026-06-13 01:26:38.835329+00	2026-06-22 19:29:28.99617+00	\N	\N			\N		0	\N		\N	f	\N	f
00000000-0000-0000-0000-000000000000	87c10d8e-e4b4-4871-a0bf-2d454e855fb2	authenticated	authenticated	sherifhema@cjb.local	$2a$10$3opfSTHUsK6dSBF.YFoCreYS9amjvw/tcPBpH7cFPZ9./rJXilSPW	2026-06-16 07:28:39.365641+00	\N		\N		\N			\N	2026-06-22 13:36:32.20655+00	{"provider": "email", "providers": ["email"]}	{"username": "sherifhema", "full_name": "Sherif Hema", "email_verified": true}	\N	2026-06-16 07:28:39.343565+00	2026-06-22 17:23:11.509926+00	\N	\N			\N		0	\N		\N	f	\N	f
00000000-0000-0000-0000-000000000000	713f38a4-7b2c-42b0-8df4-424d54ef5d0f	authenticated	authenticated	kylenaddy@cjb.local	$2a$10$6dLYxh.PtTHjMqXhjHPzbOACavMyMPCagBZ9sztsr7a/JOj1Xi7cm	2026-06-10 19:45:42.55578+00	\N		\N		\N			\N	2026-06-22 19:32:33.688468+00	{"provider": "email", "providers": ["email"]}	{"username": "kylenaddy", "full_name": "Kyle Naddy", "email_verified": true}	\N	2026-06-10 19:45:42.52614+00	2026-06-22 21:14:36.133837+00	\N	\N			\N		0	\N		\N	f	\N	f
00000000-0000-0000-0000-000000000000	62d60f6c-fafd-4b66-b48e-472bfa39d0cd	authenticated	authenticated	grigoritascrivat@cjb.local	$2a$10$fIp7lDzk3gSHeFAIHINX3uEKeGvRUR0rX0.wklj3HOQdU7uxhqRUm	2026-06-13 01:25:05.360801+00	\N		\N		\N			\N	2026-06-22 07:11:17.206634+00	{"provider": "email", "providers": ["email"]}	{"username": "grigoritascrivat", "full_name": "Grigorita Scrivat", "email_verified": true}	\N	2026-06-13 01:25:05.357378+00	2026-06-22 07:11:17.224189+00	\N	\N			\N		0	\N		\N	f	\N	f
00000000-0000-0000-0000-000000000000	66a9dc9f-5b19-4f79-9eb5-1d7cdb49ef82	authenticated	authenticated	constantincostea@cjb.local	$2a$10$T8tz3OmzwyHtNJHf.Zgum.9MNm2Gk3G0URsuKe5rQpnAl8y0HJQDi	2026-06-16 07:35:08.400171+00	\N		\N		\N			\N	2026-06-21 07:24:03.843833+00	{"provider": "email", "providers": ["email"]}	{"username": "constantincostea", "full_name": "Constantin Costea", "email_verified": true}	\N	2026-06-16 07:35:08.375898+00	2026-06-22 07:11:23.414371+00	\N	\N			\N		0	\N		\N	f	\N	f
\.


--
-- Data for Name: identities; Type: TABLE DATA; Schema: auth; Owner: supabase_auth_admin
--

COPY "auth"."identities" ("provider_id", "user_id", "identity_data", "provider", "last_sign_in_at", "created_at", "updated_at", "id") FROM stdin;
713f38a4-7b2c-42b0-8df4-424d54ef5d0f	713f38a4-7b2c-42b0-8df4-424d54ef5d0f	{"sub": "713f38a4-7b2c-42b0-8df4-424d54ef5d0f", "email": "kylenaddy@cjb.local", "email_verified": false, "phone_verified": false}	email	2026-06-10 19:45:42.551073+00	2026-06-10 19:45:42.55113+00	2026-06-10 19:45:42.55113+00	8be0dd6e-94dc-4ac9-8009-6d4d867c7d6a
fe0832db-4ea7-4c23-8cae-9a96d0e70a8c	fe0832db-4ea7-4c23-8cae-9a96d0e70a8c	{"sub": "fe0832db-4ea7-4c23-8cae-9a96d0e70a8c", "email": "alexgheorgon@cjb.local", "email_verified": false, "phone_verified": false}	email	2026-06-11 14:56:16.799861+00	2026-06-11 14:56:16.799915+00	2026-06-11 14:56:16.799915+00	8be5ddc9-77ef-462b-916a-c498cbbcefe3
82cbc827-4809-495a-bd14-9f02bb6d03f9	82cbc827-4809-495a-bd14-9f02bb6d03f9	{"sub": "82cbc827-4809-495a-bd14-9f02bb6d03f9", "email": "nicusortaras@cjb.local", "email_verified": false, "phone_verified": false}	email	2026-06-11 15:02:25.745287+00	2026-06-11 15:02:25.745375+00	2026-06-11 15:02:25.745375+00	dc000441-7a0b-4cbf-b7a4-fd15ece2ff57
473b0582-0fa6-43c3-8f52-ef89bb2810a1	473b0582-0fa6-43c3-8f52-ef89bb2810a1	{"sub": "473b0582-0fa6-43c3-8f52-ef89bb2810a1", "email": "colmbeckwith@cjb.local", "email_verified": false, "phone_verified": false}	email	2026-06-11 15:26:59.355183+00	2026-06-11 15:26:59.355247+00	2026-06-11 15:26:59.355247+00	60d80883-310b-419b-8ed2-7c5ea300c84b
97ed2ada-c2be-4dba-81c1-dc23e9d43ddf	97ed2ada-c2be-4dba-81c1-dc23e9d43ddf	{"sub": "97ed2ada-c2be-4dba-81c1-dc23e9d43ddf", "email": "jordanbest@cjb.local", "email_verified": false, "phone_verified": false}	email	2026-06-11 18:30:55.403833+00	2026-06-11 18:30:55.403888+00	2026-06-11 18:30:55.403888+00	4e891011-2d34-4769-96cb-93e12eaf0f4e
4c9cc9ec-d7c3-4a51-a4d9-5fa75d804e24	4c9cc9ec-d7c3-4a51-a4d9-5fa75d804e24	{"sub": "4c9cc9ec-d7c3-4a51-a4d9-5fa75d804e24", "email": "patrickgoodier@cjb.local", "email_verified": false, "phone_verified": false}	email	2026-06-11 21:42:55.2067+00	2026-06-11 21:42:55.206765+00	2026-06-11 21:42:55.206765+00	a1db562d-8510-427e-be13-c4a3711b538d
c45e2b3b-858e-4cc9-b893-606be19db21e	c45e2b3b-858e-4cc9-b893-606be19db21e	{"sub": "c45e2b3b-858e-4cc9-b893-606be19db21e", "email": "gheorghecostea@cjb.local", "email_verified": false, "phone_verified": false}	email	2026-06-12 08:47:35.565678+00	2026-06-12 08:47:35.565754+00	2026-06-12 08:47:35.565754+00	2f30fe35-a3cb-4355-a0b4-9baa18dd0437
bba10388-e3a5-4e70-a6d7-123fb3f656e5	bba10388-e3a5-4e70-a6d7-123fb3f656e5	{"sub": "bba10388-e3a5-4e70-a6d7-123fb3f656e5", "email": "petrisorgheorghita@cjb.local", "email_verified": false, "phone_verified": false}	email	2026-06-13 00:19:40.239962+00	2026-06-13 00:19:40.240017+00	2026-06-13 00:19:40.240017+00	e733d6d3-c6d8-4ee3-aa9a-4e577024206e
fae5424f-167a-4ad9-ba55-189b684e569b	fae5424f-167a-4ad9-ba55-189b684e569b	{"sub": "fae5424f-167a-4ad9-ba55-189b684e569b", "email": "silviuniculet@cjb.local", "email_verified": false, "phone_verified": false}	email	2026-06-13 01:06:08.237935+00	2026-06-13 01:06:08.237996+00	2026-06-13 01:06:08.237996+00	767721c6-308e-4675-86a3-443529595507
4532cd1f-2752-4aa9-a304-8a66a6fb9875	4532cd1f-2752-4aa9-a304-8a66a6fb9875	{"sub": "4532cd1f-2752-4aa9-a304-8a66a6fb9875", "email": "aurelispas@cjb.local", "email_verified": false, "phone_verified": false}	email	2026-06-13 01:07:07.275526+00	2026-06-13 01:07:07.275574+00	2026-06-13 01:07:07.275574+00	235cb43e-b521-4b00-aafc-a419fe37df9c
fab0cd1f-129b-4cf8-be1c-22667db1930c	fab0cd1f-129b-4cf8-be1c-22667db1930c	{"sub": "fab0cd1f-129b-4cf8-be1c-22667db1930c", "email": "mariuscatafani@cjb.local", "email_verified": false, "phone_verified": false}	email	2026-06-13 01:07:38.162707+00	2026-06-13 01:07:38.162754+00	2026-06-13 01:07:38.162754+00	ab116b60-fd6a-459e-8829-3654e0650db0
d5b9af57-9326-4f03-8595-e1860836a8a5	d5b9af57-9326-4f03-8595-e1860836a8a5	{"sub": "d5b9af57-9326-4f03-8595-e1860836a8a5", "email": "florinrusu@cjb.local", "email_verified": false, "phone_verified": false}	email	2026-06-13 01:08:17.300895+00	2026-06-13 01:08:17.300943+00	2026-06-13 01:08:17.300943+00	7a4f65ef-3bea-491f-b8d9-33eedaa4bb42
a1161bd5-de49-4bb4-8f13-2477365a4309	a1161bd5-de49-4bb4-8f13-2477365a4309	{"sub": "a1161bd5-de49-4bb4-8f13-2477365a4309", "email": "valentinpodaru@cjb.local", "email_verified": false, "phone_verified": false}	email	2026-06-13 01:08:56.163712+00	2026-06-13 01:08:56.171657+00	2026-06-13 01:08:56.171657+00	5c1f507a-32ff-4752-9384-553e6402d83d
85145bb3-01b9-4511-9a5b-a34f9b50c9cf	85145bb3-01b9-4511-9a5b-a34f9b50c9cf	{"sub": "85145bb3-01b9-4511-9a5b-a34f9b50c9cf", "email": "ionstroe@cjb.local", "email_verified": false, "phone_verified": false}	email	2026-06-13 01:09:23.502945+00	2026-06-13 01:09:23.502997+00	2026-06-13 01:09:23.502997+00	0359f147-06f3-4582-926e-74708d8d645b
04a6baa7-cc7f-4c06-84ff-fec3e055b9a3	04a6baa7-cc7f-4c06-84ff-fec3e055b9a3	{"sub": "04a6baa7-cc7f-4c06-84ff-fec3e055b9a3", "email": "gheorghebordeianu@cjb.local", "email_verified": false, "phone_verified": false}	email	2026-06-13 01:10:37.549625+00	2026-06-13 01:10:37.549678+00	2026-06-13 01:10:37.549678+00	09fa371a-b1a3-4dd0-9ad3-26feb8122903
3375295b-b3a3-40af-9cb5-81959e07fa23	3375295b-b3a3-40af-9cb5-81959e07fa23	{"sub": "3375295b-b3a3-40af-9cb5-81959e07fa23", "email": "cristiangheorghita@cjb.local", "email_verified": false, "phone_verified": false}	email	2026-06-13 01:11:07.348431+00	2026-06-13 01:11:07.348476+00	2026-06-13 01:11:07.348476+00	cd9a7c6c-92c9-4a7f-9656-cd11ae070a48
c1b79407-8801-4583-8b57-7a5256333600	c1b79407-8801-4583-8b57-7a5256333600	{"sub": "c1b79407-8801-4583-8b57-7a5256333600", "email": "gheorghitaangheluta@cjb.local", "email_verified": false, "phone_verified": false}	email	2026-06-13 01:11:51.288058+00	2026-06-13 01:11:51.288119+00	2026-06-13 01:11:51.288119+00	9da59fd2-3df5-47d4-9bbf-caf141f12428
1d46ac0e-4581-444e-9a38-caac78d30d53	1d46ac0e-4581-444e-9a38-caac78d30d53	{"sub": "1d46ac0e-4581-444e-9a38-caac78d30d53", "email": "alexfurdui@cjb.local", "email_verified": false, "phone_verified": false}	email	2026-06-13 01:12:18.685804+00	2026-06-13 01:12:18.685857+00	2026-06-13 01:12:18.685857+00	3aae08eb-e5dc-43d9-a895-c357920d2f22
a46f113c-b5c3-4309-a2e1-b20a173d0d20	a46f113c-b5c3-4309-a2e1-b20a173d0d20	{"sub": "a46f113c-b5c3-4309-a2e1-b20a173d0d20", "email": "floriniamandi@cjb.local", "email_verified": false, "phone_verified": false}	email	2026-06-13 01:12:40.479955+00	2026-06-13 01:12:40.480052+00	2026-06-13 01:12:40.480052+00	1837cf4b-0454-42f2-8bb2-c2872f7f518a
3932d151-3fc9-4539-ae2c-31032ec99202	3932d151-3fc9-4539-ae2c-31032ec99202	{"sub": "3932d151-3fc9-4539-ae2c-31032ec99202", "email": "costeaeugen@cjb.local", "email_verified": false, "phone_verified": false}	email	2026-06-13 01:24:44.452191+00	2026-06-13 01:24:44.452249+00	2026-06-13 01:24:44.452249+00	ea1e6d37-4ba0-4096-b951-44d8adc6c48b
62d60f6c-fafd-4b66-b48e-472bfa39d0cd	62d60f6c-fafd-4b66-b48e-472bfa39d0cd	{"sub": "62d60f6c-fafd-4b66-b48e-472bfa39d0cd", "email": "grigoritascrivat@cjb.local", "email_verified": false, "phone_verified": false}	email	2026-06-13 01:25:05.359536+00	2026-06-13 01:25:05.359589+00	2026-06-13 01:25:05.359589+00	3ff6e1c1-6a71-4ae3-83c0-2e5e110205da
49952daf-c3ea-4cb6-a4e6-87a1199a6d89	49952daf-c3ea-4cb6-a4e6-87a1199a6d89	{"sub": "49952daf-c3ea-4cb6-a4e6-87a1199a6d89", "email": "stefanrusu@cjb.local", "email_verified": false, "phone_verified": false}	email	2026-06-13 01:25:30.7333+00	2026-06-13 01:25:30.733354+00	2026-06-13 01:25:30.733354+00	61cfd031-c1d8-46fe-89f5-05eefa5fb9a0
55fe5d03-5dde-4508-9f57-6a1db5db779b	55fe5d03-5dde-4508-9f57-6a1db5db779b	{"sub": "55fe5d03-5dde-4508-9f57-6a1db5db779b", "email": "gheorghemihalcea@cjb.local", "email_verified": false, "phone_verified": false}	email	2026-06-13 01:25:57.574941+00	2026-06-13 01:25:57.574991+00	2026-06-13 01:25:57.574991+00	b5a8c79f-f985-4f80-9a08-560fffa221a4
f5adc8bf-b6df-4d42-989a-ffe879b73b87	f5adc8bf-b6df-4d42-989a-ffe879b73b87	{"sub": "f5adc8bf-b6df-4d42-989a-ffe879b73b87", "email": "aurelianstefu@cjb.local", "email_verified": false, "phone_verified": false}	email	2026-06-13 01:26:38.857362+00	2026-06-13 01:26:38.857434+00	2026-06-13 01:26:38.857434+00	34da9bbb-1323-4d2b-8818-c7665a02c626
3e73d6f4-44e6-4f1e-8f96-e2b2cacb1141	3e73d6f4-44e6-4f1e-8f96-e2b2cacb1141	{"sub": "3e73d6f4-44e6-4f1e-8f96-e2b2cacb1141", "email": "ramonpreda@cjb.local", "email_verified": false, "phone_verified": false}	email	2026-06-13 01:26:56.477261+00	2026-06-13 01:26:56.477308+00	2026-06-13 01:26:56.477308+00	d6a2a197-3bc8-46df-a9f4-0c417a1d507d
efaf85bf-1e4c-4933-b062-1110a5181f16	efaf85bf-1e4c-4933-b062-1110a5181f16	{"sub": "efaf85bf-1e4c-4933-b062-1110a5181f16", "email": "yunalbekir@cjb.local", "email_verified": false, "phone_verified": false}	email	2026-06-15 17:48:19.681445+00	2026-06-15 17:48:19.681507+00	2026-06-15 17:48:19.681507+00	9751c7db-e473-44e2-adfb-cc434d92f349
87c10d8e-e4b4-4871-a0bf-2d454e855fb2	87c10d8e-e4b4-4871-a0bf-2d454e855fb2	{"sub": "87c10d8e-e4b4-4871-a0bf-2d454e855fb2", "email": "sherifhema@cjb.local", "email_verified": false, "phone_verified": false}	email	2026-06-16 07:28:39.360153+00	2026-06-16 07:28:39.360209+00	2026-06-16 07:28:39.360209+00	e1e7149f-f8c5-48a5-b524-57ff4cfa3aae
39e2ad12-c499-4e7a-b1f4-914506da8514	39e2ad12-c499-4e7a-b1f4-914506da8514	{"sub": "39e2ad12-c499-4e7a-b1f4-914506da8514", "email": "ardianshavelli@cjb.local", "email_verified": false, "phone_verified": false}	email	2026-06-16 07:30:51.64937+00	2026-06-16 07:30:51.64943+00	2026-06-16 07:30:51.64943+00	fdd503f1-217d-475b-ba83-acc7696ba57e
a8aeff32-1421-43a7-8da5-a66278adba47	a8aeff32-1421-43a7-8da5-a66278adba47	{"sub": "a8aeff32-1421-43a7-8da5-a66278adba47", "email": "albankamberi@cjb.local", "email_verified": false, "phone_verified": false}	email	2026-06-16 07:31:27.119541+00	2026-06-16 07:31:27.119588+00	2026-06-16 07:31:27.119588+00	20b85806-33b1-43b1-a29a-c9cd91a073f5
424451a7-7620-470a-a700-88ec2b14b64f	424451a7-7620-470a-a700-88ec2b14b64f	{"sub": "424451a7-7620-470a-a700-88ec2b14b64f", "email": "thanaspetro@cjb.local", "email_verified": false, "phone_verified": false}	email	2026-06-16 07:32:36.162716+00	2026-06-16 07:32:36.162775+00	2026-06-16 07:32:36.162775+00	c387cca0-3a63-4afa-979f-893d2b63315c
52afddec-3cae-42ce-9092-8440e1fa8014	52afddec-3cae-42ce-9092-8440e1fa8014	{"sub": "52afddec-3cae-42ce-9092-8440e1fa8014", "email": "defrimkasa@cjb.local", "email_verified": false, "phone_verified": false}	email	2026-06-16 07:33:09.201291+00	2026-06-16 07:33:09.201388+00	2026-06-16 07:33:09.201388+00	98ec9e39-81ab-4e74-8aec-030d7c35702c
66a9dc9f-5b19-4f79-9eb5-1d7cdb49ef82	66a9dc9f-5b19-4f79-9eb5-1d7cdb49ef82	{"sub": "66a9dc9f-5b19-4f79-9eb5-1d7cdb49ef82", "email": "constantincostea@cjb.local", "email_verified": false, "phone_verified": false}	email	2026-06-16 07:35:08.397759+00	2026-06-16 07:35:08.397812+00	2026-06-16 07:35:08.397812+00	f78dcb04-30c3-4433-9c62-5da418229580
688acb8f-4288-4754-b615-d898938d9256	688acb8f-4288-4754-b615-d898938d9256	{"sub": "688acb8f-4288-4754-b615-d898938d9256", "email": "francisbirmingham@cjb.local", "email_verified": false, "phone_verified": false}	email	2026-06-16 07:35:38.763836+00	2026-06-16 07:35:38.763881+00	2026-06-16 07:35:38.763881+00	ee404c9a-aaf6-4098-ac35-92d5bf1be94f
5af69b55-ef40-4fc8-8430-71f1a19f8f75	5af69b55-ef40-4fc8-8430-71f1a19f8f75	{"sub": "5af69b55-ef40-4fc8-8430-71f1a19f8f75", "email": "iulianmuscu@cjb.local", "email_verified": false, "phone_verified": false}	email	2026-06-16 07:36:09.371313+00	2026-06-16 07:36:09.371362+00	2026-06-16 07:36:09.371362+00	008d0991-8e14-41e7-b6fc-5a26fc293510
a5c46085-e9c5-4c24-ad52-3aaf0eb75ced	a5c46085-e9c5-4c24-ad52-3aaf0eb75ced	{"sub": "a5c46085-e9c5-4c24-ad52-3aaf0eb75ced", "email": "cristianfaraon@cjb.local", "email_verified": false, "phone_verified": false}	email	2026-06-16 07:36:37.589397+00	2026-06-16 07:36:37.589447+00	2026-06-16 07:36:37.589447+00	cd451ab4-1970-4246-bf2b-db7db903a545
9d2863fc-0252-4cfe-be88-d19047ffa885	9d2863fc-0252-4cfe-be88-d19047ffa885	{"sub": "9d2863fc-0252-4cfe-be88-d19047ffa885", "email": "ionchindris@cjb.local", "email_verified": false, "phone_verified": false}	email	2026-06-16 07:37:21.274187+00	2026-06-16 07:37:21.274245+00	2026-06-16 07:37:21.274245+00	883eb62b-6692-4405-956c-525749dba817
2968342a-95a1-46e5-a23c-c392fce4f451	2968342a-95a1-46e5-a23c-c392fce4f451	{"sub": "2968342a-95a1-46e5-a23c-c392fce4f451", "email": "andreiachim@cjb.local", "email_verified": false, "phone_verified": false}	email	2026-06-16 07:37:46.689623+00	2026-06-16 07:37:46.689668+00	2026-06-16 07:37:46.689668+00	aae49d3a-5f5d-4d4d-afda-86ce2d940d28
19791a1c-fe79-4c25-9175-506bde74134f	19791a1c-fe79-4c25-9175-506bde74134f	{"sub": "19791a1c-fe79-4c25-9175-506bde74134f", "email": "mariusioan@cjb.local", "email_verified": false, "phone_verified": false}	email	2026-06-16 07:38:52.561389+00	2026-06-16 07:38:52.561442+00	2026-06-16 07:38:52.561442+00	97b649fc-ac36-4d19-916c-079fdea580f6
5d2b0a94-cb50-433e-b654-525045548590	5d2b0a94-cb50-433e-b654-525045548590	{"sub": "5d2b0a94-cb50-433e-b654-525045548590", "email": "ionutpetre@cjb.local", "email_verified": false, "phone_verified": false}	email	2026-06-16 07:40:06.424736+00	2026-06-16 07:40:06.424804+00	2026-06-16 07:40:06.424804+00	61364a80-9811-4056-bf5c-c996ecabc063
044214c4-2c02-4f1c-a8e8-edcb23b9cb62	044214c4-2c02-4f1c-a8e8-edcb23b9cb62	{"sub": "044214c4-2c02-4f1c-a8e8-edcb23b9cb62", "email": "gheorgheburlica@cjb.local", "email_verified": false, "phone_verified": false}	email	2026-06-16 07:40:33.336589+00	2026-06-16 07:40:33.336655+00	2026-06-16 07:40:33.336655+00	8b2e9cab-3d6c-474b-8358-3c69f60913de
e4108e51-f590-4296-82a4-be5627bb187f	e4108e51-f590-4296-82a4-be5627bb187f	{"sub": "e4108e51-f590-4296-82a4-be5627bb187f", "email": "catalinandronic@cjb.local", "email_verified": false, "phone_verified": false}	email	2026-06-16 07:41:01.953241+00	2026-06-16 07:41:01.953305+00	2026-06-16 07:41:01.953305+00	fcda7925-b240-4dce-92ff-e2cfcea55287
e40c047f-b7e9-4f41-b20a-209baed651ac	e40c047f-b7e9-4f41-b20a-209baed651ac	{"sub": "e40c047f-b7e9-4f41-b20a-209baed651ac", "email": "eremantudor@cjb.local", "email_verified": false, "phone_verified": false}	email	2026-06-16 07:41:21.210025+00	2026-06-16 07:41:21.210079+00	2026-06-16 07:41:21.210079+00	89cd6392-e63e-42bc-a27f-b58292a5e668
0249ef1d-3838-47cb-b070-17304161723e	0249ef1d-3838-47cb-b070-17304161723e	{"sub": "0249ef1d-3838-47cb-b070-17304161723e", "email": "marianstan@cjb.local", "email_verified": false, "phone_verified": false}	email	2026-06-16 07:41:52.36901+00	2026-06-16 07:41:52.370256+00	2026-06-16 07:41:52.370256+00	ac3e9ed5-f6b5-40e7-a0dc-3628d80f7f7d
f7433041-0a01-4d8c-a883-46a0f3c92152	f7433041-0a01-4d8c-a883-46a0f3c92152	{"sub": "f7433041-0a01-4d8c-a883-46a0f3c92152", "email": "eugendib@cjb.local", "email_verified": false, "phone_verified": false}	email	2026-06-16 07:42:42.85485+00	2026-06-16 07:42:42.854898+00	2026-06-16 07:42:42.854898+00	2cbfb889-7f29-49bb-86e4-2985f9e6e09c
7790c180-e52f-44da-97c0-e190ec9f233f	7790c180-e52f-44da-97c0-e190ec9f233f	{"sub": "7790c180-e52f-44da-97c0-e190ec9f233f", "email": "ivancoroi@cjb.local", "email_verified": false, "phone_verified": false}	email	2026-06-16 07:43:46.484104+00	2026-06-16 07:43:46.484155+00	2026-06-16 07:43:46.484155+00	f1417097-af1b-49fb-87d2-0f9cb702212f
b673c078-c84b-48c8-845d-6aeceb94b19a	b673c078-c84b-48c8-845d-6aeceb94b19a	{"sub": "b673c078-c84b-48c8-845d-6aeceb94b19a", "email": "alexandruivan@cjb.local", "email_verified": false, "phone_verified": false}	email	2026-06-16 07:44:27.398132+00	2026-06-16 07:44:27.398251+00	2026-06-16 07:44:27.398251+00	c482a142-d7b7-4365-ad94-675c91af0618
7e790d8a-20b5-4a45-93b0-291987eff0f1	7e790d8a-20b5-4a45-93b0-291987eff0f1	{"sub": "7e790d8a-20b5-4a45-93b0-291987eff0f1", "email": "linasbutkus@cjb.local", "email_verified": false, "phone_verified": false}	email	2026-06-17 16:25:21.739345+00	2026-06-17 16:25:21.739405+00	2026-06-17 16:25:21.739405+00	eaccff03-3ea2-4376-abeb-8bed408fb44b
f64b5eee-d09e-4b3f-bd65-9f9a940927ad	f64b5eee-d09e-4b3f-bd65-9f9a940927ad	{"sub": "f64b5eee-d09e-4b3f-bd65-9f9a940927ad", "email": "oleksandrokishor@cjb.local", "email_verified": false, "phone_verified": false}	email	2026-06-17 16:34:28.519167+00	2026-06-17 16:34:28.519245+00	2026-06-17 16:34:28.519245+00	d406fe15-b4f6-4c1c-8cd3-3408aa1414b7
e8371995-63a7-43de-a944-87ea9859edbd	e8371995-63a7-43de-a944-87ea9859edbd	{"sub": "e8371995-63a7-43de-a944-87ea9859edbd", "email": "mykhailoromanovych@cjb.local", "email_verified": false, "phone_verified": false}	email	2026-06-17 16:35:08.800749+00	2026-06-17 16:35:08.80081+00	2026-06-17 16:35:08.80081+00	0b489c5b-1d24-4be4-b547-ac5721a82e60
a8f2b105-eea2-4fb1-9570-8c48381481c9	a8f2b105-eea2-4fb1-9570-8c48381481c9	{"sub": "a8f2b105-eea2-4fb1-9570-8c48381481c9", "email": "simioncocarca@cjb.local", "email_verified": false, "phone_verified": false}	email	2026-06-17 16:35:45.805254+00	2026-06-17 16:35:45.805314+00	2026-06-17 16:35:45.805314+00	8aee93ce-4951-4683-b273-91d361bd0f62
c78c1158-49da-4c16-96cb-e0b58d8d61a7	c78c1158-49da-4c16-96cb-e0b58d8d61a7	{"sub": "c78c1158-49da-4c16-96cb-e0b58d8d61a7", "email": "mykytavolkov@cjb.local", "email_verified": false, "phone_verified": false}	email	2026-06-17 16:36:33.275641+00	2026-06-17 16:36:33.275686+00	2026-06-17 16:36:33.275686+00	a8044d89-c663-407f-b605-a51ad43ecf5f
feddbb7c-71f0-4ec5-916c-4a2cdaa517a2	feddbb7c-71f0-4ec5-916c-4a2cdaa517a2	{"sub": "feddbb7c-71f0-4ec5-916c-4a2cdaa517a2", "email": "oleksiishulha@cjb.local", "email_verified": false, "phone_verified": false}	email	2026-06-17 16:37:07.986616+00	2026-06-17 16:37:07.986671+00	2026-06-17 16:37:07.986671+00	eb86433f-752f-464e-a8ec-c199d1c24c41
de005c4b-55c6-49b8-bb8a-3e546e67b52d	de005c4b-55c6-49b8-bb8a-3e546e67b52d	{"sub": "de005c4b-55c6-49b8-bb8a-3e546e67b52d", "email": "miftarmanaj@cjb.local", "email_verified": false, "phone_verified": false}	email	2026-06-18 12:16:37.349438+00	2026-06-18 12:16:37.349523+00	2026-06-18 12:16:37.349523+00	abfe6c12-8bcd-4ad2-ba60-1da9893b526e
7aad6855-2a47-416a-a13e-f7800ca87940	7aad6855-2a47-416a-a13e-f7800ca87940	{"sub": "7aad6855-2a47-416a-a13e-f7800ca87940", "email": "kastriotstefanidhis@cjb.local", "email_verified": false, "phone_verified": false}	email	2026-06-18 12:18:54.425405+00	2026-06-18 12:18:54.425478+00	2026-06-18 12:18:54.425478+00	b619b445-4e2a-404c-906d-1589f7d13769
85754a1b-816f-4575-906e-5139f3587788	85754a1b-816f-4575-906e-5139f3587788	{"sub": "85754a1b-816f-4575-906e-5139f3587788", "email": "test@cjb.local", "email_verified": false, "phone_verified": false}	email	2026-06-22 08:45:15.667343+00	2026-06-22 08:45:15.667402+00	2026-06-22 08:45:15.667402+00	725f4dd6-137f-42b6-af61-3c51791bbb71
\.


--
-- Data for Name: instances; Type: TABLE DATA; Schema: auth; Owner: supabase_auth_admin
--

COPY "auth"."instances" ("id", "uuid", "raw_base_config", "created_at", "updated_at") FROM stdin;
\.


--
-- Data for Name: oauth_clients; Type: TABLE DATA; Schema: auth; Owner: supabase_auth_admin
--

COPY "auth"."oauth_clients" ("id", "client_secret_hash", "registration_type", "redirect_uris", "grant_types", "client_name", "client_uri", "logo_uri", "created_at", "updated_at", "deleted_at", "client_type", "token_endpoint_auth_method") FROM stdin;
\.


--
-- Data for Name: sessions; Type: TABLE DATA; Schema: auth; Owner: supabase_auth_admin
--

COPY "auth"."sessions" ("id", "user_id", "created_at", "updated_at", "factor_id", "aal", "not_after", "refreshed_at", "user_agent", "ip", "tag", "oauth_client_id", "refresh_token_hmac_key", "refresh_token_counter", "scopes") FROM stdin;
47337355-9d3b-42a4-85c7-a895fab176d8	fae5424f-167a-4ad9-ba55-189b684e569b	2026-06-21 13:04:41.852217+00	2026-06-22 13:46:53.672728+00	\N	aal1	\N	2026-06-22 13:46:53.672618	Mozilla/5.0 (iPhone; CPU iPhone OS 18_6_2 like Mac OS X) AppleWebKit/605.1.15 (KHTML, like Gecko) Version/18.6 Mobile/15E148 Safari/604.1	82.132.244.138	\N	\N	\N	\N	\N
402b5c2d-c426-4c6d-9d04-e6b7ee03ffdf	a1161bd5-de49-4bb4-8f13-2477365a4309	2026-06-21 16:32:46.196805+00	2026-06-22 17:15:16.66496+00	\N	aal1	\N	2026-06-22 17:15:16.664841	Mozilla/5.0 (iPhone; CPU iPhone OS 26_3_0 like Mac OS X) AppleWebKit/605.1.15 (KHTML, like Gecko) CriOS/149.0.7827.137 Mobile/15E148 Safari/604.1	82.132.213.76	\N	\N	\N	\N	\N
902fc61c-1b10-4cc2-a102-7bc58405dbb9	044214c4-2c02-4f1c-a8e8-edcb23b9cb62	2026-06-22 10:33:12.45905+00	2026-06-22 14:16:47.614452+00	\N	aal1	\N	2026-06-22 14:16:47.614337	Mozilla/5.0 (Linux; Android 10; K) AppleWebKit/537.36 (KHTML, like Gecko) Chrome/149.0.0.0 Mobile Safari/537.36	148.252.145.182	\N	\N	\N	\N	\N
a46b9101-f18b-440b-97f1-87383d64c7ca	3e73d6f4-44e6-4f1e-8f96-e2b2cacb1141	2026-06-22 08:05:42.183291+00	2026-06-22 16:06:54.917795+00	\N	aal1	\N	2026-06-22 16:06:54.917686	Mozilla/5.0 (Linux; Android 10; K) AppleWebKit/537.36 (KHTML, like Gecko) SamsungBrowser/30.0 Chrome/143.0.0.0 Mobile Safari/537.36	31.94.6.26	\N	\N	\N	\N	\N
aa083588-83c6-4c4a-84cb-352d2ba43f39	713f38a4-7b2c-42b0-8df4-424d54ef5d0f	2026-06-22 13:50:28.887572+00	2026-06-22 17:16:51.009038+00	\N	aal1	\N	2026-06-22 17:16:51.008901	Mozilla/5.0 (iPhone; CPU iPhone OS 18_7 like Mac OS X) AppleWebKit/605.1.15 (KHTML, like Gecko) Version/26.5 Mobile/15E148 Safari/604.1	31.94.74.105	\N	\N	\N	\N	\N
81d8d9dd-cb72-4118-826f-81cbeb992f1e	bba10388-e3a5-4e70-a6d7-123fb3f656e5	2026-06-21 10:31:53.402181+00	2026-06-22 17:44:02.23106+00	\N	aal1	\N	2026-06-22 17:44:02.230922	Mozilla/5.0 (iPhone; CPU iPhone OS 18_7 like Mac OS X) AppleWebKit/605.1.15 (KHTML, like Gecko) Version/26.2 Mobile/15E148 Safari/604.1	82.132.213.61	\N	\N	\N	\N	\N
ebbee42f-e086-43fd-b5ea-2b552be7efad	d5b9af57-9326-4f03-8595-e1860836a8a5	2026-06-21 06:29:01.336071+00	2026-06-22 15:02:24.432941+00	\N	aal1	\N	2026-06-22 15:02:24.432797	Mozilla/5.0 (Linux; Android 10; K) AppleWebKit/537.36 (KHTML, like Gecko) SamsungBrowser/30.0 Chrome/143.0.0.0 Mobile Safari/537.36	31.94.18.135	\N	\N	\N	\N	\N
62ea1b07-8260-4ceb-bef5-fa8bf9307e2a	713f38a4-7b2c-42b0-8df4-424d54ef5d0f	2026-06-22 19:32:33.689585+00	2026-06-22 20:31:21.159358+00	\N	aal1	\N	2026-06-22 20:31:21.159201	Mozilla/5.0 (iPhone; CPU iPhone OS 18_7 like Mac OS X) AppleWebKit/605.1.15 (KHTML, like Gecko) Mobile/15E148 LovableApp/1.0.9	82.39.96.72	\N	\N	\N	\N	\N
59f331e7-7563-4de7-97a0-5d2bd20f827f	85145bb3-01b9-4511-9a5b-a34f9b50c9cf	2026-06-22 15:44:48.416141+00	2026-06-22 15:44:48.416141+00	\N	aal1	\N	\N	Mozilla/5.0 (Linux; Android 10; K) AppleWebKit/537.36 (KHTML, like Gecko) Chrome/149.0.0.0 Mobile Safari/537.36	148.252.145.138	\N	\N	\N	\N	\N
6e723360-e576-4cde-b650-06b6aa685fd9	fe0832db-4ea7-4c23-8cae-9a96d0e70a8c	2026-06-22 10:20:57.708137+00	2026-06-22 15:54:30.752884+00	\N	aal1	\N	2026-06-22 15:54:30.752763	Mozilla/5.0 (Windows NT 10.0; Win64; x64) AppleWebKit/537.36 (KHTML, like Gecko) Chrome/149.0.0.0 Safari/537.36	148.252.132.40	\N	\N	\N	\N	\N
26ab12c9-9686-4216-a31c-a797f518b261	c45e2b3b-858e-4cc9-b893-606be19db21e	2026-06-22 06:31:39.408805+00	2026-06-22 16:01:54.085028+00	\N	aal1	\N	2026-06-22 16:01:54.084911	Mozilla/5.0 (iPhone; CPU iPhone OS 18_7 like Mac OS X) AppleWebKit/605.1.15 (KHTML, like Gecko) Version/26.5 Mobile/15E148 Safari/604.1	31.94.36.9	\N	\N	\N	\N	\N
711c5492-5da9-4048-8176-cc261a60990f	f7433041-0a01-4d8c-a883-46a0f3c92152	2026-06-22 14:50:10.946728+00	2026-06-22 16:20:36.115937+00	\N	aal1	\N	2026-06-22 16:20:36.115841	Mozilla/5.0 (Linux; Android 10; K) AppleWebKit/537.36 (KHTML, like Gecko) Chrome/150.0.0.0 Mobile Safari/537.36	148.252.140.59	\N	\N	\N	\N	\N
ab26017f-4117-45b4-9984-1d32db4dbdf1	713f38a4-7b2c-42b0-8df4-424d54ef5d0f	2026-06-22 09:13:59.488598+00	2026-06-22 16:25:53.452947+00	\N	aal1	\N	2026-06-22 16:25:53.452845	Mozilla/5.0 (Windows NT 10.0; Win64; x64) AppleWebKit/537.36 (KHTML, like Gecko) Chrome/149.0.0.0 Safari/537.36	85.255.235.12	\N	\N	\N	\N	\N
99c4cea2-6687-40e5-a40a-dc5c92bf2e2c	87c10d8e-e4b4-4871-a0bf-2d454e855fb2	2026-06-22 10:19:14.551811+00	2026-06-22 16:41:53.086739+00	\N	aal1	\N	2026-06-22 16:41:53.08663	Mozilla/5.0 (iPhone; CPU iPhone OS 18_7 like Mac OS X) AppleWebKit/605.1.15 (KHTML, like Gecko) Version/18.7.2 Mobile/15E148 Safari/604.1	148.252.145.237	\N	\N	\N	\N	\N
d6826b75-77ef-4b7e-b38d-7b7115882273	87c10d8e-e4b4-4871-a0bf-2d454e855fb2	2026-06-22 13:36:32.207735+00	2026-06-22 17:23:11.518897+00	\N	aal1	\N	2026-06-22 17:23:11.51876	Mozilla/5.0 (iPhone; CPU iPhone OS 18_7 like Mac OS X) AppleWebKit/605.1.15 (KHTML, like Gecko) Version/18.7.2 Mobile/15E148 Safari/604.1	148.252.145.237	\N	\N	\N	\N	\N
aff0a293-a02b-4a19-acd9-c94bdec570ce	f5adc8bf-b6df-4d42-989a-ffe879b73b87	2026-06-22 05:41:32.058435+00	2026-06-22 19:29:29.007217+00	\N	aal1	\N	2026-06-22 19:29:29.007099	Mozilla/5.0 (Linux; Android 10; K) AppleWebKit/537.36 (KHTML, like Gecko) Chrome/148.0.0.0 Mobile Safari/537.36	148.252.156.187	\N	\N	\N	\N	\N
79abb8f1-ba28-4348-bc8a-ca930f1e9f74	713f38a4-7b2c-42b0-8df4-424d54ef5d0f	2026-06-22 09:56:10.703134+00	2026-06-22 21:14:36.145472+00	\N	aal1	\N	2026-06-22 21:14:36.145361	Mozilla/5.0 (iPhone; CPU iPhone OS 18_7 like Mac OS X) AppleWebKit/605.1.15 (KHTML, like Gecko) Version/26.5 Mobile/15E148 Safari/604.1	82.39.96.72	\N	\N	\N	\N	\N
0d10a1c0-7741-44d5-81a7-c6681037f33e	fae5424f-167a-4ad9-ba55-189b684e569b	2026-06-21 09:16:31.377513+00	2026-06-21 12:56:58.674717+00	\N	aal1	\N	2026-06-21 12:56:58.674586	Mozilla/5.0 (iPhone; CPU iPhone OS 18_6_2 like Mac OS X) AppleWebKit/605.1.15 (KHTML, like Gecko) Version/18.6 Mobile/15E148 Safari/604.1	82.132.234.122	\N	\N	\N	\N	\N
892ce392-c2f8-450f-b1a2-91faa72df2a0	a46f113c-b5c3-4309-a2e1-b20a173d0d20	2026-06-22 06:32:43.54695+00	2026-06-22 06:32:43.54695+00	\N	aal1	\N	\N	Mozilla/5.0 (Linux; Android 10; K) AppleWebKit/537.36 (KHTML, like Gecko) SamsungBrowser/30.0 Chrome/143.0.0.0 Mobile Safari/537.36	31.94.14.92	\N	\N	\N	\N	\N
443ac759-73f2-4dd2-95d0-58db74f7c0af	4532cd1f-2752-4aa9-a304-8a66a6fb9875	2026-06-22 04:15:43.673923+00	2026-06-22 10:18:54.28985+00	\N	aal1	\N	2026-06-22 10:18:54.289745	Mozilla/5.0 (Linux; Android 10; K) AppleWebKit/537.36 (KHTML, like Gecko) Chrome/149.0.0.0 Mobile Safari/537.36	148.252.149.232	\N	\N	\N	\N	\N
1607cbbf-cc6e-4ec3-9092-c04fe6f9b6d2	fab0cd1f-129b-4cf8-be1c-22667db1930c	2026-06-22 05:29:12.961483+00	2026-06-22 05:29:12.961483+00	\N	aal1	\N	\N	Mozilla/5.0 (iPhone; CPU iPhone OS 18_7 like Mac OS X) AppleWebKit/605.1.15 (KHTML, like Gecko) Version/26.2 Mobile/15E148 Safari/604.1	148.252.164.197	\N	\N	\N	\N	\N
8e63d678-7d18-4984-8331-392cd0142266	473b0582-0fa6-43c3-8f52-ef89bb2810a1	2026-06-22 06:01:18.78714+00	2026-06-22 06:01:18.78714+00	\N	aal1	\N	\N	Mozilla/5.0 (Windows NT 10.0; Win64; x64) AppleWebKit/537.36 (KHTML, like Gecko) Chrome/149.0.0.0 Safari/537.36	85.255.235.12	\N	\N	\N	\N	\N
dfcd01d1-c7b3-452b-a645-75617be982eb	c1b79407-8801-4583-8b57-7a5256333600	2026-06-21 09:12:19.671497+00	2026-06-22 06:18:51.086652+00	\N	aal1	\N	2026-06-22 06:18:51.086513	Mozilla/5.0 (Linux; Android 10; K) AppleWebKit/537.36 (KHTML, like Gecko) SamsungBrowser/29.0 Chrome/136.0.0.0 Mobile Safari/537.36	148.252.133.104	\N	\N	\N	\N	\N
db1adc14-e766-4846-9246-91d84f9dd9a7	04a6baa7-cc7f-4c06-84ff-fec3e055b9a3	2026-06-21 11:36:32.522548+00	2026-06-22 06:51:58.364909+00	\N	aal1	\N	2026-06-22 06:51:58.364801	Mozilla/5.0 (Linux; Android 10; K) AppleWebKit/537.36 (KHTML, like Gecko) SamsungBrowser/30.0 Chrome/143.0.0.0 Mobile Safari/537.36	31.94.18.248	\N	\N	\N	\N	\N
fba98ea9-0f68-4306-868e-ea6f3ed89a9f	62d60f6c-fafd-4b66-b48e-472bfa39d0cd	2026-06-22 07:11:17.207795+00	2026-06-22 07:11:17.207795+00	\N	aal1	\N	\N	Mozilla/5.0 (Linux; Android 10; K) AppleWebKit/537.36 (KHTML, like Gecko) SamsungBrowser/30.0 Chrome/143.0.0.0 Mobile Safari/537.36	31.94.66.54	\N	\N	\N	\N	\N
8b5c21bc-f3b4-44bd-9b5e-ef7dcc1b1d5f	66a9dc9f-5b19-4f79-9eb5-1d7cdb49ef82	2026-06-21 07:24:03.845022+00	2026-06-22 07:11:23.415797+00	\N	aal1	\N	2026-06-22 07:11:23.415681	Mozilla/5.0 (Linux; Android 10; K) AppleWebKit/537.36 (KHTML, like Gecko) Chrome/149.0.0.0 Mobile Safari/537.36	148.252.140.220	\N	\N	\N	\N	\N
74cc939b-37b0-48b0-888e-e4b5737e33d5	7790c180-e52f-44da-97c0-e190ec9f233f	2026-06-22 04:47:59.470562+00	2026-06-22 10:24:23.940994+00	\N	aal1	\N	2026-06-22 10:24:23.940872	Mozilla/5.0 (Linux; Android 10; K) AppleWebKit/537.36 (KHTML, like Gecko) Chrome/139.0.0.0 Mobile Safari/537.36	148.252.145.39	\N	\N	\N	\N	\N
047e2478-eaac-4b17-9ab5-b55bcbeb2249	82cbc827-4809-495a-bd14-9f02bb6d03f9	2026-06-22 07:00:40.059478+00	2026-06-22 09:58:06.15419+00	\N	aal1	\N	2026-06-22 09:58:06.154088	Mozilla/5.0 (iPhone; CPU iPhone OS 18_7 like Mac OS X) AppleWebKit/605.1.15 (KHTML, like Gecko) Version/26.5 Mobile/15E148 Safari/604.1	104.28.30.131	\N	\N	\N	\N	\N
405a4e36-53cb-46b7-9fbe-be0507c01840	fab0cd1f-129b-4cf8-be1c-22667db1930c	2026-06-22 10:35:29.83884+00	2026-06-22 10:35:29.83884+00	\N	aal1	\N	\N	Mozilla/5.0 (iPhone; CPU iPhone OS 18_7 like Mac OS X) AppleWebKit/605.1.15 (KHTML, like Gecko) Version/26.2 Mobile/15E148 Safari/604.1	148.252.164.197	\N	\N	\N	\N	\N
dab109b9-a316-438d-8e40-62df8ae68e21	4c9cc9ec-d7c3-4a51-a4d9-5fa75d804e24	2026-06-22 10:47:12.261674+00	2026-06-22 10:47:12.261674+00	\N	aal1	\N	\N	Mozilla/5.0 (iPhone; CPU iPhone OS 18_7 like Mac OS X) AppleWebKit/605.1.15 (KHTML, like Gecko) Version/26.5 Mobile/15E148 Safari/604.1	86.179.100.110	\N	\N	\N	\N	\N
\.


--
-- Data for Name: mfa_amr_claims; Type: TABLE DATA; Schema: auth; Owner: supabase_auth_admin
--

COPY "auth"."mfa_amr_claims" ("session_id", "created_at", "updated_at", "authentication_method", "id") FROM stdin;
accf32a4-c675-43be-ba54-fbcd8a19080c	2026-06-20 10:04:22.939938+00	2026-06-20 10:04:22.939938+00	password	4b24dfdd-8d94-4235-8047-9fcbc656fe09
25c99bd1-6913-40fc-8e54-0591a3f31722	2026-06-15 06:35:32.629623+00	2026-06-15 06:35:32.629623+00	password	ebd6a437-256b-49b9-a41f-7d27ea495771
630f3714-f728-4bc2-8701-f98d93fae3fd	2026-06-15 07:58:10.135834+00	2026-06-15 07:58:10.135834+00	password	ca929832-1202-40c2-843f-61abfd9859c8
6feb2795-977a-4fd2-9cdf-600f08a6fab9	2026-06-15 07:59:58.641457+00	2026-06-15 07:59:58.641457+00	password	9a2f5ea9-dfe2-4586-bfb8-f6c1d3dbd2ae
a36791d2-6b56-488c-8a86-5efd70028b0b	2026-06-20 11:16:36.704053+00	2026-06-20 11:16:36.704053+00	password	fd8d3855-1175-43fd-90d0-454d886ea197
857e841f-12bc-4f47-98fd-b5848b12a6b8	2026-06-15 10:02:23.556156+00	2026-06-15 10:02:23.556156+00	password	43247633-69de-4b1b-bedd-479432aa3100
20ffd821-77a4-475e-aec4-18d191f8e558	2026-06-18 09:31:09.648733+00	2026-06-18 09:31:09.648733+00	password	7797d538-a932-4f5a-939c-7936daae920b
7be85455-4e6f-409e-8c9c-23fb3cc59c7e	2026-06-18 09:43:27.117784+00	2026-06-18 09:43:27.117784+00	password	5e172f78-369e-47df-a2e7-b55950f23b00
bb250d09-0ed0-480e-81c7-1b683e136b53	2026-06-18 09:49:30.47871+00	2026-06-18 09:49:30.47871+00	password	9926693d-fbb5-4a12-ae30-58d831b00251
0b920067-d0f3-4e14-9901-0d4397ee2c4d	2026-06-18 13:27:44.006014+00	2026-06-18 13:27:44.006014+00	password	ab7dc000-2ae0-4c02-afcd-0615976c44e1
09be7fc8-5cbe-43f8-a587-99a0ac5fc94c	2026-06-20 14:16:53.952323+00	2026-06-20 14:16:53.952323+00	password	ea1148da-c610-46c5-abf8-2953e6d43c9d
daa14854-5240-4405-8192-cdae21abf1c3	2026-06-18 13:32:21.659322+00	2026-06-18 13:32:21.659322+00	password	deea96b1-db21-4a88-a8f1-06cbefbd1ac6
2414c284-52df-4839-a37e-c18d47d5fa0a	2026-06-18 13:32:47.138378+00	2026-06-18 13:32:47.138378+00	password	8fb98034-bd6e-41b7-a38d-caf2b86ed950
21b91aae-412b-46e7-9e40-c2ea4bd6b517	2026-06-16 06:54:00.266956+00	2026-06-16 06:54:00.266956+00	password	80d83086-4ad8-42fb-923f-f347e5c00daa
cf587f1d-124c-40ce-a404-5103133847f7	2026-06-16 06:55:05.417377+00	2026-06-16 06:55:05.417377+00	password	464b94f1-f34f-4392-a047-68d7a2863822
5ab454bd-7833-4f1a-845a-850aa7f59e93	2026-06-20 15:15:30.158782+00	2026-06-20 15:15:30.158782+00	password	d27f1061-ac27-4c60-9806-30cb084a6577
7cb8992f-72a4-4b60-933a-f225a4501120	2026-06-20 16:09:46.247978+00	2026-06-20 16:09:46.247978+00	password	92196db8-43e4-4445-b97a-6dfedac367a5
9991d7a2-eb67-4d71-ae93-3ed20301e6a9	2026-06-18 13:47:08.11777+00	2026-06-18 13:47:08.11777+00	password	b6cb5450-ad55-4dd0-97e5-d0a1d02225c6
724a8b9f-4b2a-4bff-9449-32c1097e6e93	2026-06-16 14:53:40.560537+00	2026-06-16 14:53:40.560537+00	password	d519c883-59e8-4391-8167-fa67b8a995e1
f9462cb7-8e87-421b-aad3-0864213d9422	2026-06-18 14:01:01.294421+00	2026-06-18 14:01:01.294421+00	password	f2191eed-71e3-4ec6-b2fc-9d5760d07cfc
51f8c1a9-1cd1-4eb7-bd75-28558097a879	2026-06-16 14:57:05.718343+00	2026-06-16 14:57:05.718343+00	password	de7de5d1-4747-4e99-b29e-931caac37b1a
c3a2076c-ac2d-481d-a63b-a73c29babe20	2026-06-20 16:57:28.777402+00	2026-06-20 16:57:28.777402+00	password	28b9b932-13cd-4b2f-84e3-b4a1a45c877a
b539058e-2aa8-4cef-b21e-b0c2596320bf	2026-06-20 20:09:31.609012+00	2026-06-20 20:09:31.609012+00	password	0bcf77c1-5d5e-4e72-bc56-074c54ca77ba
64d3df6a-43d3-4d61-a15f-c713c34bc0bf	2026-06-20 23:34:36.543155+00	2026-06-20 23:34:36.543155+00	password	fbdf21ed-02c1-449f-850a-f07be101ac90
9dfe6951-a659-4a97-b2d4-7b25e8bf7283	2026-06-17 10:02:23.513633+00	2026-06-17 10:02:23.513633+00	password	99a81fb3-5b54-412a-9946-58a8abec7662
c679fe2b-6e34-46c6-98c3-44328f99dfe3	2026-06-17 15:25:18.412511+00	2026-06-17 15:25:18.412511+00	password	e304a39f-834c-4e98-9785-de2fe1473859
15b9904d-36e6-494a-831c-a1bb8f84b046	2026-06-17 15:31:17.033762+00	2026-06-17 15:31:17.033762+00	password	ed3cc963-4c6d-4061-b611-94ad7e4925c6
5753108a-e8df-47ac-9de9-685b129695b5	2026-06-18 14:26:50.137154+00	2026-06-18 14:26:50.137154+00	password	ee626c05-8172-4c91-a8b5-d59e3084b3fe
2e31695b-9dff-4561-904d-02eb05551c51	2026-06-18 14:37:08.237709+00	2026-06-18 14:37:08.237709+00	password	0e545c1a-7aae-4ac1-9a6a-7b7e3fc10f2c
bb87ba2f-1b1a-409c-bd0a-9359abb2e4b9	2026-06-18 14:37:09.122504+00	2026-06-18 14:37:09.122504+00	password	302085f4-9a91-4083-bb94-3530ff102518
b93cafc3-056b-4379-8b82-de461b4aa746	2026-06-17 16:37:39.48701+00	2026-06-17 16:37:39.48701+00	password	669ae14a-703c-4c78-8588-97cce6e48241
137eb6c9-e4c1-4af3-84e6-3a8c443844ab	2026-06-18 15:04:16.602419+00	2026-06-18 15:04:16.602419+00	password	52186a2a-3577-40fc-9809-5908b956128d
98216a68-a143-46cd-b13f-6070cce20156	2026-06-18 15:58:40.303719+00	2026-06-18 15:58:40.303719+00	password	47701aef-8690-47f5-8d69-2d46f5a8bd8c
761f7568-a162-403e-be2a-87a1bede982b	2026-06-19 12:42:10.121848+00	2026-06-19 12:42:10.121848+00	password	8e3f31d6-67d0-4b68-9c85-cfd8d56f13e8
5275f904-c23b-4473-85e5-1b494487aa4f	2026-06-19 19:13:05.36445+00	2026-06-19 19:13:05.36445+00	password	4cd05d82-8e31-4785-82e9-bd092ff71430
38f7f7e5-9093-48af-93c5-befc6cb4df5a	2026-06-19 21:06:26.361911+00	2026-06-19 21:06:26.361911+00	password	e924b70b-df90-455c-83f4-88139f28adbd
ebbee42f-e086-43fd-b5ea-2b552be7efad	2026-06-21 06:29:01.398024+00	2026-06-21 06:29:01.398024+00	password	73ff2b48-135f-4d6e-81d2-7c21cdc57176
8b5c21bc-f3b4-44bd-9b5e-ef7dcc1b1d5f	2026-06-21 07:24:03.88022+00	2026-06-21 07:24:03.88022+00	password	5f4d9045-afcf-4ee0-ad17-54f9b8218c48
dfcd01d1-c7b3-452b-a645-75617be982eb	2026-06-21 09:12:19.736731+00	2026-06-21 09:12:19.736731+00	password	de57ed63-b891-4137-8402-3035bb9fa61d
0d10a1c0-7741-44d5-81a7-c6681037f33e	2026-06-21 09:16:31.397208+00	2026-06-21 09:16:31.397208+00	password	de9f4da6-2934-4e5f-99d7-db7020f6bc93
81d8d9dd-cb72-4118-826f-81cbeb992f1e	2026-06-21 10:31:53.455906+00	2026-06-21 10:31:53.455906+00	password	097e89aa-620a-487c-8b9a-1f03142b4b74
db1adc14-e766-4846-9246-91d84f9dd9a7	2026-06-21 11:36:32.553272+00	2026-06-21 11:36:32.553272+00	password	2c3b6dfa-387a-499e-85b0-47b705c98fd4
47337355-9d3b-42a4-85c7-a895fab176d8	2026-06-21 13:04:41.89602+00	2026-06-21 13:04:41.89602+00	password	b8dbe097-8249-4bd0-99a7-20c21e34d089
402b5c2d-c426-4c6d-9d04-e6b7ee03ffdf	2026-06-21 16:32:46.232381+00	2026-06-21 16:32:46.232381+00	password	12dad6fb-71dc-432c-ac75-7d00bf2dcd56
443ac759-73f2-4dd2-95d0-58db74f7c0af	2026-06-22 04:15:43.729056+00	2026-06-22 04:15:43.729056+00	password	d693bf88-ff6d-4f1b-81fe-ae3aa86b5aab
74cc939b-37b0-48b0-888e-e4b5737e33d5	2026-06-22 04:47:59.527992+00	2026-06-22 04:47:59.527992+00	password	beb99fed-eebc-47aa-b743-b316508c4190
1607cbbf-cc6e-4ec3-9092-c04fe6f9b6d2	2026-06-22 05:29:13.018483+00	2026-06-22 05:29:13.018483+00	password	17edd28b-c53e-4f26-b6a2-9904077acffa
aff0a293-a02b-4a19-acd9-c94bdec570ce	2026-06-22 05:41:32.146549+00	2026-06-22 05:41:32.146549+00	password	3c9abc76-a7b1-4ef2-b5ff-9cd9abf78c65
8e63d678-7d18-4984-8331-392cd0142266	2026-06-22 06:01:18.805104+00	2026-06-22 06:01:18.805104+00	password	1595cc2d-8c8d-4685-ace2-abf6b54da6bd
26ab12c9-9686-4216-a31c-a797f518b261	2026-06-22 06:31:39.477139+00	2026-06-22 06:31:39.477139+00	password	cbe29a59-4775-4b46-ba2a-97c6c6b97cc8
892ce392-c2f8-450f-b1a2-91faa72df2a0	2026-06-22 06:32:43.567452+00	2026-06-22 06:32:43.567452+00	password	79edaf06-ce38-44fe-8256-7b836236bdeb
047e2478-eaac-4b17-9ab5-b55bcbeb2249	2026-06-22 07:00:40.142008+00	2026-06-22 07:00:40.142008+00	password	0bbe51d2-88ca-4f0b-afd8-5489b34c755a
fba98ea9-0f68-4306-868e-ea6f3ed89a9f	2026-06-22 07:11:17.226922+00	2026-06-22 07:11:17.226922+00	password	0c057190-ff93-4535-b50b-335cd1899dd7
a46b9101-f18b-440b-97f1-87383d64c7ca	2026-06-22 08:05:42.242098+00	2026-06-22 08:05:42.242098+00	password	df8c590d-c71b-4417-bf9b-cd47b95e2a45
ab26017f-4117-45b4-9984-1d32db4dbdf1	2026-06-22 09:13:59.538354+00	2026-06-22 09:13:59.538354+00	password	14d2f618-e84e-4a2b-b819-babdd6c0629f
79abb8f1-ba28-4348-bc8a-ca930f1e9f74	2026-06-22 09:56:10.73464+00	2026-06-22 09:56:10.73464+00	password	e840c45e-f8b0-485d-a415-448a060336ef
99c4cea2-6687-40e5-a40a-dc5c92bf2e2c	2026-06-22 10:19:14.581893+00	2026-06-22 10:19:14.581893+00	password	3ab7466a-c4a7-4b12-8fbd-1fa5e66152f4
6e723360-e576-4cde-b650-06b6aa685fd9	2026-06-22 10:20:57.718999+00	2026-06-22 10:20:57.718999+00	password	694bbbd4-18b3-4252-a8ba-84f0840d1775
902fc61c-1b10-4cc2-a102-7bc58405dbb9	2026-06-22 10:33:12.511032+00	2026-06-22 10:33:12.511032+00	password	4dbdbeb5-91c0-4b36-9c66-58b5c368ca99
405a4e36-53cb-46b7-9fbe-be0507c01840	2026-06-22 10:35:29.857486+00	2026-06-22 10:35:29.857486+00	password	78b91cac-d69b-4b99-9960-8157278f2019
dab109b9-a316-438d-8e40-62df8ae68e21	2026-06-22 10:47:12.297686+00	2026-06-22 10:47:12.297686+00	password	089e7091-0446-4998-8cf3-c85d5c179746
d6826b75-77ef-4b7e-b38d-7b7115882273	2026-06-22 13:36:32.263346+00	2026-06-22 13:36:32.263346+00	password	faddfe67-1557-485b-8338-2bb115bc344a
aa083588-83c6-4c4a-84cb-352d2ba43f39	2026-06-22 13:50:28.924187+00	2026-06-22 13:50:28.924187+00	password	4b62c73b-b018-4538-b172-cf4e54b9b8c7
711c5492-5da9-4048-8176-cc261a60990f	2026-06-22 14:50:10.990111+00	2026-06-22 14:50:10.990111+00	password	086e5e76-1e8e-470e-aded-3d41f74258db
59f331e7-7563-4de7-97a0-5d2bd20f827f	2026-06-22 15:44:48.460392+00	2026-06-22 15:44:48.460392+00	password	2969938a-f1de-4c44-ae11-b66350b2789d
62ea1b07-8260-4ceb-bef5-fa8bf9307e2a	2026-06-22 19:32:33.709667+00	2026-06-22 19:32:33.709667+00	password	05486b15-2009-4f27-b59b-2c966bd3fa55
\.


--
-- Data for Name: mfa_factors; Type: TABLE DATA; Schema: auth; Owner: supabase_auth_admin
--

COPY "auth"."mfa_factors" ("id", "user_id", "friendly_name", "factor_type", "status", "created_at", "updated_at", "secret", "phone", "last_challenged_at", "web_authn_credential", "web_authn_aaguid", "last_webauthn_challenge_data") FROM stdin;
\.


--
-- Data for Name: mfa_challenges; Type: TABLE DATA; Schema: auth; Owner: supabase_auth_admin
--

COPY "auth"."mfa_challenges" ("id", "factor_id", "created_at", "verified_at", "ip_address", "otp_code", "web_authn_session_data") FROM stdin;
\.


--
-- Data for Name: oauth_authorizations; Type: TABLE DATA; Schema: auth; Owner: supabase_auth_admin
--

COPY "auth"."oauth_authorizations" ("id", "authorization_id", "client_id", "user_id", "redirect_uri", "scope", "state", "resource", "code_challenge", "code_challenge_method", "response_type", "status", "authorization_code", "created_at", "expires_at", "approved_at", "nonce") FROM stdin;
\.


--
-- Data for Name: oauth_client_states; Type: TABLE DATA; Schema: auth; Owner: supabase_auth_admin
--

COPY "auth"."oauth_client_states" ("id", "provider_type", "code_verifier", "created_at") FROM stdin;
\.


--
-- Data for Name: oauth_consents; Type: TABLE DATA; Schema: auth; Owner: supabase_auth_admin
--

COPY "auth"."oauth_consents" ("id", "user_id", "client_id", "scopes", "granted_at", "revoked_at") FROM stdin;
\.


--
-- Data for Name: one_time_tokens; Type: TABLE DATA; Schema: auth; Owner: supabase_auth_admin
--

COPY "auth"."one_time_tokens" ("id", "user_id", "token_type", "token_hash", "relates_to", "created_at", "updated_at") FROM stdin;
\.


--
-- Data for Name: refresh_tokens; Type: TABLE DATA; Schema: auth; Owner: supabase_auth_admin
--

COPY "auth"."refresh_tokens" ("instance_id", "id", "token", "user_id", "revoked", "created_at", "updated_at", "parent", "session_id") FROM stdin;
00000000-0000-0000-0000-000000000000	566	clavys2vm5px	04a6baa7-cc7f-4c06-84ff-fec3e055b9a3	t	2026-06-21 11:36:32.542868+00	2026-06-22 04:50:29.369156+00	\N	db1adc14-e766-4846-9246-91d84f9dd9a7
00000000-0000-0000-0000-000000000000	642	zasrbczuixza	82cbc827-4809-495a-bd14-9f02bb6d03f9	f	2026-06-22 09:58:06.147988+00	2026-06-22 09:58:06.147988+00	tt6utqob7pae	047e2478-eaac-4b17-9ab5-b55bcbeb2249
00000000-0000-0000-0000-000000000000	596	ndiqqllnvj3w	bba10388-e3a5-4e70-a6d7-123fb3f656e5	t	2026-06-21 20:53:36.38385+00	2026-06-22 04:58:58.346588+00	gmvuaag5f6un	81d8d9dd-cb72-4118-826f-81cbeb992f1e
00000000-0000-0000-0000-000000000000	593	vji537klnuau	a1161bd5-de49-4bb4-8f13-2477365a4309	t	2026-06-21 19:31:15.758451+00	2026-06-22 10:07:51.253498+00	cv27kijsjh7e	402b5c2d-c426-4c6d-9d04-e6b7ee03ffdf
00000000-0000-0000-0000-000000000000	603	ojyk3esw5kav	fab0cd1f-129b-4cf8-be1c-22667db1930c	f	2026-06-22 05:29:12.992872+00	2026-06-22 05:29:12.992872+00	\N	1607cbbf-cc6e-4ec3-9092-c04fe6f9b6d2
00000000-0000-0000-0000-000000000000	599	s4htufroyyyf	7790c180-e52f-44da-97c0-e190ec9f233f	t	2026-06-22 04:47:59.501808+00	2026-06-22 10:24:23.922895+00	\N	74cc939b-37b0-48b0-888e-e4b5737e33d5
00000000-0000-0000-0000-000000000000	606	uc7gfszn24ev	473b0582-0fa6-43c3-8f52-ef89bb2810a1	f	2026-06-22 06:01:18.799269+00	2026-06-22 06:01:18.799269+00	\N	8e63d678-7d18-4984-8331-392cd0142266
00000000-0000-0000-0000-000000000000	556	oypqiry3hhxp	c1b79407-8801-4583-8b57-7a5256333600	t	2026-06-21 09:12:19.69825+00	2026-06-22 06:18:51.042524+00	\N	dfcd01d1-c7b3-452b-a645-75617be982eb
00000000-0000-0000-0000-000000000000	608	rhhq46hlwosg	c45e2b3b-858e-4cc9-b893-606be19db21e	t	2026-06-22 06:31:39.436582+00	2026-06-22 10:29:22.690552+00	\N	26ab12c9-9686-4216-a31c-a797f518b261
00000000-0000-0000-0000-000000000000	607	6zboxhftjhcn	c1b79407-8801-4583-8b57-7a5256333600	f	2026-06-22 06:18:51.057326+00	2026-06-22 06:18:51.057326+00	oypqiry3hhxp	dfcd01d1-c7b3-452b-a645-75617be982eb
00000000-0000-0000-0000-000000000000	609	z6hgkpeohgd6	a46f113c-b5c3-4309-a2e1-b20a173d0d20	f	2026-06-22 06:32:43.560288+00	2026-06-22 06:32:43.560288+00	\N	892ce392-c2f8-450f-b1a2-91faa72df2a0
00000000-0000-0000-0000-000000000000	651	s2vjghx4prrk	fab0cd1f-129b-4cf8-be1c-22667db1930c	f	2026-06-22 10:35:29.847682+00	2026-06-22 10:35:29.847682+00	\N	405a4e36-53cb-46b7-9fbe-be0507c01840
00000000-0000-0000-0000-000000000000	545	5jdxy7bkxkuk	d5b9af57-9326-4f03-8595-e1860836a8a5	t	2026-06-21 06:29:01.364828+00	2026-06-22 06:36:24.918263+00	\N	ebbee42f-e086-43fd-b5ea-2b552be7efad
00000000-0000-0000-0000-000000000000	604	b26hehfeoy2h	f5adc8bf-b6df-4d42-989a-ffe879b73b87	t	2026-06-22 05:41:32.103013+00	2026-06-22 06:39:55.004429+00	\N	aff0a293-a02b-4a19-acd9-c94bdec570ce
00000000-0000-0000-0000-000000000000	600	a64eufuxotai	04a6baa7-cc7f-4c06-84ff-fec3e055b9a3	t	2026-06-22 04:50:29.37725+00	2026-06-22 06:51:58.328124+00	clavys2vm5px	db1adc14-e766-4846-9246-91d84f9dd9a7
00000000-0000-0000-0000-000000000000	647	ud4zi7lpwbiw	fe0832db-4ea7-4c23-8cae-9a96d0e70a8c	t	2026-06-22 10:20:57.715097+00	2026-06-22 11:19:06.131581+00	\N	6e723360-e576-4cde-b650-06b6aa685fd9
00000000-0000-0000-0000-000000000000	644	3qmbac6yojfr	3e73d6f4-44e6-4f1e-8f96-e2b2cacb1141	t	2026-06-22 10:10:30.077397+00	2026-06-22 11:59:47.282984+00	2t6avd3g5abu	a46b9101-f18b-440b-97f1-87383d64c7ca
00000000-0000-0000-0000-000000000000	547	bespsoklyzcq	66a9dc9f-5b19-4f79-9eb5-1d7cdb49ef82	t	2026-06-21 07:24:03.862015+00	2026-06-22 07:11:23.409759+00	\N	8b5c21bc-f3b4-44bd-9b5e-ef7dcc1b1d5f
00000000-0000-0000-0000-000000000000	612	h7zkkltzsou2	f5adc8bf-b6df-4d42-989a-ffe879b73b87	t	2026-06-22 06:39:55.013699+00	2026-06-22 08:05:48.067992+00	b26hehfeoy2h	aff0a293-a02b-4a19-acd9-c94bdec570ce
00000000-0000-0000-0000-000000000000	598	2gncnlhgsv4r	4532cd1f-2752-4aa9-a304-8a66a6fb9875	t	2026-06-22 04:15:43.706132+00	2026-06-22 08:07:45.499587+00	\N	443ac759-73f2-4dd2-95d0-58db74f7c0af
00000000-0000-0000-0000-000000000000	576	qv3di4bdhoqn	fae5424f-167a-4ad9-ba55-189b684e569b	t	2026-06-21 13:04:41.87961+00	2026-06-22 08:12:15.864858+00	\N	47337355-9d3b-42a4-85c7-a895fab176d8
00000000-0000-0000-0000-000000000000	653	osxogowebagv	713f38a4-7b2c-42b0-8df4-424d54ef5d0f	t	2026-06-22 11:03:29.441192+00	2026-06-22 12:10:30.06994+00	eza5dyazyzf4	79abb8f1-ba28-4348-bc8a-ca930f1e9f74
00000000-0000-0000-0000-000000000000	657	ak2mva2hxa3a	713f38a4-7b2c-42b0-8df4-424d54ef5d0f	t	2026-06-22 12:10:30.077036+00	2026-06-22 13:08:38.818296+00	osxogowebagv	79abb8f1-ba28-4348-bc8a-ca930f1e9f74
00000000-0000-0000-0000-000000000000	659	ylxxz4awogvz	713f38a4-7b2c-42b0-8df4-424d54ef5d0f	t	2026-06-22 13:08:38.837635+00	2026-06-22 14:07:48.516651+00	ak2mva2hxa3a	79abb8f1-ba28-4348-bc8a-ca930f1e9f74
00000000-0000-0000-0000-000000000000	665	w3vpouvwdhsa	044214c4-2c02-4f1c-a8e8-edcb23b9cb62	f	2026-06-22 14:16:47.591909+00	2026-06-22 14:16:47.591909+00	nc7r62nwsxxa	902fc61c-1b10-4cc2-a102-7bc58405dbb9
00000000-0000-0000-0000-000000000000	661	dlcm6ebhcw4e	87c10d8e-e4b4-4871-a0bf-2d454e855fb2	t	2026-06-22 13:36:32.234991+00	2026-06-22 14:43:46.904046+00	\N	d6826b75-77ef-4b7e-b38d-7b7115882273
00000000-0000-0000-0000-000000000000	611	oei2mkchajnd	d5b9af57-9326-4f03-8595-e1860836a8a5	t	2026-06-22 06:36:24.925633+00	2026-06-22 15:02:24.395435+00	5jdxy7bkxkuk	ebbee42f-e086-43fd-b5ea-2b552be7efad
00000000-0000-0000-0000-000000000000	636	g6ftkyy2b5e4	713f38a4-7b2c-42b0-8df4-424d54ef5d0f	t	2026-06-22 09:13:59.518716+00	2026-06-22 15:18:34.205062+00	\N	ab26017f-4117-45b4-9984-1d32db4dbdf1
00000000-0000-0000-0000-000000000000	557	g4e6skezzgbm	fae5424f-167a-4ad9-ba55-189b684e569b	t	2026-06-21 09:16:31.390303+00	2026-06-21 12:56:58.650409+00	\N	0d10a1c0-7741-44d5-81a7-c6681037f33e
00000000-0000-0000-0000-000000000000	573	te7yksnbeknt	fae5424f-167a-4ad9-ba55-189b684e569b	f	2026-06-21 12:56:58.658447+00	2026-06-21 12:56:58.658447+00	g4e6skezzgbm	0d10a1c0-7741-44d5-81a7-c6681037f33e
00000000-0000-0000-0000-000000000000	675	ztc27co2hiz4	fe0832db-4ea7-4c23-8cae-9a96d0e70a8c	f	2026-06-22 15:54:30.741523+00	2026-06-22 15:54:30.741523+00	hhuh6ncewqy4	6e723360-e576-4cde-b650-06b6aa685fd9
00000000-0000-0000-0000-000000000000	649	zejik6jgcfre	c45e2b3b-858e-4cc9-b893-606be19db21e	t	2026-06-22 10:29:22.700132+00	2026-06-22 16:01:54.069941+00	rhhq46hlwosg	26ab12c9-9686-4216-a31c-a797f518b261
00000000-0000-0000-0000-000000000000	655	qce6r3y2klee	3e73d6f4-44e6-4f1e-8f96-e2b2cacb1141	t	2026-06-22 11:59:47.300295+00	2026-06-22 16:06:54.876438+00	3qmbac6yojfr	a46b9101-f18b-440b-97f1-87383d64c7ca
00000000-0000-0000-0000-000000000000	677	qwu3zk6z6nz4	3e73d6f4-44e6-4f1e-8f96-e2b2cacb1141	f	2026-06-22 16:06:54.888716+00	2026-06-22 16:06:54.888716+00	qce6r3y2klee	a46b9101-f18b-440b-97f1-87383d64c7ca
00000000-0000-0000-0000-000000000000	669	46fzs6kqwnjk	f7433041-0a01-4d8c-a883-46a0f3c92152	t	2026-06-22 14:50:10.970638+00	2026-06-22 16:20:36.098021+00	\N	711c5492-5da9-4048-8176-cc261a60990f
00000000-0000-0000-0000-000000000000	679	fcoqgnduhq5f	713f38a4-7b2c-42b0-8df4-424d54ef5d0f	f	2026-06-22 16:25:53.438435+00	2026-06-22 16:25:53.438435+00	smc6fjlsdj2h	ab26017f-4117-45b4-9984-1d32db4dbdf1
00000000-0000-0000-0000-000000000000	667	nwmnbdynbgi4	a1161bd5-de49-4bb4-8f13-2477365a4309	t	2026-06-22 14:29:01.408118+00	2026-06-22 17:15:16.617713+00	cb5tkpcufmqk	402b5c2d-c426-4c6d-9d04-e6b7ee03ffdf
00000000-0000-0000-0000-000000000000	681	mr7mlspeuj5c	a1161bd5-de49-4bb4-8f13-2477365a4309	f	2026-06-22 17:15:16.632483+00	2026-06-22 17:15:16.632483+00	nwmnbdynbgi4	402b5c2d-c426-4c6d-9d04-e6b7ee03ffdf
00000000-0000-0000-0000-000000000000	663	ehvtysqqibhk	713f38a4-7b2c-42b0-8df4-424d54ef5d0f	t	2026-06-22 13:50:28.910042+00	2026-06-22 17:16:50.987605+00	\N	aa083588-83c6-4c4a-84cb-352d2ba43f39
00000000-0000-0000-0000-000000000000	683	il76ph6fqtze	87c10d8e-e4b4-4871-a0bf-2d454e855fb2	f	2026-06-22 17:23:11.506919+00	2026-06-22 17:23:11.506919+00	qjim2jl4xuxq	d6826b75-77ef-4b7e-b38d-7b7115882273
00000000-0000-0000-0000-000000000000	601	vs3evr2us2bd	bba10388-e3a5-4e70-a6d7-123fb3f656e5	t	2026-06-22 04:58:58.352159+00	2026-06-22 17:44:02.190697+00	ndiqqllnvj3w	81d8d9dd-cb72-4118-826f-81cbeb992f1e
00000000-0000-0000-0000-000000000000	671	lgj2guccfz23	713f38a4-7b2c-42b0-8df4-424d54ef5d0f	t	2026-06-22 15:11:47.380168+00	2026-06-22 18:13:01.607772+00	hrcvaa7a4nrr	79abb8f1-ba28-4348-bc8a-ca930f1e9f74
00000000-0000-0000-0000-000000000000	685	uowhez6i3wlq	713f38a4-7b2c-42b0-8df4-424d54ef5d0f	t	2026-06-22 18:13:01.61851+00	2026-06-22 19:12:36.160573+00	lgj2guccfz23	79abb8f1-ba28-4348-bc8a-ca930f1e9f74
00000000-0000-0000-0000-000000000000	673	srr4fujnsl3d	f5adc8bf-b6df-4d42-989a-ffe879b73b87	t	2026-06-22 15:30:53.055798+00	2026-06-22 19:29:28.978281+00	zvknym6a4k3c	aff0a293-a02b-4a19-acd9-c94bdec570ce
00000000-0000-0000-0000-000000000000	687	zsjxub2t3xnx	f5adc8bf-b6df-4d42-989a-ffe879b73b87	f	2026-06-22 19:29:28.987481+00	2026-06-22 19:29:28.987481+00	srr4fujnsl3d	aff0a293-a02b-4a19-acd9-c94bdec570ce
00000000-0000-0000-0000-000000000000	689	lwy4mokupjzi	713f38a4-7b2c-42b0-8df4-424d54ef5d0f	t	2026-06-22 20:11:54.913033+00	2026-06-22 21:14:36.118039+00	jwjzobvcskgf	79abb8f1-ba28-4348-bc8a-ca930f1e9f74
00000000-0000-0000-0000-000000000000	691	5t73mwvgc7ux	713f38a4-7b2c-42b0-8df4-424d54ef5d0f	f	2026-06-22 21:14:36.127915+00	2026-06-22 21:14:36.127915+00	lwy4mokupjzi	79abb8f1-ba28-4348-bc8a-ca930f1e9f74
00000000-0000-0000-0000-000000000000	583	cv27kijsjh7e	a1161bd5-de49-4bb4-8f13-2477365a4309	t	2026-06-21 16:32:46.212197+00	2026-06-21 19:31:15.745156+00	\N	402b5c2d-c426-4c6d-9d04-e6b7ee03ffdf
00000000-0000-0000-0000-000000000000	563	gmvuaag5f6un	bba10388-e3a5-4e70-a6d7-123fb3f656e5	t	2026-06-21 10:31:53.426001+00	2026-06-21 20:53:36.377811+00	\N	81d8d9dd-cb72-4118-826f-81cbeb992f1e
00000000-0000-0000-0000-000000000000	613	5gxr6g64afnk	04a6baa7-cc7f-4c06-84ff-fec3e055b9a3	f	2026-06-22 06:51:58.344056+00	2026-06-22 06:51:58.344056+00	a64eufuxotai	db1adc14-e766-4846-9246-91d84f9dd9a7
00000000-0000-0000-0000-000000000000	622	b5ac6tse3euo	f5adc8bf-b6df-4d42-989a-ffe879b73b87	t	2026-06-22 08:05:48.07352+00	2026-06-22 09:55:41.772272+00	h7zkkltzsou2	aff0a293-a02b-4a19-acd9-c94bdec570ce
00000000-0000-0000-0000-000000000000	617	lg77teoyakba	62d60f6c-fafd-4b66-b48e-472bfa39d0cd	f	2026-06-22 07:11:17.221292+00	2026-06-22 07:11:17.221292+00	\N	fba98ea9-0f68-4306-868e-ea6f3ed89a9f
00000000-0000-0000-0000-000000000000	618	ksuzlezwj4nh	66a9dc9f-5b19-4f79-9eb5-1d7cdb49ef82	f	2026-06-22 07:11:23.412705+00	2026-06-22 07:11:23.412705+00	bespsoklyzcq	8b5c21bc-f3b4-44bd-9b5e-ef7dcc1b1d5f
00000000-0000-0000-0000-000000000000	628	tt6utqob7pae	82cbc827-4809-495a-bd14-9f02bb6d03f9	t	2026-06-22 08:19:47.720793+00	2026-06-22 09:58:06.143504+00	5ryyabyqtrmf	047e2478-eaac-4b17-9ab5-b55bcbeb2249
00000000-0000-0000-0000-000000000000	635	2t6avd3g5abu	3e73d6f4-44e6-4f1e-8f96-e2b2cacb1141	t	2026-06-22 09:07:42.802832+00	2026-06-22 10:10:30.06957+00	4d2qjxdp7chp	a46b9101-f18b-440b-97f1-87383d64c7ca
00000000-0000-0000-0000-000000000000	624	yjqkjiukpru4	4532cd1f-2752-4aa9-a304-8a66a6fb9875	t	2026-06-22 08:07:45.505109+00	2026-06-22 10:18:54.274196+00	2gncnlhgsv4r	443ac759-73f2-4dd2-95d0-58db74f7c0af
00000000-0000-0000-0000-000000000000	614	5ryyabyqtrmf	82cbc827-4809-495a-bd14-9f02bb6d03f9	t	2026-06-22 07:00:40.098049+00	2026-06-22 08:19:47.711194+00	\N	047e2478-eaac-4b17-9ab5-b55bcbeb2249
00000000-0000-0000-0000-000000000000	645	26skk3jinau7	4532cd1f-2752-4aa9-a304-8a66a6fb9875	f	2026-06-22 10:18:54.279154+00	2026-06-22 10:18:54.279154+00	yjqkjiukpru4	443ac759-73f2-4dd2-95d0-58db74f7c0af
00000000-0000-0000-0000-000000000000	648	hxubwoanptag	7790c180-e52f-44da-97c0-e190ec9f233f	f	2026-06-22 10:24:23.927252+00	2026-06-22 10:24:23.927252+00	s4htufroyyyf	74cc939b-37b0-48b0-888e-e4b5737e33d5
00000000-0000-0000-0000-000000000000	652	wtczzbpsoxbe	4c9cc9ec-d7c3-4a51-a4d9-5fa75d804e24	f	2026-06-22 10:47:12.279907+00	2026-06-22 10:47:12.279907+00	\N	dab109b9-a316-438d-8e40-62df8ae68e21
00000000-0000-0000-0000-000000000000	621	4d2qjxdp7chp	3e73d6f4-44e6-4f1e-8f96-e2b2cacb1141	t	2026-06-22 08:05:42.21068+00	2026-06-22 09:07:42.797461+00	\N	a46b9101-f18b-440b-97f1-87383d64c7ca
00000000-0000-0000-0000-000000000000	641	eza5dyazyzf4	713f38a4-7b2c-42b0-8df4-424d54ef5d0f	t	2026-06-22 09:56:10.725933+00	2026-06-22 11:03:29.419125+00	\N	79abb8f1-ba28-4348-bc8a-ca930f1e9f74
00000000-0000-0000-0000-000000000000	640	r4iesvxuylzb	f5adc8bf-b6df-4d42-989a-ffe879b73b87	t	2026-06-22 09:55:41.778184+00	2026-06-22 12:02:27.623929+00	b5ac6tse3euo	aff0a293-a02b-4a19-acd9-c94bdec570ce
00000000-0000-0000-0000-000000000000	654	c6hjqk2eqgct	fe0832db-4ea7-4c23-8cae-9a96d0e70a8c	t	2026-06-22 11:19:06.154184+00	2026-06-22 12:23:31.642602+00	ud4zi7lpwbiw	6e723360-e576-4cde-b650-06b6aa685fd9
00000000-0000-0000-0000-000000000000	658	wwmtj7acuq74	fe0832db-4ea7-4c23-8cae-9a96d0e70a8c	t	2026-06-22 12:23:31.651793+00	2026-06-22 13:24:29.317925+00	c6hjqk2eqgct	6e723360-e576-4cde-b650-06b6aa685fd9
00000000-0000-0000-0000-000000000000	627	glu2ejdp2ojs	fae5424f-167a-4ad9-ba55-189b684e569b	t	2026-06-22 08:12:15.876129+00	2026-06-22 13:46:53.628894+00	qv3di4bdhoqn	47337355-9d3b-42a4-85c7-a895fab176d8
00000000-0000-0000-0000-000000000000	662	e2eh7b7bp23g	fae5424f-167a-4ad9-ba55-189b684e569b	f	2026-06-22 13:46:53.648814+00	2026-06-22 13:46:53.648814+00	glu2ejdp2ojs	47337355-9d3b-42a4-85c7-a895fab176d8
00000000-0000-0000-0000-000000000000	650	nc7r62nwsxxa	044214c4-2c02-4f1c-a8e8-edcb23b9cb62	t	2026-06-22 10:33:12.48891+00	2026-06-22 14:16:47.579873+00	\N	902fc61c-1b10-4cc2-a102-7bc58405dbb9
00000000-0000-0000-0000-000000000000	660	zrpcwlcqub3f	fe0832db-4ea7-4c23-8cae-9a96d0e70a8c	t	2026-06-22 13:24:29.336043+00	2026-06-22 14:27:21.643372+00	wwmtj7acuq74	6e723360-e576-4cde-b650-06b6aa685fd9
00000000-0000-0000-0000-000000000000	643	cb5tkpcufmqk	a1161bd5-de49-4bb4-8f13-2477365a4309	t	2026-06-22 10:07:51.261972+00	2026-06-22 14:29:01.403293+00	vji537klnuau	402b5c2d-c426-4c6d-9d04-e6b7ee03ffdf
00000000-0000-0000-0000-000000000000	670	6vs2iywbsxz4	d5b9af57-9326-4f03-8595-e1860836a8a5	f	2026-06-22 15:02:24.410351+00	2026-06-22 15:02:24.410351+00	oei2mkchajnd	ebbee42f-e086-43fd-b5ea-2b552be7efad
00000000-0000-0000-0000-000000000000	664	hrcvaa7a4nrr	713f38a4-7b2c-42b0-8df4-424d54ef5d0f	t	2026-06-22 14:07:48.537073+00	2026-06-22 15:11:47.372606+00	ylxxz4awogvz	79abb8f1-ba28-4348-bc8a-ca930f1e9f74
00000000-0000-0000-0000-000000000000	656	zvknym6a4k3c	f5adc8bf-b6df-4d42-989a-ffe879b73b87	t	2026-06-22 12:02:27.632614+00	2026-06-22 15:30:53.036955+00	r4iesvxuylzb	aff0a293-a02b-4a19-acd9-c94bdec570ce
00000000-0000-0000-0000-000000000000	674	gagtmhlgzesz	85145bb3-01b9-4511-9a5b-a34f9b50c9cf	f	2026-06-22 15:44:48.435178+00	2026-06-22 15:44:48.435178+00	\N	59f331e7-7563-4de7-97a0-5d2bd20f827f
00000000-0000-0000-0000-000000000000	666	hhuh6ncewqy4	fe0832db-4ea7-4c23-8cae-9a96d0e70a8c	t	2026-06-22 14:27:21.656283+00	2026-06-22 15:54:30.731481+00	zrpcwlcqub3f	6e723360-e576-4cde-b650-06b6aa685fd9
00000000-0000-0000-0000-000000000000	676	s6snyxsfepae	c45e2b3b-858e-4cc9-b893-606be19db21e	f	2026-06-22 16:01:54.076253+00	2026-06-22 16:01:54.076253+00	zejik6jgcfre	26ab12c9-9686-4216-a31c-a797f518b261
00000000-0000-0000-0000-000000000000	678	pzvbu2p2gps5	f7433041-0a01-4d8c-a883-46a0f3c92152	f	2026-06-22 16:20:36.104132+00	2026-06-22 16:20:36.104132+00	46fzs6kqwnjk	711c5492-5da9-4048-8176-cc261a60990f
00000000-0000-0000-0000-000000000000	672	smc6fjlsdj2h	713f38a4-7b2c-42b0-8df4-424d54ef5d0f	t	2026-06-22 15:18:34.214505+00	2026-06-22 16:25:53.432294+00	g6ftkyy2b5e4	ab26017f-4117-45b4-9984-1d32db4dbdf1
00000000-0000-0000-0000-000000000000	646	t64ne46isjel	87c10d8e-e4b4-4871-a0bf-2d454e855fb2	t	2026-06-22 10:19:14.566141+00	2026-06-22 16:41:53.047011+00	\N	99c4cea2-6687-40e5-a40a-dc5c92bf2e2c
00000000-0000-0000-0000-000000000000	680	tgyllnozdua2	87c10d8e-e4b4-4871-a0bf-2d454e855fb2	f	2026-06-22 16:41:53.068523+00	2026-06-22 16:41:53.068523+00	t64ne46isjel	99c4cea2-6687-40e5-a40a-dc5c92bf2e2c
00000000-0000-0000-0000-000000000000	682	driutncytjxr	713f38a4-7b2c-42b0-8df4-424d54ef5d0f	f	2026-06-22 17:16:50.991858+00	2026-06-22 17:16:50.991858+00	ehvtysqqibhk	aa083588-83c6-4c4a-84cb-352d2ba43f39
00000000-0000-0000-0000-000000000000	668	qjim2jl4xuxq	87c10d8e-e4b4-4871-a0bf-2d454e855fb2	t	2026-06-22 14:43:46.914838+00	2026-06-22 17:23:11.49979+00	dlcm6ebhcw4e	d6826b75-77ef-4b7e-b38d-7b7115882273
00000000-0000-0000-0000-000000000000	684	afnqzaudr5sw	bba10388-e3a5-4e70-a6d7-123fb3f656e5	f	2026-06-22 17:44:02.206592+00	2026-06-22 17:44:02.206592+00	vs3evr2us2bd	81d8d9dd-cb72-4118-826f-81cbeb992f1e
00000000-0000-0000-0000-000000000000	686	jwjzobvcskgf	713f38a4-7b2c-42b0-8df4-424d54ef5d0f	t	2026-06-22 19:12:36.170078+00	2026-06-22 20:11:54.897545+00	uowhez6i3wlq	79abb8f1-ba28-4348-bc8a-ca930f1e9f74
00000000-0000-0000-0000-000000000000	688	eizor3xvniai	713f38a4-7b2c-42b0-8df4-424d54ef5d0f	t	2026-06-22 19:32:33.702953+00	2026-06-22 20:31:21.133792+00	\N	62ea1b07-8260-4ceb-bef5-fa8bf9307e2a
00000000-0000-0000-0000-000000000000	690	oxvt3uubnbeb	713f38a4-7b2c-42b0-8df4-424d54ef5d0f	f	2026-06-22 20:31:21.144307+00	2026-06-22 20:31:21.144307+00	eizor3xvniai	62ea1b07-8260-4ceb-bef5-fa8bf9307e2a
\.


--
-- Data for Name: sso_providers; Type: TABLE DATA; Schema: auth; Owner: supabase_auth_admin
--

COPY "auth"."sso_providers" ("id", "resource_id", "created_at", "updated_at", "disabled") FROM stdin;
\.


--
-- Data for Name: saml_providers; Type: TABLE DATA; Schema: auth; Owner: supabase_auth_admin
--

COPY "auth"."saml_providers" ("id", "sso_provider_id", "entity_id", "metadata_xml", "metadata_url", "attribute_mapping", "created_at", "updated_at", "name_id_format") FROM stdin;
\.


--
-- Data for Name: saml_relay_states; Type: TABLE DATA; Schema: auth; Owner: supabase_auth_admin
--

COPY "auth"."saml_relay_states" ("id", "sso_provider_id", "request_id", "for_email", "redirect_to", "created_at", "updated_at", "flow_state_id") FROM stdin;
\.


--
-- Data for Name: sso_domains; Type: TABLE DATA; Schema: auth; Owner: supabase_auth_admin
--

COPY "auth"."sso_domains" ("id", "sso_provider_id", "domain", "created_at", "updated_at") FROM stdin;
\.


--
-- Data for Name: webauthn_challenges; Type: TABLE DATA; Schema: auth; Owner: supabase_auth_admin
--

COPY "auth"."webauthn_challenges" ("id", "user_id", "challenge_type", "session_data", "created_at", "expires_at") FROM stdin;
\.


--
-- Data for Name: webauthn_credentials; Type: TABLE DATA; Schema: auth; Owner: supabase_auth_admin
--

COPY "auth"."webauthn_credentials" ("id", "user_id", "credential_id", "public_key", "attestation_type", "aaguid", "sign_count", "transports", "backup_eligible", "backed_up", "friendly_name", "created_at", "updated_at", "last_used_at") FROM stdin;
\.


--
-- Data for Name: clients; Type: TABLE DATA; Schema: public; Owner: postgres
--

COPY "public"."clients" ("id", "name", "active", "created_at") FROM stdin;
7f57edce-f073-4b93-acb8-43f7d9494801	Volkerhighways	t	2026-06-11 14:59:47.247193+00
29de2706-602e-4a50-aa5a-077babfeadbd	TfL	t	2026-06-11 14:59:51.816792+00
0f24f595-53f2-41b6-8909-8989bdfa1180	TKJV	t	2026-06-11 15:00:00.727758+00
\.


--
-- Data for Name: cost_company_aliases; Type: TABLE DATA; Schema: public; Owner: postgres
--

COPY "public"."cost_company_aliases" ("match_key", "canonical_name", "created_at", "updated_at") FROM stdin;
bartonpetroleumltd	Barton Petroleum Limited	2026-06-21 02:19:12.030063+00	2026-06-21 02:51:07.425892+00
bbsnaturalstonespecialistsltd	BBS Natural Stone Specialists Limited	2026-06-21 02:19:12.030063+00	2026-06-21 02:51:07.425892+00
capitalconcreteltd	Capital Concrete Ltd	2026-06-21 02:19:12.030063+00	2026-06-21 02:51:07.425892+00
carboclassltd	Carboclass Ltd.	2026-06-21 02:19:12.030063+00	2026-06-21 02:51:07.425892+00
cmtequipmentltd	CMT Equipment Limited	2026-06-21 02:19:12.030063+00	2026-06-21 02:51:07.425892+00
continentalcivilengineeringltd	Continental Civil Engineering Ltd.	2026-06-21 02:19:12.030063+00	2026-06-21 02:51:07.425892+00
dureycastingsltd	Durey Castings Limited	2026-06-21 02:19:12.030063+00	2026-06-21 02:51:07.425892+00
fmconwayltd	FM Conway Ltd	2026-06-21 02:19:12.030063+00	2026-06-21 02:51:07.425892+00
gapgroupltd	GAP Group Ltd.	2026-06-21 02:19:12.030063+00	2026-06-21 02:51:07.425892+00
georgekillougheryltd	George Killoughery LTD	2026-06-21 02:19:12.030063+00	2026-06-21 02:51:07.425892+00
hansonquarryproductseuropeltd	Hanson Quarry Products Europe Limited	2026-06-21 02:19:12.030063+00	2026-06-21 02:51:07.425892+00
holcimukltd	Holcim UK Limited	2026-06-21 02:19:12.030063+00	2026-06-21 02:51:07.425892+00
hsivyertransportltd	H. Sivyer Transport LTD T/A Holcim UK	2026-06-21 02:19:12.030063+00	2026-06-21 02:51:07.425892+00
imixconcreteltd	iMix Concrete Ltd	2026-06-21 02:19:12.030063+00	2026-06-21 02:51:07.425892+00
kaspasignproductsltd	KASPA Sign Products Ltd.	2026-06-21 02:19:12.030063+00	2026-06-21 02:51:07.425892+00
keithsrubbishclearanceltd	KEITH'S RUBBISH CLEARANCE LIMITED	2026-06-21 02:19:12.030063+00	2026-06-21 02:51:07.425892+00
keltictrafficmanagementltd	Keltic Traffic Management Limited	2026-06-21 02:19:12.030063+00	2026-06-21 02:51:07.425892+00
keylinecivilsspecialistltd	Keyline Civils Specialist Limited	2026-06-21 02:19:12.030063+00	2026-06-21 02:51:07.425892+00
lapwingukltd	Lapwing UK. Limited	2026-06-21 02:19:12.030063+00	2026-06-21 02:51:07.425892+00
nalltd	NAL Limited	2026-06-21 02:19:12.030063+00	2026-06-21 02:51:07.425892+00
northgatevehiclehireltd	Northgate Vehicle Hire Ltd	2026-06-21 02:19:12.030063+00	2026-06-21 02:51:07.425892+00
northwoodaccidentrepaircentreltd	Northwood Accident Repair Centre Ltd.	2026-06-21 02:19:12.030063+00	2026-06-21 02:51:07.425892+00
paverecruitltd	Pave Recruit Ltd	2026-06-21 02:19:12.030063+00	2026-06-21 02:51:07.425892+00
pfcusack	P F Cusack (Tools Supplies) Ltd	2026-06-21 02:19:12.030063+00	2026-06-21 02:51:07.425892+00
recycledmaterialsouthernltd	Recycled Material Southern Ltd.	2026-06-21 02:19:12.030063+00	2026-06-21 02:51:07.425892+00
recycledmaterialsuppliesltd	Recycled Material Supplies Ltd	2026-06-21 02:19:12.030063+00	2026-06-21 02:51:07.425892+00
selenvironmentalltd	SEL Environmental Ltd	2026-06-21 02:19:12.030063+00	2026-06-21 02:51:07.425892+00
simsmillingservicesltd	Sims Milling Services Ltd	2026-06-21 02:19:12.030063+00	2026-06-21 02:51:07.425892+00
smeehanplanthireltd	S MEEHAN PLANT HIRE LTD.	2026-06-21 02:19:12.030063+00	2026-06-21 02:51:07.425892+00
standardplanthireltd	Standard Plant Hire Ltd	2026-06-21 02:19:12.030063+00	2026-06-21 02:51:07.425892+00
tarmactradingltd	Tarmac Trading Limited	2026-06-21 02:19:12.030063+00	2026-06-21 02:51:07.425892+00
tjsgrabservicesltd	TJS Grab Services Ltd	2026-06-21 02:19:12.030063+00	2026-06-21 02:51:07.425892+00
travisperkinstradingcompanyltd	Travis Perkins Trading Company Ltd	2026-06-21 02:19:12.030063+00	2026-06-21 02:51:07.425892+00
lovablelabsincorporated	Lovable Labs Incorporated	2026-06-21 12:00:15.269028+00	2026-06-21 12:00:15.269028+00
\.


--
-- Data for Name: subcontractors; Type: TABLE DATA; Schema: public; Owner: postgres
--

COPY "public"."subcontractors" ("id", "name", "active", "created_at") FROM stdin;
0155785b-4dfe-4e59-a8e3-43c0e06f6983	K&G Costea Ltd	t	2026-06-12 08:48:14.997963+00
49d8fa74-a378-4f6b-b3ad-8b10ea3831fe	Baloshi Construction Ltd	t	2026-06-15 17:49:16.769104+00
bceb415e-5d01-4ceb-9907-b02baf596bbb	IVC Ltd	t	2026-06-16 07:33:58.018755+00
54547dbe-d990-4dcf-a833-8569aae87313	Linas Butkus Ltd	t	2026-06-16 07:34:08.610307+00
3590ab38-9cca-452f-a28d-60aa7b614e9e	Paving & Construction Ltd	t	2026-06-16 07:34:22.277698+00
646246b0-209a-41f1-a10b-d7d05f3bc51d	Continental Civil Engineering Ltd	t	2026-06-11 07:49:10.669058+00
0b9fc648-1a2c-4d2c-b352-7e54938d3939	CJB Civil Engineering Ltd	t	2026-06-11 14:55:19.789291+00
\.


--
-- Data for Name: cost_company_subcontractors; Type: TABLE DATA; Schema: public; Owner: postgres
--

COPY "public"."cost_company_subcontractors" ("id", "canonical_company", "subcontractor_id", "created_at", "updated_at") FROM stdin;
\.


--
-- Data for Name: projects; Type: TABLE DATA; Schema: public; Owner: postgres
--

COPY "public"."projects" ("id", "client_id", "code", "description", "active", "created_at", "latitude", "longitude", "location_label", "nas_folder_url", "archived_at") FROM stdin;
7f89f448-3c83-444c-b764-79c95caad378	7f57edce-f073-4b93-acb8-43f7d9494801	Woodlands Avenue	Cycle track scheme	t	2026-06-11 15:07:18.646375+00	51.452068	-0.911973	\N	https://cjbce.synology.me/drive/d/s/16n0JKOLfo639vBpi1iEpwo83DqN8o75/3n2EbsjslDuAaOQHYC2iTF0G6Nx4dcsT-b9KgpKp9SQ0	\N
96754d1a-56ed-40d1-b44a-f68d92996550	0f24f595-53f2-41b6-8909-8989bdfa1180	C4	Cylcleway & SUDs scheme	t	2026-06-11 15:07:44.370419+00	51.492681	0.045580	\N	https://cjbce.synology.me/drive/d/s/159DEQ2uUj9J1GCh7md8EH5ZqwQqY9Co/NGpn50CVwNJ_greCap59FnMLdJI7_NPW-i7_ga49nnQw	\N
088a9ab0-ef4c-43be-9688-eeca3884d81c	0f24f595-53f2-41b6-8909-8989bdfa1180	C4 - S3	Trial Holes	t	2026-06-20 15:48:12.155532+00	51.492829	0.073510	\N	https://cjbce.synology.me/drive/d/s/18aC9w9sGDbL4lILUKRQUQRvYbCpfAyJ/AX7krmfLWSLwXpSCcxYjeVqkfpFnBBEz-V9HgM1DlSQ0	\N
d9887032-fbe0-46f8-9ed5-c6327358e41a	0f24f595-53f2-41b6-8909-8989bdfa1180	Canning Town	Bus Station Drainage	t	2026-06-22 21:18:06.958421+00	\N	\N	\N	\N	\N
59ecf24d-a425-4c55-914a-cd4db375a174	29de2706-602e-4a50-aa5a-077babfeadbd	A3 - Roehampton Lane	2 no. crossovers	t	2026-06-11 15:06:40.876203+00	51.460639	-0.243716	29, Roehampton Lane, Roehampton, London Borough of Wandsworth, Greater London, England, SW15 5LS, United Kingdom	\N	\N
\.


--
-- Data for Name: cost_invoices; Type: TABLE DATA; Schema: public; Owner: postgres
--

COPY "public"."cost_invoices" ("id", "status", "company_name", "company_name_raw", "invoice_number", "po_reference", "invoice_date", "due_date", "due_date_rule", "description", "currency", "net_amount", "vat_amount", "total_amount", "vat_treatment", "nas_path", "attachment_filename", "attachment_sha256", "source_email_from", "source_subject", "source_message_id", "source_received_at", "gemini_confidence", "is_duplicate", "duplicate_of", "notes", "created_at", "updated_at", "paid_at", "cis_amount", "document_type", "nas_fallback_path", "project_id", "project_other", "is_overhead", "subcontractor_id", "timesheet_check_status", "timesheet_check_at", "timesheet_check_detail") FROM stdin;
9f41fbda-ef69-41f5-bdcc-0241984e1744	pending_review	iMix Concrete Ltd	iMix Concrete Ltd	516168	NA	2026-06-12	2026-07-12	30 days (NET)	C30\nFuel Surcharge	GBP	644.25	128.85	773.10	standard_20	Costs/2026/06/iMix Concrete Ltd/2026-06-12_iMix Concrete Ltd_516168.pdf	A463E24C81955051B13A0F1A2C0D091B.pdf	37be9122cb1bda9a9e0dd4059f4d9620156f649298b73bcbf1187e92cdf49d13	iMix Concrete <imix@aggsmart.co.uk>	iMix Concrete Invoice #516168	<08b00390-846e-4a68-92de-984ca7e24514@mtasv.net>	2026-06-15 13:51:40+00	1.000	f	\N	All invoice queries must be sent via email to accounts@imixconcrete.co.uk within 7 days from date of invoice.	2026-06-15 17:21:13.992462+00	2026-06-16 21:12:48.958869+00	\N	\N	invoice	\N	\N	\N	f	\N	unchecked	\N	\N
0f69e180-2890-4811-8484-fa1498e182b6	pending_review	Capital Concrete Ltd	Capital Concrete Ltd	41205322	Wokingham	2026-06-13	2026-07-31	NETT MONTHLY	Fuel Surcharge	GBP	4.00	0.80	4.80	standard_20	Costs/2026/06/Capital Concrete Ltd/2026-06-13_Capital Concrete Ltd_41205322.pdf	41205322.PDF	c76fc2c6ded36c1c03f9bce27754bd2cbedbe54deaa64ea0a1f375ac8229e971	Statements & Invoices <Prism.User@brett.co.uk>	Invoice/Credit from Capital Concrete	<CWLP123MB189252DEDF78695DFE5FC8D6D7E52@CWLP123MB1892.GBRP123.PROD.OUTLOOK.COM>	2026-06-16 11:01:59+00	1.000	f	\N	\N	2026-06-16 11:45:54.186044+00	2026-06-16 21:12:40.854326+00	\N	\N	invoice	\N	\N	\N	f	\N	unchecked	\N	\N
ec7a0cda-d70c-404e-bef2-925588c5d5b0	pending_review	Travis Perkins Trading Company Ltd	Travis Perkins Trading Company Ltd	1045609703	23 WOODLAND AVN	2026-06-15	2026-07-31	NET MONTHLY	BUILDING SAND BULK BAG	GBP	58.22	11.64	69.86	standard_20	Costs/2026/06/Travis Perkins Trading Company Ltd/2026-06-15_Travis Perkins Trading Company Ltd_1045609703.pdf	1045609703_1.pdf	518a927e227effe7ab4a6ee1f5f8c307eff76f05e80d7a691c6ade9b8562531e	TP E-Billing <ebilling@travisperkins.co.uk>	(HT5272) TP Invoice (1045609703) Attached	<652489765.407501.1781545136394@smtp.email.uk-london-1.oraclecloud.com>	2026-06-15 17:38:56+00	0.950	f	\N	\N	2026-06-15 18:44:15.181163+00	2026-06-16 21:12:47.243673+00	\N	\N	invoice	\N	\N	\N	f	\N	unchecked	\N	\N
27a6d5ac-4334-462d-b45e-5cec2a00272c	pending_review	TJS Grab Services Ltd	TJS Grab Services Ltd	INV-4966	CS4	2026-06-16	2026-07-14	NA	4/6/26 - 1 x grab lorry day work shift -WTN 50923\n4/6/26 - 2 x grab loads soil and stones -WTN 50925 50924	GBP	1010.00	202.00	1212.00	standard_20	Costs/2026/06/TJS Grab Services Ltd/2026-06-16_TJS Grab Services Ltd_INV-4966.pdf	Invoice INV-4966.pdf	f6f4f1ef2af22e056ba758bd8adc2968b0020806bbf859ea14d8b4fda595b797	TJS Grab Services Ltd <messaging-service@post.xero.com>	Invoice INV-4966 from TJS Grab Services Ltd for CJB Civils Engineering Ltd	<20260616091234.396093e2b30efcec@post.xero.com>	2026-06-16 09:12:34+00	0.950	f	\N	\N	2026-06-16 12:09:53.034535+00	2026-06-16 21:12:31.18289+00	\N	\N	invoice	\N	\N	\N	f	\N	unchecked	\N	\N
1260e387-222c-466e-9d66-3e3c3e404d36	pending_review	TJS Grab Services Ltd	TJS Grab Services Ltd	INV-4967	\N	2026-06-16	2026-07-14	NA	5/6/26 1 x grab lorry day work shift -WTN 50927\n5/6/26 - 18.5T topsoil +WTN 50926	GBP	837.00	167.40	1004.40	standard_20	Costs/2026/06/TJS Grab Services Ltd/2026-06-16_TJS Grab Services Ltd_INV-4967.pdf	Invoice INV-4967.pdf	e75028f01c5201e1287645b67345f48a933fae3c368410afa22a22cc4e4504f6	TJS Grab Services Ltd <messaging-service@post.xero.com>	Invoice INV-4967 from TJS Grab Services Ltd for CJB Civils Engineering Ltd	<20260616091618.6b8bc7984eb8214b@post.xero.com>	2026-06-16 09:16:18+00	0.950	f	\N	\N	2026-06-16 12:09:47.589015+00	2026-06-16 21:12:32.946475+00	\N	\N	invoice	\N	\N	\N	f	\N	unchecked	\N	\N
1e4e3bef-323f-481b-9468-d0e3408dec29	pending_review	TJS Grab Services Ltd	TJS Grab Services Ltd	INV-4968	\N	2026-06-16	2026-07-14	NA	6/6/26 - 1 x grab lorry with clamp -WTN 50928\n6/6/26 - 1 x grab load topsoil -WTN 50930	GBP	1002.00	200.40	1202.40	standard_20	Costs/2026/06/TJS Grab Services Ltd/2026-06-16_TJS Grab Services Ltd_INV-4968.pdf	Invoice INV-4968.pdf	91b9d03dae55d79bfb5fab0ed0caefe9e13ba894a5e9e61d35a06cc602cbf9a9	TJS Grab Services Ltd <messaging-service@post.xero.com>	Invoice INV-4968 from TJS Grab Services Ltd for CJB Civils Engineering Ltd	<20260616091911.73a5e9a67c9ef830@post.xero.com>	2026-06-16 09:19:11+00	0.950	f	\N	\N	2026-06-16 12:08:46.238647+00	2026-06-16 21:12:33.850328+00	\N	\N	invoice	\N	\N	\N	f	\N	unchecked	\N	\N
a671a704-102c-48fe-90e8-719cf397fb1d	pending_review	Capital Concrete Ltd	Capital Concrete Ltd	41205320	Wokingham	2026-06-13	2026-07-31	STRICTLY NETT MONTHLY	Fuel Surcharge	GBP	4.00	0.80	4.80	standard_20	Costs/2026/06/Capital Concrete Ltd/2026-06-13_Capital Concrete Ltd_41205320.pdf	41205320.PDF	0e6bd3a486a992cd35c0c958ab162fd240c45d51f43aee4dfd0a277c58239c4d	Statements & Invoices <Prism.User@brett.co.uk>	Invoice/Credit from Capital Concrete	<CWLP123MB18929DA800E84523C0588D0CD7E52@CWLP123MB1892.GBRP123.PROD.OUTLOOK.COM>	2026-06-16 11:01:58+00	0.950	f	\N	\N	2026-06-16 11:45:59.601183+00	2026-06-16 21:12:36.663715+00	\N	\N	invoice	\N	\N	\N	f	\N	unchecked	\N	\N
4ccd70b6-a238-470b-a7d6-7c0bb5bb5953	pending_review	Keyline Civils Specialist Limited	Keyline Civils Specialist Limited	1045619581	CS4	2026-06-15	2026-07-31	NET MONTHLY	BS CONCRETE KERB BULL NOSED 125X150X915MM BN RK0550000	GBP	23.00	4.60	27.60	standard_20	Costs/2026/06/Keyline Civils Specialist Limited/2026-06-15_Keyline Civils Specialist Limited_1045619581.pdf	1045619581_1.pdf	26522de68bf19557efc3a8c4b02f9b7a514af12bc55f8ecf9a97563ef0e67eba	Keyline E-Billing <ebilling@keyline.co.uk>	(PR3955) Keyline Invoice (1045619581) Attached	<447337989.427151.1781553041941@smtp.email.uk-london-1.oraclecloud.com>	2026-06-15 19:50:41+00	1.000	f	\N	\N	2026-06-15 20:00:42.424975+00	2026-06-16 21:12:47.240101+00	\N	\N	invoice	\N	\N	\N	f	\N	unchecked	\N	\N
2266b28a-9148-4f56-b141-e658ed8d3759	pending_review	Lapwing UK. Limited	Lapwing UK. Limited	INV373127	CS4	2026-06-15	2026-07-30	Net Monthly Payment Terms: 30 Days EOM	Orbit 10L Dust Suppression Water Bottle\nBattery Pump Handle ORB10L - 7.4V Li-ion	GBP	224.90	44.98	269.88	standard_20	Costs/2026/06/Lapwing UK. Limited/2026-06-15_Lapwing UK. Limited_INV373127.pdf	Invoice_INV373127_1781514233767.pdf	c5c463a015faeb49d04a71e00b0829b01b5322fba8d355c8e52f556344e03f65	invoicing@lapwinguk.com	Lapwing UK. Limited: Sales Invoice #INV373127	<0pviorn7xtgxfm88fw98bxywxbwr045ni2hmvi8ypnntfmk1ouchwqouvj3y831n@netsuite.com>	2026-06-15 09:03:53+00	1.000	f	\N	Claims for non-delivery, discrepancy or damage may only be accepted if notified immediately by phone and confirmed in writing within 48 hours. It is a condition of this sale that these goods remain the property of Lapwing UK. Limited until paid for in full by the purchaser and any cheques cleared. All business is transacted subject to and in accordance with our terms and conditions which are available on request. E&OE. FSC PRODUCTS ARE ® FSC100%. Transport Eco Charge: This fee supports our efforts to reduce deliveries and lower our carbon footprint. Orders over £250 qualify for free Transport Eco-Charge. Thank you for supporting our sustainability goals.	2026-06-15 17:05:47.902648+00	2026-06-16 21:12:53.959724+00	\N	\N	invoice	\N	\N	\N	f	\N	unchecked	\N	\N
a52e08c6-9369-4b32-b743-94602a7887b1	pending_review	iMix Concrete Ltd	iMix Concrete Ltd	516146	NA	2026-06-11	2026-07-11	30 days (NET)	C30\nDelivery\nFuel Surcharge	GBP	524.00	104.80	628.80	standard_20	Costs/2026/06/iMix Concrete Ltd/2026-06-11_iMix Concrete Ltd_516146.pdf	A463E24C81955051E752A4531E88ED7E.pdf	86d6689345fbd79b046c2442379a634f20af9492a6f053955d1ae3b22a5ddb97	iMix Concrete <imix@aggsmart.co.uk>	iMix Concrete Invoice #516146	<07f0b000-1537-497b-bce5-58fea0a6bc1a@mtasv.net>	2026-06-15 11:33:39+00	0.950	f	\N	All invoice queries must be sent via email to accounts@imixconcrete.co.uk within 7 days from date of invoice.	2026-06-15 17:05:21.919415+00	2026-06-16 21:12:55.745196+00	\N	\N	invoice	\N	\N	\N	f	\N	unchecked	\N	\N
33850cee-54bf-43eb-9fa8-4272cc3f8478	pending_review	Keyline Civils Specialist Limited	Keyline Civils Specialist Limited	1045500129	CS4	2026-06-12	2026-07-31	NET MONTHLY	PRESSED PAVING TACTILE BLISTER SLAB 400X400X65MM RED	GBP	338.80	67.76	406.56	standard_20	Costs/2026/06/Keyline Civils Specialist Limited/2026-06-12_Keyline Civils Specialist Limited_1045500129.pdf	1045500129_1.pdf	af07aeccad94a512c6f381a72dc927dcb558af884a4826c0284212a0f96f66bb	Keyline E-Billing <ebilling@keyline.co.uk>	(PR3955) Keyline Invoice (1045500129) Attached	<1167280265.425381.1781286026104@smtp.email.uk-london-1.oraclecloud.com>	2026-06-12 17:40:26+00	1.000	f	\N	\N	2026-06-16 23:35:58.886766+00	2026-06-16 23:35:58.886766+00	\N	\N	invoice	\N	\N	\N	f	\N	unchecked	\N	\N
b5a011cd-de54-4260-a109-e2510a7520f0	pending_review	Keyline Civils Specialist Limited	Keyline Civils Specialist Limited	1045945334	CS4	2026-06-19	2026-07-31	NET MONTHLY	150X300X1000 EXTERNAL RADIUS FINE PICKD TOP & FRONT FACE BALANCE SAWN CUT 9M\n150X300X1000 EXTERNAL RADIUS FINE PICKD TOP & FRONT FACE BALANCE SAWN CUT 1M	GBP	476.00	95.20	571.20	standard_20	Costs/2026/06/Keyline Civils Specialist Limited/2026-06-19_Keyline Civils Specialist Limited_1045945334.pdf	1045945334_1.pdf	f18429fe15357ba80a5459f32cf627580dc9cc9078c0925b2e60b18da6bb0d4e	Keyline E-Billing <ebilling@keyline.co.uk>	(PR3955) Keyline Invoice (1045945334) Attached	<1665235854.499031.1781889311856@smtp.email.uk-london-1.oraclecloud.com>	2026-06-19 17:15:11+00	0.990	f	\N	\N	2026-06-19 17:30:26.226605+00	2026-06-19 17:30:26.226605+00	\N	\N	invoice	\N	\N	\N	f	\N	unchecked	\N	\N
da741662-d209-4ae8-9727-7ceac0e61962	pending_review	Capital Concrete Ltd	Capital Concrete Ltd	41205327	Wokingham	2026-06-13	2026-07-31	STRICTLY NETT MONTHLY	Fuel Surcharge	GBP	5.00	1.00	6.00	standard_20	Costs/2026/06/Capital Concrete Ltd/2026-06-13_Capital Concrete Ltd_41205327.pdf	41205327.PDF	ba1c673131af3437e4644f6dea81f2d2fe2be2fd65b2aed01e367127442c756d	Statements & Invoices <Prism.User@brett.co.uk>	Invoice/Credit from Capital Concrete	<CWLP123MB1892E25256AC2B68FF8405AAD7E52@CWLP123MB1892.GBRP123.PROD.OUTLOOK.COM>	2026-06-16 11:02:03+00	1.000	f	\N	\N	2026-06-16 12:53:54.880809+00	2026-06-16 21:11:43.164579+00	\N	\N	invoice	\N	\N	\N	f	\N	unchecked	\N	\N
67c47931-215d-42fe-b262-2b55d2a91710	pending_review	Capital Concrete Ltd	Capital Concrete Ltd	41205329	Wokingham	2026-06-13	2026-07-31	STRICTLY NETT MONTHLY	ST4 OSAND CIIIA 20 NO 300	GBP	550.00	110.00	660.00	standard_20	Costs/2026/06/Capital Concrete Ltd/2026-06-13_Capital Concrete Ltd_41205329.pdf	41205329.PDF	82827338a3ca7e7077f437bc209e2c6b56e17c8b735ed5081a3aff3a658c12f0	Statements & Invoices <Prism.User@brett.co.uk>	Invoice/Credit from Capital Concrete	<CWLP123MB1892E25256AC2B68FF8405AAD7E52@CWLP123MB1892.GBRP123.PROD.OUTLOOK.COM>	2026-06-16 11:02:03+00	0.950	f	\N	\N	2026-06-16 12:53:05.228015+00	2026-06-16 21:11:50.401135+00	\N	\N	invoice	\N	\N	\N	f	\N	unchecked	\N	\N
a841eefe-7dfe-4dfa-9979-b01012459360	pending_review	Capital Concrete Ltd	Capital Concrete Ltd	41205330	Wokingham	2026-06-13	2026-07-31	STRICTLY NETT MONTHLY	ST4 OSAND CIIIA 20 NO 300	GBP	550.00	110.00	660.00	standard_20	Costs/2026/06/Capital Concrete Ltd/2026-06-13_Capital Concrete Ltd_41205330.pdf	41205330.PDF	22ed3cc09f8a590c38d95a66ad18a3b394b651fbb6d6fe8ac4bdb58c0d918548	Statements & Invoices <Prism.User@brett.co.uk>	Invoice/Credit from Capital Concrete	<CWLP123MB1892E25256AC2B68FF8405AAD7E52@CWLP123MB1892.GBRP123.PROD.OUTLOOK.COM>	2026-06-16 11:02:03+00	0.950	f	\N	\N	2026-06-16 12:52:58.732824+00	2026-06-16 21:11:57.346738+00	\N	\N	invoice	\N	\N	\N	f	\N	unchecked	\N	\N
ed10dbae-2c5c-4e85-8c5c-277171027149	pending_review	Capital Concrete Ltd	Capital Concrete Ltd	41205331	Wokingham	2026-06-13	2026-07-31	STRICTLY NETT MONTHLY	Fuel Surcharge	GBP	5.00	1.00	6.00	standard_20	Costs/2026/06/Capital Concrete Ltd/2026-06-13_Capital Concrete Ltd_41205331.pdf	41205331.PDF	3e8a27b6a612ac07cf0be27c0abac6a88d50f692e0aea1cef664f2888a9d4fc3	Statements & Invoices <Prism.User@brett.co.uk>	Invoice/Credit from Capital Concrete	<CWLP123MB1892E25256AC2B68FF8405AAD7E52@CWLP123MB1892.GBRP123.PROD.OUTLOOK.COM>	2026-06-16 11:02:03+00	0.950	f	\N	\N	2026-06-16 12:52:40.905924+00	2026-06-16 21:12:03.887546+00	\N	\N	invoice	\N	\N	\N	f	\N	unchecked	\N	\N
5866a0aa-7dcc-4f76-a77c-8afe8eb82874	pending_review	TJS Grab Services Ltd	TJS Grab Services Ltd	INV-4961	\N	2026-06-16	2026-07-14	NA	1/6/26 1 x grab lorry day work shift -WTN 49249\n1/6/26 - 3 x grab loads soil and stones -WTN 49246 49247 49244	GBP	1190.00	238.00	1428.00	standard_20	Costs/2026/06/TJS Grab Services Ltd/2026-06-16_TJS Grab Services Ltd_INV-4961.pdf	Invoice INV-4961.pdf	8b6bd5d3666294364c34e8179ba921784209d2f43dd7c8a29ef82ddbf16bcce6	TJS Grab Services Ltd <messaging-service@post.xero.com>	Invoice INV-4961 from TJS Grab Services Ltd for CJB Civils Engineering Ltd	<20260616082026.2e1c6fba38bf0b16@post.xero.com>	2026-06-16 08:20:26+00	0.950	f	\N	\N	2026-06-16 12:12:24.072064+00	2026-06-16 21:12:06.406117+00	\N	\N	invoice	\N	\N	\N	f	\N	unchecked	\N	\N
2e3187d2-a493-40d2-ab42-a7a7e063fe2b	pending_review	TJS Grab Services Ltd	TJS Grab Services Ltd	INV-4962	\N	2026-06-16	2026-07-14	NA	1/6/26 - 1 x days work with clamp -WTN 50915\n1/6/26 - 2 x grab loads soil and stones -WTN 50916 50914	GBP	1010.00	202.00	1212.00	standard_20	Costs/2026/06/TJS Grab Services Ltd/2026-06-16_TJS Grab Services Ltd_INV-4962.pdf	Invoice INV-4962.pdf	5dd7c8f9e4c5a226282e201d7fa03ccc8cef8bb6b7127ea9f3172af4577fd524	TJS Grab Services Ltd <messaging-service@post.xero.com>	Invoice INV-4962 from TJS Grab Services Ltd for CJB Civils Engineering Ltd	<20260616082334.7d0c8dee08183fb3@post.xero.com>	2026-06-16 08:23:34+00	0.950	f	\N	\N	2026-06-16 12:12:16.823468+00	2026-06-16 21:12:09.494114+00	\N	\N	invoice	\N	\N	\N	f	\N	unchecked	\N	\N
c80c7006-b247-4792-8948-0688de37d467	pending_review	H. Sivyer Transport LTD T/A Holcim UK	H. Sivyer Transport LTD T/A Holcim UK	461732	CS4	2026-06-12	2026-06-30	30 DAYS EOM	MIXED CONSTRUCTION AND DEMOLITION WASTE 170904-170904\nMIXED CONSTRUCTION AND DEMOLITION WASTE 170904-170904	GBP	600.00	120.00	720.00	standard_20	Costs/2026/06/H. Sivyer Transport LTD T A Holcim UK/2026-06-12_H. Sivyer Transport LTD T A Holcim UK_461732.pdf	Invoice - 461732 - 2026-06-16.pdf	037bbc5d0802cd72330e05ef34614695daec095899413fe65143bb4ff0118e42	salesinvoice.recycling@holcim.co.uk	Sales Invoice [Our Ref: 461732]	<6a310b19.8eb29177.396ff9.016aSMTPIN_ADDED_MISSING@mx.google.com>	2026-06-16 08:36:39+00	0.900	f	\N	COPY POD'S WILL BE CHARGABLE AT £4.00 EACH THIS CHARGE WILL BE ADDED TO THE ACCOUNT	2026-06-16 12:11:13.579733+00	2026-06-16 21:12:18.56073+00	\N	\N	invoice	\N	\N	\N	f	\N	unchecked	\N	\N
13679764-4a44-4d2e-b354-b94733a59475	pending_review	H. Sivyer Transport LTD T/A Holcim UK	H. Sivyer Transport LTD T/A Holcim UK	461733	CS4	2026-06-12	2026-06-30	30 DAYS EOM	MIXED CONSTRUCTION AND DEMOLITION WASTE 170904-170904\nMIXED CONSTRUCTION AND DEMOLITION WASTE 170904-170904	GBP	600.00	120.00	720.00	standard_20	Costs/2026/06/H. Sivyer Transport LTD T A Holcim UK/2026-06-12_H. Sivyer Transport LTD T A Holcim UK_461733.pdf	Invoice - 461733 - 2026-06-16.pdf	2c18dbe4688504b25522a170ec29f127c12d8a647099360d18c0888d813500ca	salesinvoice.recycling@holcim.co.uk	Sales Invoice [Our Ref: 461733]	<6a310b1a.2c02b742.396aa5.4dcfSMTPIN_ADDED_MISSING@mx.google.com>	2026-06-16 08:36:40+00	1.000	f	\N	COPY POD'S WILL BE CHARGABLE AT £4.00 EACH THIS CHARGE WILL BE ADDED TO THE ACCOUNT	2026-06-16 12:11:04.554942+00	2026-06-16 21:12:19.814613+00	\N	\N	invoice	\N	\N	\N	f	\N	unchecked	\N	\N
4e4c6fb8-3790-419a-8ae0-af24c54e02a2	pending_review	TJS Grab Services Ltd	TJS Grab Services Ltd	INV-4964	\N	2026-06-16	2026-07-14	NA	2/6/26 - 1 x grab lorry day work shift -WTN 49250\n2/6/26 - 8T 20mm shingle -WTN 48543\n2/6/26 - 1 x grab load soil and stones -WTN 48544	GBP	1030.00	206.00	1236.00	standard_20	Costs/2026/06/TJS Grab Services Ltd/2026-06-16_TJS Grab Services Ltd_INV-4964.pdf	Invoice INV-4964.pdf	e25765fe05c12d129c0476578269dd884d6c149ea43248c9086eafa8fb3a1f64	TJS Grab Services Ltd <messaging-service@post.xero.com>	Invoice INV-4964 from TJS Grab Services Ltd for CJB Civils Engineering Ltd	<20260616090159.4aad8c712cd34d7b@post.xero.com>	2026-06-16 09:01:59+00	0.950	f	\N	\N	2026-06-16 12:10:54.113684+00	2026-06-16 21:12:25.005231+00	\N	\N	invoice	\N	\N	\N	f	\N	unchecked	\N	\N
68d66083-f87f-4068-9784-7a6a0754bab2	pending_review	TJS Grab Services Ltd	TJS Grab Services Ltd	INV-4965	\N	2026-06-16	2026-07-14	NA	4/6/26 1 x grab lorry day work shift -WTN 50985\n4/6/26 1 x grab load topsoil -WTN 50986\n4/6/26 1 x grab load soil and stones -WTN 50987	GBP	1182.00	236.40	1418.40	standard_20	Costs/2026/06/TJS Grab Services Ltd/2026-06-16_TJS Grab Services Ltd_INV-4965.pdf	Invoice INV-4965.pdf	47a271bc26935dbd70cffa64cda1ddff12ee8f0a2c7f687f09a5ab98a3013918	TJS Grab Services Ltd <messaging-service@post.xero.com>	Invoice INV-4965 from TJS Grab Services Ltd for CJB Civils Engineering Ltd	<20260616090735.eee0c58c6e77212b@post.xero.com>	2026-06-16 09:07:35+00	0.950	f	\N	\N	2026-06-16 12:10:34.607496+00	2026-06-16 21:12:26.421798+00	\N	\N	invoice	\N	\N	\N	f	\N	unchecked	\N	\N
8f9cbe17-00d5-4506-8e81-4ce1865837eb	pending_review	Capital Concrete Ltd	Capital Concrete Ltd	41205328	Canning Town Alex	2026-06-13	2026-07-31	STRICTLY NETT MONTHLY	C25/30 SKIP CIIIA 20 SP\nPolypropylene Fibres	GBP	880.00	176.00	1056.00	standard_20	Costs/2026/06/Capital Concrete Ltd/2026-06-13_Capital Concrete Ltd_41205328.pdf	41205328.PDF	ab45b21c226db3fb29f5b27cdc7b0853e7060c57b724312f06271b3449922bf2	Statements & Invoices <Prism.User@brett.co.uk>	Invoice/Credit from Capital Concrete	<CWLP123MB1892E25256AC2B68FF8405AAD7E52@CWLP123MB1892.GBRP123.PROD.OUTLOOK.COM>	2026-06-16 11:02:03+00	1.000	f	\N	\N	2026-06-16 12:53:48.878476+00	2026-06-16 21:12:27.519814+00	\N	\N	invoice	\N	\N	\N	f	\N	unchecked	\N	\N
81b5bfc0-78dd-4191-aa85-f81f0747732e	pending_review	Capital Concrete Ltd	Capital Concrete Ltd	41205341	ORDER NO PER COLLECTION	2026-06-13	2026-07-31	STRICTLY NETT MONTHLY	C25/30 SKIP CEMI 20 NO	GBP	430.40	86.08	516.48	standard_20	Costs/2026/06/Capital Concrete Ltd/2026-06-13_Capital Concrete Ltd_41205341.pdf	41205341.PDF	4e7feed5a22cd476524731f2785de4b9154dce2b3451119df5023eb4f86d67ba	Statements & Invoices <Prism.User@brett.co.uk>	Invoice/Credit from Capital Concrete	<CWLP123MB18929DA800E84523C0588D0CD7E52@CWLP123MB1892.GBRP123.PROD.OUTLOOK.COM>	2026-06-16 11:01:58+00	0.950	f	\N	\N	2026-06-16 12:55:06.667677+00	2026-06-16 21:11:15.614076+00	\N	\N	invoice	\N	\N	\N	f	\N	unchecked	\N	\N
fb7e2d14-cfa4-4eeb-9f57-b60f6d27e1ab	pending_review	Capital Concrete Ltd	Capital Concrete Ltd	41205326	Wokingham	2026-06-13	2026-07-31	STRICTLY NETT MONTHLY	Fuel Surcharge	GBP	5.00	1.00	6.00	standard_20	Costs/2026/06/Capital Concrete Ltd/2026-06-13_Capital Concrete Ltd_41205326.pdf	41205326.PDF	c1c040189f53fe0229d1129494553c5bec7aa12f087e0448293cbd4d836071bc	Statements & Invoices <Prism.User@brett.co.uk>	Invoice/Credit from Capital Concrete	<CWLP123MB1892E25256AC2B68FF8405AAD7E52@CWLP123MB1892.GBRP123.PROD.OUTLOOK.COM>	2026-06-16 11:02:03+00	1.000	f	\N	\N	2026-06-16 12:54:00.983659+00	2026-06-16 21:12:00.083327+00	\N	\N	invoice	\N	\N	\N	f	\N	unchecked	\N	\N
e378b39c-ed0e-4ab3-a25e-e1e1c79822ce	pending_review	Capital Concrete Ltd	Capital Concrete Ltd	41205340	ORDER NO PER COLLECTION	2026-06-13	2026-07-31	STRICTLY NETT MONTHLY	Fuel Surcharge	GBP	4.00	0.80	4.80	standard_20	Costs/2026/06/Capital Concrete Ltd/2026-06-13_Capital Concrete Ltd_41205340.pdf	41205340.PDF	1d0fa85a06a8bdf68cdaab863cbe06e42b9ca209c4626ca2ff511be73e9e1bc8	Statements & Invoices <Prism.User@brett.co.uk>	Invoice/Credit from Capital Concrete	<CWLP123MB18929DA800E84523C0588D0CD7E52@CWLP123MB1892.GBRP123.PROD.OUTLOOK.COM>	2026-06-16 11:01:58+00	0.950	f	\N	\N	2026-06-16 12:55:13.095051+00	2026-06-16 21:11:12.801388+00	\N	\N	invoice	\N	\N	\N	f	\N	unchecked	\N	\N
3f7c32a6-3e8a-478b-aee6-a5946808b0e3	pending_review	Capital Concrete Ltd	Capital Concrete Ltd	41205323	Wokingham	2026-06-13	2026-07-31	STRICTLY NETT MONTHLY	ST4 OSAND CIIIA 20 NO 300	GBP	440.00	88.00	528.00	standard_20	Costs/2026/06/Capital Concrete Ltd/2026-06-13_Capital Concrete Ltd_41205323.pdf	41205323.PDF	281bda3054b4b3572a74d10bf25423699c216ef84fbdf65617a04c31c0ad0187	Statements & Invoices <Prism.User@brett.co.uk>	Invoice/Credit from Capital Concrete	<CWLP123MB1892E25256AC2B68FF8405AAD7E52@CWLP123MB1892.GBRP123.PROD.OUTLOOK.COM>	2026-06-16 11:02:03+00	1.000	f	\N	\N	2026-06-16 12:54:52.25592+00	2026-06-16 21:11:20.619944+00	\N	\N	invoice	\N	\N	\N	f	\N	unchecked	\N	\N
22f06194-c48a-437f-b4f6-f7cbc31e9042	pending_review	Capital Concrete Ltd	Capital Concrete Ltd	41205324	Canning Town Alex	2026-06-13	2026-07-31	STRICTLY NETT MONTHLY	Waiting Time	GBP	102.00	20.40	122.40	standard_20	Costs/2026/06/Capital Concrete Ltd/2026-06-13_Capital Concrete Ltd_41205324.pdf	41205324.PDF	1c057b158abd00b4c84142aff44276e150a5aaadcec3a445f96e803e995bb6dc	Statements & Invoices <Prism.User@brett.co.uk>	Invoice/Credit from Capital Concrete	<CWLP123MB1892E25256AC2B68FF8405AAD7E52@CWLP123MB1892.GBRP123.PROD.OUTLOOK.COM>	2026-06-16 11:02:03+00	1.000	f	\N	\N	2026-06-16 12:54:35.595966+00	2026-06-16 21:11:20.850461+00	\N	\N	invoice	\N	\N	\N	f	\N	unchecked	\N	\N
fa8d85e3-9212-4114-9952-3347147fa9fc	pending_review	Capital Concrete Ltd	Capital Concrete Ltd	41205325	Canning Town Alex	2026-06-13	2026-07-31	STRICTLY NETT MONTHLY	Fuel Surcharge	GBP	8.00	1.60	9.60	standard_20	Costs/2026/06/Capital Concrete Ltd/2026-06-13_Capital Concrete Ltd_41205325.pdf	41205325.PDF	5fbb79473562cf2697381bed40be713d2d1aaa8ce6ddc2df2ce1e345e14c02bb	Statements & Invoices <Prism.User@brett.co.uk>	Invoice/Credit from Capital Concrete	<CWLP123MB1892E25256AC2B68FF8405AAD7E52@CWLP123MB1892.GBRP123.PROD.OUTLOOK.COM>	2026-06-16 11:02:03+00	0.950	f	\N	\N	2026-06-16 12:54:07.510985+00	2026-06-16 21:11:43.351038+00	\N	\N	invoice	\N	\N	\N	f	\N	unchecked	\N	\N
68100f0d-8643-48c5-a272-186dc6c5d864	pending_review	Hanson Quarry Products Europe Limited	Hanson Quarry Products Europe Limited	2032228218	A24 Merington Way	2026-06-13	2026-07-28	\N	AC 10 close surf 100/150 rec HB	GBP	211.44	42.29	253.73	standard_20	Costs/2026/06/Hanson Quarry Products Europe Limited/2026-06-13_Hanson Quarry Products Europe Limited_2032228217_2032228218.pdf	0019460821_20189_G_1.pdf	\N	<noreply_edi@hanson.biz>	Hanson Aggregates - 0019460821 - CJB Civil Engineering Ltd	<5a848c85-0df7-4265-8e78-d41afde6861a@GRPSEFRAN1532.grouphc.net>	2026-06-17 14:34:10+00	0.950	f	\N	AGGREGATES TAX IS INCLUDED AT THE PREVAILING RATE WHERE APPROPRIATE. Please refer queries to: Heidelberg Materials UK Quarry Products PO Box 1828 - BS37 6WA Tel: 0330 123 9055 E-mail: customer.accounts@uk.heidelbergmaterials.com. Hanson Quarry Products Europe Ltd standard conditions of sale apply to this order, a copy of which can be obtained from www.heidelbergmaterials.co.uk. Heidelberg Materials UK Quarry Products is a trading name of Hanson Quarry Products Europe Limited, a private limited company incorporated in England and Wales with registered number 00300002 and with registered address Second Floor, Arena Court, Crown Lane, Maidenhead, Berkshire SL6 8QZ. Hanson Quarry Products Europe Limited is a member of the group headed by Heidelberg Materials AG.\nMulti-invoice PDF (2 of 2)	2026-06-17 15:30:56.037943+00	2026-06-19 18:17:42.44591+00	\N	\N	invoice	\N	\N	\N	f	\N	unchecked	\N	\N
f59d7041-2283-40a4-b906-1fc02d8cc075	pending_review	H. Sivyer Transport LTD T/A Holcim UK	H. Sivyer Transport LTD T/A Holcim UK	461882	CS4	2026-06-15	2026-06-30	30 DAYS EOM	MIXED CONSTRUCTION AND DEMOLITION WASTE 170904-170904\nMIXED CONSTRUCTION AND DEMOLITION WASTE 170904-170904\nMIXED CONSTRUCTION AND DEMOLITION WASTE 170904-170904	GBP	900.00	180.00	1080.00	standard_20	Costs/2026/06/H. Sivyer Transport LTD T A Holcim UK/2026-06-15_H. Sivyer Transport LTD T A Holcim UK_461882.pdf	Invoice - 461882 - 2026-06-16.pdf	f3a48c87a5ffa74d6a7bf6c770a8a34efae0233627c9c459d316e327635546ea	salesinvoice.recycling@holcim.co.uk	Sales Invoice [Our Ref: 461882]	<6a315e63.cd952b0a.2e7878.542dSMTPIN_ADDED_MISSING@mx.google.com>	2026-06-16 14:32:00+00	0.900	f	\N	COPY POD'S WILL BE CHARGABLE AT \n\n£4.00 EACH THIS CHARGE WILL BE ADDED TO THE ACCOUNT	2026-06-16 15:30:46.482457+00	2026-06-16 21:10:51.567531+00	\N	\N	invoice	\N	\N	\N	f	\N	unchecked	\N	\N
4f4c9f0b-a1b9-4d8a-ac77-0a382fe5b39f	pending_review	Capital Concrete Ltd	Capital Concrete Ltd	41205333	Wokingham	2026-06-13	2026-07-31	STRICTLY NETT MONTHLY	ST4 OSAND CIIIA 20 NO 300	GBP	550.00	110.00	660.00	standard_20	Costs/2026/06/Capital Concrete Ltd/2026-06-13_Capital Concrete Ltd_41205333.pdf	41205333.PDF	7d896a9dad36e133f6a389095865ad92418136041a5328e8e8c1a7a6421ad021	Statements & Invoices <Prism.User@brett.co.uk>	Invoice/Credit from Capital Concrete	<CWLP123MB18929DA800E84523C0588D0CD7E52@CWLP123MB1892.GBRP123.PROD.OUTLOOK.COM>	2026-06-16 11:01:58+00	0.950	f	\N	\N	2026-06-16 12:57:50.95002+00	2026-06-16 21:10:52.638157+00	\N	\N	invoice	\N	\N	\N	f	\N	unchecked	\N	\N
7e7bf032-d39b-4d26-83da-efedb21654c6	pending_review	Capital Concrete Ltd	Capital Concrete Ltd	41205335	Canning Town Alex	2026-06-13	2026-07-31	STRICTLY NETT MONTHLY	Waiting Time	GBP	74.00	14.80	88.80	standard_20	Costs/2026/06/Capital Concrete Ltd/2026-06-13_Capital Concrete Ltd_41205335.pdf	41205335.PDF	0c62a7685a3ccf33f061ad283e983f1bc3a82b328d53834830e3f8aac88b9764	Statements & Invoices <Prism.User@brett.co.uk>	Invoice/Credit from Capital Concrete	<CWLP123MB18929DA800E84523C0588D0CD7E52@CWLP123MB1892.GBRP123.PROD.OUTLOOK.COM>	2026-06-16 11:01:58+00	1.000	f	\N	\N	2026-06-16 12:57:24.216907+00	2026-06-16 21:11:00.840263+00	\N	\N	invoice	\N	\N	\N	f	\N	unchecked	\N	\N
37d1024b-c44f-4142-9dc2-02ebb02e82fd	pending_review	Capital Concrete Ltd	Capital Concrete Ltd	41205334	Wokingham	2026-06-13	2026-07-31	STRICTLY NETT MONTHLY	ST4 OSAND CIIIA 20 NO 300	GBP	330.00	66.00	396.00	standard_20	Costs/2026/06/Capital Concrete Ltd/2026-06-13_Capital Concrete Ltd_41205334.pdf	41205334.PDF	550235699f8f501be23609f1689d8f90145428d2719440ed35c2027f00fcdab1	Statements & Invoices <Prism.User@brett.co.uk>	Invoice/Credit from Capital Concrete	<CWLP123MB18929DA800E84523C0588D0CD7E52@CWLP123MB1892.GBRP123.PROD.OUTLOOK.COM>	2026-06-16 11:01:58+00	0.950	f	\N	\N	2026-06-16 12:57:34.568642+00	2026-06-16 21:11:02.275115+00	\N	\N	invoice	\N	\N	\N	f	\N	unchecked	\N	\N
42b08f57-caae-4e87-8114-1825b2a13ba1	pending_review	Recycled Material Supplies Ltd	Recycled Material Supplies Ltd	00063741	E16 1BJ	2026-06-16	2026-07-16	Payment Terms 30 Days, from month end.	INERT SOIL AND STONE\nFuel S/Chg @ \n\n\n\n\n\n\n\n\n\n\n\n\n\n\n\n\n\n\n\n\n\n\n\n\n\n\n\n\n\n\n\n\n\n\n\n\n\n\n\n\n\n\n\n\n\n\n\n\n\n\n\n\n\n\n\n\n\n\n\n\n\n\n\n\n\n\n\n\n\n\n\n\n\n\n\n\n\n\n\n\n\n\n\n\n\n\n\n\n\n\n\n\n\n\n\n\n\n\n\n\n\n\n\n\n\n\n\n\n\n\n\n\n\n\n\n\n\n\n\n\n\n\n\n\n\n\n\n\n\n\n\n\n\n\n\n\n\n\n\n\n\n\n\n\n\n\n\n\n\n\n\n\n\n\n\n\n\n\n\n\n\n\n\n\n\n\n\n\n\n\n\n\n\n\n\n\n\n\n\n\n\n\n\n\n\n\n\n\n\n\n\n\n\n\n\n\n\n\n\n\n\n\n\n\n\n\n\n\n\n\n\n\n\n\n\n\n\n\n\n\n\n\n\n\n\n\n\n\n\n\n\n\n\n\n\n\n\n\n\n\n\n\n\n\n\n\n\n\n\n\n\n\n\n\n\n\n\n\n\n\n\n\n\n\n\n\n\n\n\n\n\n\n\n\n\n\n\n\n\n\n\n\n\n\n\n\n\n\n\n\n\n\n\n\n\n\n\n\n\n\n\n\n\n\n\n\n\n\n\n\n\n\n\n\n\n\n\n\n\n\n\n\n\n\n\n\n\n\n\n\n\n\n\n\n\n\n\n\n\n\n\n\n\n\n\n\n\n\n\n\n\n\n\n\n\n\n\n\n\n\n\n\n\n\n\n\n\n\n\n\n\n\n\n\n\n\n\n\n\n\n\n\n\n\n\n\n\n\n\n\n\n\n\n\n\n\n\n\n\n\n\n\n\n\n\n\n\n\n\n\n\n\n\n\n\n\n\n\n\n\n\n\n\n\n\n\n\n\n\n\n\n\n\n\n\n\n\n\n\n\n\n\n\n\n\n\n\n\n\n\n\n\n\n\n\n\n\n\n\n\n\n\n\n\n\n\n\n\n\n\n\n\n\n\n\n\n\n\n\n\n\n\n\n\n\n\n\n\n\n\n\n\n\n\n\n\n\n\n\n\n\n\n\n\n\n\n\n\n\n\n\n\n\n\n\n\n\n\n\n\n\n\n\n\n\n\n\n\n\n\n\n\n\n\n\n\n\n\n\n\n\n\n\n\n\n\n\n\n\n\n\n\n\n\n\n\n\n\n\n\n\n\n\n\n\n\n\n\n\n\n\n\n\n\n\n\n\n\n\n\n\n\n\n\n\n\n\n\n\n\n\n\n\n\n\n\n\n\n\n\n\n\n\n\n\n\n\n\n\n\n\n\n\n\n\n\n\n\n\n\n\n\n\n\n\n\n\n\n\n\n\n\n\n\n\n\n\n\n\n\n\n\n\n\n\n\n\n\n\n\n\n\n\n\n\n\n\n\n\n\n\n\n\n\n\n\n\n\n\n\n\n\n\n\n\n\n\n\n\n\n\n\n\n\n\n\n\n\n\n\n\n\n\n\n\n\n\n\n\n\n\n\n\n\n\n\n\n\n\n\n\n\n\n\n\n\n\n\n\n\n\n\n\n\n\n\n\n\n\n\n\n\n\n\n\n\n\n\n\n\n\n\n\n\n\n\n\n\n\n\n\n\n\n\n\n\n\n\n\n\n\n\n\n\n\n\n\n\n\n\n\n\n\n\n\n\n\n\n\n\n\n\n\n\n\n\n\n\n\n\n\n\n\n\n\n\n\n\n\n\n\n\n\n\n\n\n\n\n\n\n\n\n\n\n\n\n\n\n\n\n\n\n\n\n\n\n\n\n\n\n\n\n\n\n\n\n\n\n\n\n\n\n\n\n\n\n\n\n\n\n\n\n\n\n\n\n\n\n\n\n\n\n\n\n\n\n\n\n\n\n\n\n\n\n\n\n\n\n\n\n\n\n\n\n\n\n\n\n\n\n\n\n\n\n\n\n\n\n\n\n\n\n\n\n\n\n\n\n\n\n\n\n\n\n\n\n\n\n\n\n\n\n\n\n\n\n\n\n\n\n\n\n\n\n\n\n\n\n\n\n\n\n\n\n\n\n\n\n\n\n\n\n\n\n\n\n\n\n\n\n\n\n\n\n\n\n\n\n\n\n\n\n\n\n\n\n\n\n\n\n\n\n\n\n\n\n\n\n\n\n\n\n\n\n\n\n\n\n\n\n\n\n\n\n\n\n\n\n\n\n\n\n\n\n\n\n\n\n\n\n\n\n\n\n\n\n\n\n\n\n\n\n\n\n\n\n\n\n\n\n\n\n\n\n\n\n\n\n\n\n\n\n\n\n\n\n\n\n\n\n\n\n\n\n\n\n\n\n\n\n\n\n\n\n\n\n\n\n\n\n\n\n\n\n\n\n\n\n\n\n\n\n\n\n\n\n\n\n\n\n\n\n\n\n\n\n\n\n\n\n\n\n\n\n\n\n\n\n\n\n\n\n\n\n\n\n\n\n\n\n\n\n\n\n\n\n\n\n\n\n\n\n\n\n\n\n\n\n\n\n\n\n\n\n\n\n\n\n\n\n\n\n\n\n\n\n\n\n\n\n\n\n\n\n\n\n\n\n\n\n\n\n\n\n\n\n\n\n\n\n\n\n\n\n\n\n\n\n\n\n\n\n\n\n\n\n\n\n\n\n\n\n\n\n\n\n\n\n\n\n\n\n\n\n\n\n\n\n\n\n\n\n\n\n\n\n\n\n\n\n\n\n\n\n\n\n\n\n\n\n\n\n\n\n\n\n\n\n\n\n\n\n\n\n\n\n\n\n\n\n\n\n\n\n\n\n\n\n\n\n\n\n\n\n\n\n\n\n\n\n\n\n\n\n\n\n\n\n\n\n\n\n\n\n\n\n\n\n\n\n\n\n\n\n\n\n\n\n\n\n\n\n\n\n\n\n\n\n\n\n\n\n\n\n\n\n\n\n\n\n\n\n\n\n\n\n\n\n\n\n\n\n\n\n\n\n\n\n\n\n\n\n\n\n\n\n\n\n\n\n\n\n\n\n\n\n\n\n\n\n\n\n\n\n\n\n\n\n\n\n\n\n\n\n\n\n\n\n\n\n\n\n\n\n\n\n\n\n\n\n\n\n\n\n\n\n\n\n\n\n\n\n\n\n\n\n\n\n\n\n\n\n\n\n\n\n\n\n\n\n\n\n\n\n\n\n\n\n\n\n\n\n\n\n\n\n\n\n\n\n\n\n\n\n\n\n\n\n\n\n\n\n\n\n\n\n\n\n\n\n\n\n\n\n\n\n\n\n\n\n\n\n\n\n\n\n\n\n\n\n\n\n\n\n\n\n\n\n\n\n\n\n\n\n\n\n\n\n\n\n\n\n\n\n\n\n\n\n\n\n\n\n\n\n\n\n\n\n\n\n\n\n\n\n\n\n\n\n\n\n\n\n\n\n\n\n\n\n\n\n\n\n\n\n\n\n\n\n\n\n\n\n\n\n\n\n\n\n\n\n\n\n\n\n\n\n\n\n\n\n\n\n\n\n\n\n\n\n\n\n\n\n\n\n\n\n\n\n\n\n\n\n\n\n\n\n\n\n\n\n\n\n\n\n\n\n\n\n\n\n\n\n\n\n\n\n\n\n\n\n\n\n\n\n\n\n\n\n\n\n\n\n\n\n\n\n\n\n\n\n\n\n\n\n\n\n\n\n\n\n\n\n\n\n\n\n\n\n\n\n\n\n\n\n\n\n\n\n\n\n\n\n\n\n\n\n\n\n\n\n\n\n\n\n\n\n\n\n\n\n\n\n\n\n\n\n\n\n\n\n\n\n\n\n\n\n\n\n\n\n\n\n\n\n\n\n\n\n\n\n\n\n\n\n\n\n\n\n\n\n\n\n\n\n\n\n\n\n\n\n\n\n\n\n\n\n\n\n\n\n\n\n\n\n\n\n\n\n\n\n\n\n\n\n\n\n\n\n\n\n\n\n\n\n\n\n\n\n\n\n\n\n\n\n\n\n\n\n\n\n\n\n\n\n\n\n\n\n\n\n\n\n\n\n\n\n\n\n\n\n\n\n\n\n\n\n\n\n\n\n\n\n\n\n\n\n\n\n\n\n\n\n\n\n\n\n\n\n\n\n\n\n\n\n\n\n\n\n\n\n\n\n\n\n\n\n\n\n\n\n\n\n\n\n\n\n\n\n\n\n\n\n\n\n\n\n\n\n\n\n\n\n\n\n\n\n\n\n\n\n\n\n\n\n\n\n\n\n\n\n\n\n\n\n\n\n\n\n\n\n\n\n\n\n\n\n\n\n\n\n\n\n\n\n\n\n\n\n\n\n\n\n\n\n\n\n\n\n\n\n\n\n\n\n\n\n\n\n\n\n\n\n\n\n\n\n\n\n\n\n\n\n\n\n\n\n\n\n\n\n\n\n\n\n\n\n\n\n\n\n\n\n\n\n\n\n\n\n\n\n\n\n\n\n\n\n\n\n\n\n\n\n\n\n\n\n\n\n\n\n\n\n\n\n\n\n\n\n\n\n\n\n\n\n\n\n\n\n\n\n\n\n\n\n\n\n\n\n\n\n\n\n\n\n\n\n\n\n\n\n\n\n\n\n\n\n\n\n\n\n\n\n\n\n\n\n\n\n\n\n\n\n\n\n\n\n\n\n\n\n\n\n\n\n\n\n\n\n\n\n\n\n\n\n\n\n\n\n\n\n\n\n\n\n\n\n\n\n\n\n\n\n\n\n\n\n\n\n\n\n\n\n\n\n\n\n\n\n\n\n\n\n\n\n\n\n\n\n\n\n\n\n\n\n\n\n\n\n\n\n\n\n\n\n\n\n\n\n\n\n\n\n\n\n\n\n\n\n\n\n\n\n\n\n\n\n\n\n\n\n\n\n\n\n\n\n\n\n\n\n\n\n\n\n\n\n\n\n\n\n\n\n\n\n\n\n\n\n\n\n\n\n\n\n\n\n\n\n\n\n\n\n\n\n\n\n\n\n\n\n\n\n\n\n\n\n\n\n\n\n\n\n\n\n\n\n\n\n\n\n\n\n\n\n\n\n\n\n\n\n\n\n\n\n\n\n\n\n\n\n\n\n\n\n\n\n\n\n\n\n\n/ Recycled Material Supplies Ltd. The company is a supplier of recycled materials. The company's address is 71 Ferry Lane South, Rainham, Essex, RM13 9DB. The company's registration number is 06221599. The company's VAT registration number is 905-688-104. The company's telephone number is 0207 511 1821. The company's bank is Barclays Bank, Sort Code: 20-78-98, Account No: 33916103. The payment terms are 30 Days, from month end. All queries must be notified to the accounts office within 7 days to query@rmseastlondon.co.uk.	GBP	300.00	60.00	360.00	standard_20	Costs/2026/06/Recycled Material Supplies Ltd/2026-06-16_Recycled Material Supplies Ltd_00063741.pdf	invoice     63741.pdf	b86063a4438cf6fbe0b9d506aefcd7bfb8e74f520e5d59081cf436fe1057b447	invoices@rmseastlondon.co.uk	Invoice from Recycled Material Supplies Ltd Invoice No:     63741	<5AE9D6A4159F9287592F4407F8BCA49EB5BB9525@HOSTEDTMS07>	2026-06-16 13:48:09+00	0.900	f	\N	\N	2026-06-16 15:31:42.442779+00	2026-06-16 21:11:03.876634+00	\N	\N	invoice	\N	\N	\N	f	\N	unchecked	\N	\N
14c340cc-90d2-4bdc-b7f6-344966599be3	pending_review	Capital Concrete Ltd	Capital Concrete Ltd	41205337	Wokingham	2026-06-13	2026-07-31	STRICTLY NETT MONTHLY	Fuel Surcharge	GBP	5.00	1.00	6.00	standard_20	Costs/2026/06/Capital Concrete Ltd/2026-06-13_Capital Concrete Ltd_41205337.pdf	41205337.PDF	70ea43c6c9db1f4f8e30bb230232f9d975189b629c47f7024b4271a2db8e0216	Statements & Invoices <Prism.User@brett.co.uk>	Invoice/Credit from Capital Concrete	<CWLP123MB18929DA800E84523C0588D0CD7E52@CWLP123MB1892.GBRP123.PROD.OUTLOOK.COM>	2026-06-16 11:01:58+00	0.950	f	\N	\N	2026-06-16 12:56:27.29734+00	2026-06-16 21:11:07.447152+00	\N	\N	invoice	\N	\N	\N	f	\N	unchecked	\N	\N
1a41318f-c561-42ec-8d4a-d306a49333df	pending_review	Capital Concrete Ltd	Capital Concrete Ltd	41205336	Canning Town Alex	2026-06-13	2026-07-31	STRICTLY NETT MONTHLY	Fuel Surcharge	GBP	8.00	1.60	9.60	standard_20	Costs/2026/06/Capital Concrete Ltd/2026-06-13_Capital Concrete Ltd_41205336.pdf	41205336.PDF	de30ce437317f9200dd4fce2b475720e26e8a5881ba54cd49e2c421d172878bc	Statements & Invoices <Prism.User@brett.co.uk>	Invoice/Credit from Capital Concrete	<CWLP123MB18929DA800E84523C0588D0CD7E52@CWLP123MB1892.GBRP123.PROD.OUTLOOK.COM>	2026-06-16 11:01:58+00	1.000	f	\N	\N	2026-06-16 12:56:44.523338+00	2026-06-16 21:11:07.82612+00	\N	\N	invoice	\N	\N	\N	f	\N	unchecked	\N	\N
86e41fdb-bfe0-4e03-a4a9-14e7aaaa397e	pending_review	Capital Concrete Ltd	Capital Concrete Ltd	41205338	Canning Town Alex	2026-06-13	2026-07-31	STRICTLY NETT MONTHLY	C25/30 SKIP CIIIA 20 SP\nPolypropylene Fibres	GBP	880.00	176.00	1056.00	standard_20	Costs/2026/06/Capital Concrete Ltd/2026-06-13_Capital Concrete Ltd_41205338.pdf	41205338.PDF	836fc56357ef28de5c4ed0b854ba259646e409eda323f28b636b87e25f5edfab	Statements & Invoices <Prism.User@brett.co.uk>	Invoice/Credit from Capital Concrete	<CWLP123MB18929DA800E84523C0588D0CD7E52@CWLP123MB1892.GBRP123.PROD.OUTLOOK.COM>	2026-06-16 11:01:58+00	0.950	f	\N	\N	2026-06-16 12:56:14.558725+00	2026-06-16 21:11:10.259027+00	\N	\N	invoice	\N	\N	\N	f	\N	unchecked	\N	\N
fa4d2a63-0752-44bf-9e89-0254f0b39b7c	pending_review	Capital Concrete Ltd	Capital Concrete Ltd	41205339	Wokingham	2026-06-13	2026-07-31	STRICTLY NETT MONTHLY	ST4 OSAND CIIIA 20 NO 300	GBP	550.00	110.00	660.00	standard_20	Costs/2026/06/Capital Concrete Ltd/2026-06-13_Capital Concrete Ltd_41205339.pdf	41205339.PDF	8134a9228bd047ff29e03efb2223c689d348ac06160b2c3d89d417aa09f6f992	Statements & Invoices <Prism.User@brett.co.uk>	Invoice/Credit from Capital Concrete	<CWLP123MB18929DA800E84523C0588D0CD7E52@CWLP123MB1892.GBRP123.PROD.OUTLOOK.COM>	2026-06-16 11:01:58+00	0.900	f	\N	\N	2026-06-16 12:55:31.224981+00	2026-06-16 21:11:14.381396+00	\N	\N	invoice	\N	\N	\N	f	\N	unchecked	\N	\N
b71e2b6a-1504-41cf-88d5-8f2a48c9784c	pending_review	Capital Concrete Ltd	Capital Concrete Ltd	41205321	Wokingham	2026-06-13	2026-07-31	STRICTLY NETT MONTHLY	ST4 OSAND CIIIA 20 NO 300	GBP	440.00	88.00	528.00	standard_20	Costs/2026/06/Capital Concrete Ltd/2026-06-13_Capital Concrete Ltd_41205321.pdf	41205321.PDF	2dc38565a9a30e00dea6e814714ca088e4419c2d54efb98e5d958c82405be3fc	Statements & Invoices <Prism.User@brett.co.uk>	Invoice/Credit from Capital Concrete	<CWLP123MB189252DEDF78695DFE5FC8D6D7E52@CWLP123MB1892.GBRP123.PROD.OUTLOOK.COM>	2026-06-16 11:01:59+00	1.000	f	\N	\N	2026-06-16 12:55:00.515138+00	2026-06-16 21:11:18.830767+00	\N	\N	invoice	\N	\N	\N	f	\N	unchecked	\N	\N
d9e79c07-8ed7-4fd7-b967-d764120ca2d8	pending_review	Capital Concrete Ltd	Capital Concrete Ltd	41205332	Wokingham	2026-06-13	2026-07-31	STRICTLY NETT MONTHLY	Fuel Surcharge	GBP	3.00	0.60	3.60	standard_20	Costs/2026/06/Capital Concrete Ltd/2026-06-13_Capital Concrete Ltd_41205332.pdf	41205332.PDF	70ba0bf886895d0c43b18d1dec66e8ba0e025450c24893437682131e873f3a10	Statements & Invoices <Prism.User@brett.co.uk>	Invoice/Credit from Capital Concrete	<CWLP123MB1892E25256AC2B68FF8405AAD7E52@CWLP123MB1892.GBRP123.PROD.OUTLOOK.COM>	2026-06-16 11:02:03+00	0.950	f	\N	\N	2026-06-16 11:45:39.234918+00	2026-06-16 21:12:41.976515+00	\N	\N	invoice	\N	\N	\N	f	\N	unchecked	\N	\N
ec348eb2-b78c-4959-907f-3ae10d0dae00	pending_review	KASPA Sign Products Ltd.	KASPA Sign Products Ltd.	71605	Woodlands - order no.	2026-06-16	2026-07-16	Net 30 Days	Sign products and accessories	GBP	1030.48	206.09	1236.57	standard_20	Costs/2026/06/KASPA Sign Products Ltd/2026-06-16_KASPA Sign Products Ltd._71605.pdf	Invoice 71605.pdf	ee6147f1e216e7273d852a2e6d2a7ead1c3ad0095367855ce1fdcb6cde7142ac	<admin@kaspasigns.co.uk>	Invoice 71605 from KASPA Sign Products Ltd.	<00e401dcfda3$ba82e7b0$2f88b710$@kaspasigns.co.uk>	2026-06-16 15:20:56+00	0.900	f	\N	\N	2026-06-16 15:30:39.900172+00	2026-06-16 21:37:27.809241+00	\N	\N	invoice	\N	\N	\N	f	\N	unchecked	\N	\N
bb79e5bc-efcc-4e30-b699-f8ad7d2daa75	pending_review	Keyline Civils Specialist Limited	Keyline Civils Specialist Limited	1045692753	CS4	2026-06-16	2026-07-31	NET MONTHLY	HARGREAVES 150MM HALIFAX CAST IRON DRAIN 3M DOBLE SPIGOT DRAIN PIPE HD6001\nPOLYPIPE 150MMX6M BLACK RIDGIDUCT ENATS EN1224 T/W DUCT RB150X6\nPOLYPIPE 150MM BLACK RIDGIDUCT COUPLER RBC150	GBP	1424.10	284.82	1708.92	standard_20	Costs/2026/06/Keyline Civils Specialist Limited/2026-06-16_Keyline Civils Specialist Limited_1045692753.pdf	1045692753_1.pdf	7b61b4aedf949227040dde73545ad23c6613c18ea6a971a10b3a9c485be25955	Keyline E-Billing <ebilling@keyline.co.uk>	(PR3955) Keyline Invoice (1045692753) Attached	<1666234429.448829.1781635898935@smtp.email.uk-london-1.oraclecloud.com>	2026-06-16 18:51:38+00	1.000	f	\N	\N	2026-06-16 19:30:42.338201+00	2026-06-16 21:10:38.803135+00	\N	\N	invoice	\N	\N	\N	f	\N	unchecked	\N	\N
a5af6ad0-5b81-433b-99ec-aef88316e841	pending_review	Hanson Quarry Products Europe Limited	Hanson Quarry Products Europe Limited	2032207042	Marylbourne road	2026-06-03	2026-07-28	\N	AC 20 dense bin 100/150 des LB	GBP	251.18	50.24	301.42	standard_20	Costs/2026/06/Hanson Quarry Products Europe Limited/2026-06-03_Hanson Quarry Products Europe Limited_2032207042.pdf	0019460821_20189_G_1.pdf	2de925f610088727c8dd15466ea813b0cb7de298b01b7e50ecc5f9dbd623570e	<noreply_edi@hanson.biz>	Hanson Aggregates - 0019460821 - CJB Civil Engineering Ltd	<05e5b085-3e3f-4470-b967-a129e1be6490@GRPSEFRAN1532.grouphc.net>	2026-06-08 09:45:08+00	0.950	f	\N	AGGREGATES TAX IS INCLUDED AT THE PREVAILING RATE WHERE APPROPRIATE	2026-06-17 08:45:22.719055+00	2026-06-19 18:00:24.554203+00	\N	\N	invoice	\N	\N	\N	f	\N	unchecked	\N	\N
7d3e9473-9cdc-45c7-a053-445754a754a8	pending_review	Keyline Civils Specialist Limited	Keyline Civils Specialist Limited	1045692749	\N	2026-06-16	2026-07-31	NET MONTHLY	FAST SET FLOWABLE CONCRETE QC10F BFILL ACCESS COVER REINSTATEMENTS	GBP	495.00	99.00	594.00	standard_20	Costs/2026/06/Keyline Civils Specialist Limited/2026-06-16_Keyline Civils Specialist Limited_1045692749.pdf	1045692749_1.pdf	5ec0b4cc4a42fed8c01a83ec2cc11eabdb71d62f45815efbb5fe51fd67c08ae1	Keyline E-Billing <ebilling@keyline.co.uk>	(PR3955) Keyline Invoice (1045692749) Attached	<228903995.448827.1781635898581@smtp.email.uk-london-1.oraclecloud.com>	2026-06-16 18:51:38+00	1.000	f	\N	\N	2026-06-16 19:30:50.242993+00	2026-06-16 21:37:27.809241+00	\N	\N	invoice	\N	\N	\N	f	\N	unchecked	\N	\N
d5df2255-6003-468b-a40c-5d97d6a70b75	pending_review	Travis Perkins Trading Company Ltd	Travis Perkins Trading Company Ltd	1045687036	CS4	2026-06-16	2026-07-31	NET MONTHLY	BLUE CIRCLE POSTCRETE 20KG	GBP	49.76	9.95	59.71	standard_20	Costs/2026/06/Travis Perkins Trading Company Ltd/2026-06-16_Travis Perkins Trading Company Ltd_1045687036.pdf	1045687036_1.pdf	f0b5e562d6c64de6b9da4dbe34f7c699e4a24ac897f0ed32ef484089a73102d1	TP E-Billing <ebilling@travisperkins.co.uk>	(HT5272) TP Invoice (1045687036) Attached	<1987892028.431276.1781631612033@smtp.email.uk-london-1.oraclecloud.com>	2026-06-16 17:40:12+00	0.900	f	\N	\N	2026-06-16 19:30:56.929538+00	2026-06-16 21:10:38.300147+00	\N	\N	invoice	\N	\N	\N	f	\N	unchecked	\N	\N
3a0b3a30-1ac1-40d8-9d94-8f930ea947c8	pending_review	Keyline Civils Specialist Limited	Keyline Civils Specialist Limited	1045692917	CANNING TOWN	2026-06-16	2026-07-31	NET MONTHLY	ULTRACRETE M60 BBA/HAPAS APPR FST ST RPDD STRGTH IRNWRK BEDDING MORTAR 25KG.	GBP	165.00	33.00	198.00	standard_20	Costs/2026/06/Keyline Civils Specialist Limited/2026-06-16_Keyline Civils Specialist Limited_1045692917.pdf	1045692917_1.pdf	031ee361658557eba1b8f6a38dd1359ce8d4e8ca30b4aaf7c8e6a8f8a3d6b75c	Keyline E-Billing <ebilling@keyline.co.uk>	(PR3955) Keyline Invoice (1045692917) Attached	<634388717.449217.1781635973320@smtp.email.uk-london-1.oraclecloud.com>	2026-06-16 18:52:53+00	1.000	f	\N	\N	2026-06-16 19:30:29.586707+00	2026-06-16 21:10:44.223792+00	\N	\N	invoice	\N	\N	\N	f	\N	unchecked	\N	\N
86ff79d9-3f84-4337-849d-37b25c2dc437	pending_review	Keyline Civils Specialist Limited	Keyline Civils Specialist Limited	1045692918	CANNINGTOWNBUS	2026-06-16	2026-07-31	NET MONTHLY	ACO MULTIDRAIN M100D 23000 NO 0.0 CHANNEL GALV RAIL 1000MM D400\nACO MULTIDRAIN M100D 12614 NO 423DL GRATING GALV SLOTTED 1000MM C250	GBP	205.41	41.08	246.49	standard_20	Costs/2026/06/Keyline Civils Specialist Limited/2026-06-16_Keyline Civils Specialist Limited_1045692918.pdf	1045692918_1.pdf	836e50574a3df355313f8aa69039898e9deb13fb859f04585d78be832025e417	Keyline E-Billing <ebilling@keyline.co.uk>	(PR3955) Keyline Invoice (1045692918) Attached	<155654921.449141.1781635958614@smtp.email.uk-london-1.oraclecloud.com>	2026-06-16 18:52:38+00	1.000	f	\N	\N	2026-06-16 19:30:35.266912+00	2026-06-16 21:10:45.960067+00	\N	\N	invoice	\N	\N	\N	f	\N	unchecked	\N	\N
efcea91f-b4fa-4b57-aee1-0c324979591b	pending_review	H. Sivyer Transport LTD T/A Holcim UK	H. Sivyer Transport LTD T/A Holcim UK	461734	NA	2026-06-13	2026-06-30	30 DAYS EOM	MIXED CONSTRUCTION AND DEMOLITION WASTE 170904-170904\nMIXED CONSTRUCTION AND DEMOLITION WASTE 170904-170904	GBP	600.00	120.00	720.00	standard_20	Costs/2026/06/H. Sivyer Transport LTD T A Holcim UK/2026-06-13_H. Sivyer Transport LTD T A Holcim UK_461734.pdf	Invoice - 461734 - 2026-06-16.pdf	6e9ae1507dd64c8245c69f5fd62bc0ceeb7ab47f9bddad32e9ce252718cee603	salesinvoice.recycling@holcim.co.uk	Sales Invoice [Our Ref: 461734]	<6a310aaf.8d34da2c.1a2adc.c951SMTPIN_ADDED_MISSING@mx.google.com>	2026-06-16 08:34:53+00	0.950	f	\N	COPY POD'S WILL BE CHARGABLE AT \n£4.00 EACH THIS CHARGE WILL BE ADDED TO THE ACCOUNT. All Invoice Queries must be received by our Credit Control Dept within 14 days.	2026-06-16 12:11:34.09353+00	2026-06-16 21:12:13.595755+00	\N	\N	invoice	\N	\N	\N	f	\N	unchecked	\N	\N
3c0eb5c5-fe00-463f-8f21-67363fd87484	pending_review	Hanson Quarry Products Europe Limited	Hanson Quarry Products Europe Limited	2032221648	Wokingham	2026-06-10	2026-07-28	\N	Type 1 Limestone	GBP	343.05	68.61	411.66	standard_20	Costs/2026/06/Hanson Quarry Products Europe Limited/2026-06-10_Hanson Quarry Products Europe Limited_2032221648.pdf	0019460821_20189_G_1.pdf	d042b499d38103da0bdc229627c70fa77f8488ea3baccb22c3214f086a7ac523	<noreply_edi@hanson.biz>	Hanson Aggregates - 0019460821 - CJB Civil Engineering Ltd	<edd7415e-7fc8-4ca7-870b-47e8c11e524f@GRPSEFRAN1532.grouphc.net>	2026-06-12 14:42:02+00	0.950	f	\N	\N	2026-06-16 23:37:16.974416+00	2026-06-19 18:00:18.870642+00	\N	\N	invoice	\N	\N	\N	f	\N	unchecked	\N	\N
256d5400-cda7-49c0-aacb-856ba88dfd17	pending_review	Tarmac Trading Limited	Tarmac Trading Limited	9051266070	NA	2026-06-16	2026-07-31	Net Monthly	AC 20 DENSE BIN 100/150 DES (EN13108-1) WOKINGHAM (KP25TAR)	GBP	1897.39	379.47	2276.86	standard_20	Costs/2026/06/Tarmac Trading Limited/2026-06-16_Tarmac Trading Limited_9051266070.pdf	Tarmac invoice 9051266070.pdf	3eb9049a47fe4cccf3a04a29cf19be58f630637b6c45e20b653e0f3647af72ea	Tarmac Invoice <lt.invoice@tarmac.com>	Tarmac invoice 9051266070	<ADR51000001186343001850C0896BFEB1FE19B898E8A76FDFB0D@tarmac.com>	2026-06-20 02:04:03+00	0.950	f	\N	\N	2026-06-20 03:30:17.110955+00	2026-06-20 03:30:17.110955+00	\N	\N	invoice	\N	\N	\N	f	\N	unchecked	\N	\N
0227938c-f602-4546-ae60-76e8ff00129b	pending_review	BBS Natural Stone Specialists Limited	BBS Natural Stone Specialists Limited	786	CS4 - BATCH 2 (JAN-MAR)	2026-05-29	2026-06-30	Net Monthly	Phase 2C: DR2-900-RExt5 Trans Kerb 900 x 150 x 300/175 as Drg: PTS10282B-DR2-900-RExt5.0; DL2-900-RExt5 Trans Kerb 900 x 150 x 300/175 as Drg: PTS10282B-DL2-900-RExt5.0	GBP	139.84	27.96	167.80	standard_20	Costs/2026/05/BBS Natural Stone Specialists Limited/2026-05-12_BBS Natural Stone Specialists Limited_671_687_688_689_690_706_758_764_767_768_785_786_multi-12_v2.pdf	invoice copies.pdf	\N	Kate Hodgkin <k.hodgkin@bbsnaturalstone.co.uk>	RE: BBS Natural Stone Specialists Limited - Statement	<AS8PR08MB6072FD5D70DC5CAD92ED6345A4E52@AS8PR08MB6072.eurprd08.prod.outlook.com>	2026-06-16 11:01:35+00	1.000	f	\N	Multi-invoice PDF (12 of 12)	2026-06-16 23:19:58.431359+00	2026-06-16 23:19:58.431359+00	\N	\N	invoice	\N	\N	\N	f	\N	unchecked	\N	\N
07478f26-617c-4198-b32c-0c4fa7768886	pending_review	Keyline Civils Specialist Limited	Keyline Civils Specialist Limited	1045492676	PFL	2026-06-12	2026-07-31	NET MONTHLY	BALLAST BULK BAG; SHARP / GRIT SAND BULK BAG	GBP	324.00	64.80	388.80	standard_20	Costs/2026/06/Keyline Civils Specialist Limited/2026-06-12_Keyline Civils Specialist Limited_1045492676.pdf	1045492676_1.pdf	3378af360dcfd9d1ee4af711f4133396a8c3b4b79dd1e3b6d870097033491245	Keyline E-Billing <ebilling@keyline.co.uk>	(PR3955) Keyline Invoice (1045492676) Attached	<896556917.421143.1781282213412@smtp.email.uk-london-1.oraclecloud.com>	2026-06-12 16:36:53+00	1.000	f	\N	\N	2026-06-16 23:36:12.28724+00	2026-06-16 23:36:12.28724+00	\N	\N	invoice	\N	\N	\N	f	\N	unchecked	\N	\N
0d2d6001-cbe7-464e-9022-49912e2acf15	pending_review	H. Sivyer Transport LTD T/A Holcim UK	H. Sivyer Transport LTD T/A Holcim UK	461614	CS4	2026-06-10	2026-07-30	30 DAYS EOM	SHARP WASHED SAND	GBP	386.50	77.30	463.80	standard_20	Costs/2026/06/H. Sivyer Transport LTD T A Holcim UK/2026-06-10_H. Sivyer Transport LTD T A Holcim UK_461614.pdf	Invoice - 461614 - 2026-06-12.pdf	63b2dc1e95e9a20732d705e52ca8d342f8bb1a0c9cdb3bf58c74e07cff199a4d	salesinvoice.recycling@holcim.co.uk	Sales Invoice [Our Ref: 461614]	<6a2c1b3f.015795c1.fba89.6a38SMTPIN_ADDED_MISSING@mx.google.com>	2026-06-12 14:44:13+00	1.000	f	\N	COPY POD'S WILL BE CHARGABLE AT \n£4.00 EACH THIS CHARGE WILL BE ADDED TO THE ACCOUNT\nAll Invoice Queries must be received by our Credit Control Dept within 14 days.	2026-06-16 23:36:19.481855+00	2026-06-16 23:36:19.481855+00	\N	\N	invoice	\N	\N	\N	f	\N	unchecked	\N	\N
a6fbe827-1a97-4e97-932f-6b0795e26de8	pending_review	H. Sivyer Transport LTD T/A Holcim UK	H. Sivyer Transport LTD T/A Holcim UK	461616	NA	2026-06-11	2026-06-30	30 DAYS EOM	SHARP WASHED SAND	GBP	376.00	75.20	451.20	standard_20	Costs/2026/06/H. Sivyer Transport LTD T A Holcim UK/2026-06-11_H. Sivyer Transport LTD T A Holcim UK_461616.pdf	Invoice - 461616 - 2026-06-12.pdf	392ca8923a0de6ee62096026da349845bf171b4a65d216076dc138650714b721	salesinvoice.recycling@holcim.co.uk	Sales Invoice [Our Ref: 461616]	<6a2c1b3c.2455235d.33eb3e.d85fSMTPIN_ADDED_MISSING@mx.google.com>	2026-06-12 14:44:10+00	1.000	f	\N	COPY POD'S WILL BE CHARGABLE AT \n£4.00 EACH THIS CHARGE WILL BE ADDED TO THE ACCOUNT. All Invoice Queries must be received by our Credit Control Dept within 14 days.	2026-06-16 23:36:49.233046+00	2026-06-16 23:36:49.233046+00	\N	\N	invoice	\N	\N	\N	f	\N	unchecked	\N	\N
e97f9c36-ee4d-4815-b255-cc81a273e831	pending_review	H. Sivyer Transport LTD T/A Holcim UK	H. Sivyer Transport LTD T/A Holcim UK	461624	NA	2026-06-11	2026-06-30	30 DAYS EOM	MIXED CONSTRUCTION AND DEMOLITION WASTE 170904-170904	GBP	300.00	60.00	360.00	standard_20	Costs/2026/06/H. Sivyer Transport LTD T A Holcim UK/2026-06-11_H. Sivyer Transport LTD T A Holcim UK_461624.pdf	Invoice - 461624 - 2026-06-12.pdf	0cf1d8f7f654276bf8a567ea0332b25baf38f23c8fd8eae8ce4dfebfb01d5549	salesinvoice.recycling@holcim.co.uk	Sales Invoice [Our Ref: 461624]	<6a2c1af3.94d0b911.37684c.44e9SMTPIN_ADDED_MISSING@mx.google.com>	2026-06-12 14:42:57+00	1.000	f	\N	COPY POD'S WILL BE CHARGABLE AT \n£4.00 EACH THIS CHARGE WILL BE ADDED TO THE ACCOUNT	2026-06-16 23:37:03.534709+00	2026-06-16 23:37:03.534709+00	\N	\N	invoice	\N	\N	\N	f	\N	unchecked	\N	\N
af1f96d2-a22f-40c5-8e8d-418b281f3251	pending_review	Tarmac Trading Limited	Tarmac Trading Limited	9051266071	NA	2026-06-16	2026-07-31	Net Monthly	HANDLAY/DAYWORK WOKINGHAM\nCHUTED LOAD WOKINGHAM	GBP	324.95	64.99	389.94	standard_20	Costs/2026/06/Tarmac Trading Limited/2026-06-16_Tarmac Trading Limited_9051266071.pdf	Tarmac invoice 9051266071.pdf	ca3ef257827f1ba9ca540a4e2038a137c2b67e96b896583d66ff10e837a98df5	Tarmac Invoice <lt.invoice@tarmac.com>	Tarmac invoice 9051266071	<ADR51000001186344001850C0896BFEB1FE19B898E8A76FE7B0D@tarmac.com>	2026-06-20 02:04:04+00	1.000	f	\N	\N	2026-06-20 03:30:22.85129+00	2026-06-20 03:30:22.85129+00	\N	\N	invoice	\N	\N	\N	f	\N	unchecked	\N	\N
a00ef6be-517f-43f4-8eb0-0f2a3e425c16	pending_review	Travis Perkins Trading Company Ltd	Travis Perkins Trading Company Ltd	1045952670	CS4	2026-06-20	2026-07-31	NET MONTHLY	BLUE CIRCLE CEMENT GREY 25KG NOMINAL\nDAMPLAS DAMP PROOF COURSE ROLL BLACK 450MM X 30M\nDAMPLAS DAMP PROOF COURSE ROLL BLACK 300MM X 30M\nDUCK TAPE ORIGINAL SILVER TWIN PACK 50MM X 50M	GBP	508.58	101.72	610.30	standard_20	Costs/2026/06/Travis Perkins Trading Company Ltd/2026-06-20_Travis Perkins Trading Company Ltd_1045952670.pdf	1045952670_1.pdf	9bcc93b2fac45008b4f25b7db6afd7f37e968c45bac24bf286ef2b1bd65c18ae	TP E-Billing <ebilling@travisperkins.co.uk>	(HT5272) TP Invoice (1045952670) Attached	<162995325.3814.1781942243758@smtp.email.uk-london-1.oraclecloud.com>	2026-06-20 07:57:23+00	1.000	f	\N	\N	2026-06-20 09:30:38.406868+00	2026-06-20 09:30:38.406868+00	\N	\N	invoice	\N	\N	\N	f	\N	unchecked	\N	\N
51a98ce3-becc-4c73-9e0b-4d88d46c1386	pending_review	Keyline Civils Specialist Limited	Keyline Civils Specialist Limited	1045326846	WOKINGHAM	2026-06-10	2026-07-31	NET MONTHLY	CASTLE CEMENT MULTICEM PLASTIC BAG 25KG NOMINAL\nSHARP / GRIT SAND BULK BAG	GBP	378.80	75.76	454.56	standard_20	Costs/2026/06/Keyline Civils Specialist Limited/2026-06-10_Keyline Civils Specialist Limited_1045326846.pdf	1045326846_1.pdf	ddbe94748de937bd2917e47997672aefa495a36b2fdb7dd90fa7e70cc96a69e6	Keyline E-Billing <ebilling@keyline.co.uk>	(PR3955) Keyline Invoice (1045326846) Attached	<179547160.337813.1781105444816@smtp.email.uk-london-1.oraclecloud.com>	2026-06-10 15:30:44+00	0.950	f	\N	\N	2026-06-20 15:41:52.392387+00	2026-06-20 15:41:52.392387+00	\N	\N	invoice	\N	\N	\N	f	\N	unchecked	\N	\N
d1d8f912-b088-4e67-ae7d-4e0578bd0a94	pending_review	Keyline Civils Specialist Limited	Keyline Civils Specialist Limited	1045161880	CS4 ALEX PHONE CALL	2026-06-08	2026-07-31	NET MONTHLY	MANSFIELD KILN DRIED SAND 30413	GBP	166.88	33.38	200.26	standard_20	Costs/2026/06/Keyline Civils Specialist Limited/2026-06-08_Keyline Civils Specialist Limited_1045161880.pdf	1045161880_1.pdf	5b4a097ae4c67e47f0f8612c0c55824beda9ceec6536d3ec9e1fce8a1611b93b	Keyline E-Billing <ebilling@keyline.co.uk>	(PR3955) Keyline Invoice (1045161880) Attached	<2015771644.301278.1780936469949@smtp.email.uk-london-1.oraclecloud.com>	2026-06-08 16:34:29+00	0.990	f	\N	\N	2026-06-20 15:45:18.212034+00	2026-06-20 15:45:18.212034+00	\N	\N	invoice	\N	\N	\N	f	\N	unchecked	\N	\N
655a55b4-4f4f-4fa0-a995-3dc281dda8cf	pending_review	BBS Natural Stone Specialists Limited	BBS Natural Stone Specialists Limited	671	10-PTS10282B-3	2026-05-12	2026-06-30	Net Monthly	900 x 500 x 200 K4 kerb with fine picked finish applied to vertical rear face; Free of charge	GBP	0.00	0.00	0.00	standard_20	Costs/2026/05/BBS Natural Stone Specialists Limited/2026-05-12_BBS Natural Stone Specialists Limited_671_687_688_689_690_706_758_764_767_768_785_786_multi-12_v2.pdf	invoice copies.pdf	7f779b8fe86d94783d2573ca8402334a7d75a541dc7fa28bfb3cdfd2bdd044aa	Kate Hodgkin <k.hodgkin@bbsnaturalstone.co.uk>	RE: BBS Natural Stone Specialists Limited - Statement	<AS8PR08MB6072FD5D70DC5CAD92ED6345A4E52@AS8PR08MB6072.eurprd08.prod.outlook.com>	2026-06-16 11:01:35+00	1.000	f	\N	Multi-invoice PDF (1 of 12)	2026-06-16 23:19:57.99927+00	2026-06-16 23:19:57.99927+00	\N	\N	invoice	\N	\N	\N	f	\N	unchecked	\N	\N
069784ee-81f9-49ac-89bd-b4c19a882535	pending_review	BBS Natural Stone Specialists Limited	BBS Natural Stone Specialists Limited	687	CS4 - BATCH 2 (JAN-MAR)	2026-05-15	2026-06-30	Net Monthly	Silver grey, sawn all sides, fine picked finish Phase 10A: K4 Kerb 900 x 500 x 200 as Drg: PTS10282B-K4; RG RGarden Inlet Kerb 1210 x 505 x 240 as Drg: PTS10282B-RG Phase 9F & 9G: Q300 Quadrant 305 x 305 x 255 as Drg: PTS10282B-Q300 Phase 11C: D1 Kerb 900 x 150 x 150 as Drg: PTS10282B-D1 Phase 3B: K3 Kerb 900 x 300 x 300 as Drg: PTS10282B-K3; Q300 Quadrant 305 x 305 x 255 as Drg: PTS10282B-Q300 Phase 2E: K1 Kerb 900 x 150 x 300 as Drg: PTS10282B-K1; K1A Kerb 900 x 150 x 300 as Drg: PTS10282B-K1A; D1 Kerb 900 x 150 x 150 as Drg: PTS10282B-D1; Q300 Quadrant, plain rectangular, sawn all sides, fine picked top and front as Drg: PTS10282B-Q300; K3 Kerb 900 x 300 x 300 as Drg: PTS10282B-K3	GBP	8299.20	1659.84	9959.04	standard_20	Costs/2026/05/BBS Natural Stone Specialists Limited/2026-05-12_BBS Natural Stone Specialists Limited_671_687_688_689_690_706_758_764_767_768_785_786_multi-12_v2.pdf	invoice copies.pdf	\N	Kate Hodgkin <k.hodgkin@bbsnaturalstone.co.uk>	RE: BBS Natural Stone Specialists Limited - Statement	<AS8PR08MB6072FD5D70DC5CAD92ED6345A4E52@AS8PR08MB6072.eurprd08.prod.outlook.com>	2026-06-16 11:01:35+00	1.000	f	\N	Multi-invoice PDF (2 of 12)	2026-06-16 23:19:58.048859+00	2026-06-16 23:19:58.048859+00	\N	\N	invoice	\N	\N	\N	f	\N	unchecked	\N	\N
cfa67380-b84f-4e6d-8d4e-397b4b3ef5b2	pending_review	BBS Natural Stone Specialists Limited	BBS Natural Stone Specialists Limited	688	EMAIL 19/01/26	2026-05-15	2026-06-30	Net Monthly	Silver Grey, sawn all sides, fine picked finish Phase 5C - 21/02/26: K1 Kerb 900 x 150 x 300 as Drg: PTS10282B-K1	GBP	258.12	51.62	309.74	standard_20	Costs/2026/05/BBS Natural Stone Specialists Limited/2026-05-12_BBS Natural Stone Specialists Limited_671_687_688_689_690_706_758_764_767_768_785_786_multi-12_v2.pdf	invoice copies.pdf	\N	Kate Hodgkin <k.hodgkin@bbsnaturalstone.co.uk>	RE: BBS Natural Stone Specialists Limited - Statement	<AS8PR08MB6072FD5D70DC5CAD92ED6345A4E52@AS8PR08MB6072.eurprd08.prod.outlook.com>	2026-06-16 11:01:35+00	1.000	f	\N	Multi-invoice PDF (3 of 12)	2026-06-16 23:19:58.092501+00	2026-06-16 23:19:58.092501+00	\N	\N	invoice	\N	\N	\N	f	\N	unchecked	\N	\N
2098711b-fe3f-48d8-94b4-83684219f963	pending_review	BBS Natural Stone Specialists Limited	BBS Natural Stone Specialists Limited	689	Email instruction	2026-05-15	2026-06-30	Net Monthly	Silver Grey, sawn all sides, fine picked finish: Silver Grey K4 Kerb, 900 x 500 x 200 as Drg: PTS10282B-K4; Silver Grey K5 Kerb, 900 x 500 x 200 as Drg: PTS10282B-K5; Silver Grey K5A Kerb, 900 x 500 x 200 as Drg: PTS10282E-K5A; Silver Grey SQ1-ALH LH Special Quadrant, 500 x 200 x 255 as Drg: PTS10282B-SQ1-ALH; Silver Grey SQ1-ARH RH Special Quadrant, 500 x 200 x 255 as Drg: PTS10282B-SQ1-ARH; Silver Grey T1-K1-K1A-LH Kerb, 900 x 150 x 300 as Drg: PTS10282B-T1-K1-K1A-900-LH	GBP	4897.56	979.50	5877.06	standard_20	Costs/2026/05/BBS Natural Stone Specialists Limited/2026-05-12_BBS Natural Stone Specialists Limited_671_687_688_689_690_706_758_764_767_768_785_786_multi-12_v2.pdf	invoice copies.pdf	\N	Kate Hodgkin <k.hodgkin@bbsnaturalstone.co.uk>	RE: BBS Natural Stone Specialists Limited - Statement	<AS8PR08MB6072FD5D70DC5CAD92ED6345A4E52@AS8PR08MB6072.eurprd08.prod.outlook.com>	2026-06-16 11:01:35+00	1.000	f	\N	Multi-invoice PDF (4 of 12)	2026-06-16 23:19:58.134459+00	2026-06-16 23:19:58.134459+00	\N	\N	invoice	\N	\N	\N	f	\N	unchecked	\N	\N
5808263e-4b36-4326-963a-901af10e781d	pending_review	iMix Concrete Ltd	iMix Concrete Ltd	516286	NA	2026-06-19	2026-07-19	30 days (NET)	C30 CEM1 (52.5N) 20mm\nFuel Surcharge	GBP	1211.75	242.35	1454.10	standard_20	Costs/2026/06/iMix Concrete Ltd/2026-06-19_iMix Concrete Ltd_516286.pdf	A463E24C81955051E44F5365BAA82835.pdf	403fcb99f834a779dbc58f83b1bfaea33347a158a449ea8f5ab286d06dbf29f3	iMix Concrete <imix@aggsmart.co.uk>	iMix Concrete Invoice #516286	<90d8ffd9-f6c8-4d14-ac75-75f13c2275c2@mtasv.net>	2026-06-20 08:35:48+00	1.000	f	\N	\N	2026-06-20 09:30:30.733703+00	2026-06-21 02:04:39.620673+00	\N	\N	invoice	\N	\N	\N	f	\N	unchecked	\N	\N
f4b69963-0dea-4757-ad8c-672e4729af87	pending_review	BBS Natural Stone Specialists Limited	BBS Natural Stone Specialists Limited	690	CS4 - BATCH 2 (JAN-MAR)	2026-05-15	2026-06-30	Net Monthly	Silver grey, sawn all sides, fine picked finish Phase 10A: K1RExt10 Kerb 900 x 150 x 300 as Drg: PTS10282B-K1 RExt10.0; D1RExt5 Kerb 900 x 150 x 150 as Drg: PTS10282B-D1 RExt5; D1RExt8 Kerb 900 x 150 x 150 as Drg: PTS10282B-D1 RExt8.0; K1 RInt10.5 Kerb 900 x 150 x 300 as Drg: PTS10282B-K1 RInt10.5 Phase 2D: T1-K1-K1A-RH Trans Kerb 900 x 150 x 300 as Drg: PTS10282B-T1-K1-K1A-900 Phase 9F & 9G: Q300 Quadrant 305 x 305 x 255 as Drg: PTS10282B-Q300 Phase 11C: DR2-900 Trans Kerb 900 x 150 x 300/175 as Drg: PTS10282B-DR2-900; DL2-900 Trans Kerb 900 x 150 x 300/175 as Drg: PTS10282B-DL2-900 Phase 3B: K3 Kerb 900 x 300 x 300 as Drg: PTS10282B-K3 Phase 2E: K1A Kerb 900 x 150 x 300 as Drg: PTS10282B-K1A; D1RExt7 Kerb 900 x 150 x 150 as Drg: PTS10282B-D1 RExt7.0; D1RExt6.5 Kerb 900 x 150 x 150 as Drg: PTS10282B-D1 RExt6.5; DL2-RExt7.0-900 Trans Kerb 900 x 150 x 300/175 as Drg: PTS10282B-DL2-RExt7.0-900; DR2-RExt7.0-900 Trans Kerb 900 x 150 x 300/175 as Drg: PTS10282B-DR2-RExt7.0-900; T1-K1-K1A-RH Trans Kerb 900 x 150 x 300 as Drg: PTS10282B-T1-K1-K1A-900	GBP	4008.61	801.72	4810.33	standard_20	Costs/2026/05/BBS Natural Stone Specialists Limited/2026-05-12_BBS Natural Stone Specialists Limited_671_687_688_689_690_706_758_764_767_768_785_786_multi-12_v2.pdf	invoice copies.pdf	\N	Kate Hodgkin <k.hodgkin@bbsnaturalstone.co.uk>	RE: BBS Natural Stone Specialists Limited - Statement	<AS8PR08MB6072FD5D70DC5CAD92ED6345A4E52@AS8PR08MB6072.eurprd08.prod.outlook.com>	2026-06-16 11:01:35+00	1.000	f	\N	Multi-invoice PDF (5 of 12)	2026-06-16 23:19:58.17462+00	2026-06-16 23:19:58.17462+00	\N	\N	invoice	\N	\N	\N	f	\N	unchecked	\N	\N
48193cd4-052a-4684-871e-27c438ee70c4	pending_review	BBS Natural Stone Specialists Limited	BBS Natural Stone Specialists Limited	758	EMAIL 19/01/26	2026-05-29	2026-06-30	Net Monthly	Silver Grey, sawn all sides, fine picked finish Phase 11G - 17/04/26: K1A Kerb 900 x 150 x 300 as Drg: PTS10282B-K1A Phase 2F - 18/04/26: K5 Kerb 900 x 500 x 200 as Drg: PTS10282B-K5 Phase 4B - 13/05/26: Q300 Quadrant 305 x 305 x 255 as Drg: PTS10282B-Q300 Phase 6E - 17/04/26: K1 Kerb 900 x 150 x 300 as Drg: PTS10282B-K1; Q300 Quadrant 305 x 305 x 255 as Drg: PTS10282B-Q300; K1 Kerb 900 x 150 x 300 as Drg: PTS10282B-K1; RG Rain Garden Inlet Kerb 1210 x 505 x 250 as Drg: PTS10282B-RG; D1 Kerb 900 x 150 x 150 as Drg: PTS10282B-D1; K3RInt8.5 Kerb 900 x 300 x 300 as Drg: 10282D-K3RInt8.5; K1RInt2.5 Kerb 900 x 150 x 300 as Drg: PTS10282D-K1 RInt2.5	GBP	9450.98	1890.18	11341.16	standard_20	Costs/2026/05/BBS Natural Stone Specialists Limited/2026-05-12_BBS Natural Stone Specialists Limited_671_687_688_689_690_706_758_764_767_768_785_786_multi-12_v2.pdf	invoice copies.pdf	\N	Kate Hodgkin <k.hodgkin@bbsnaturalstone.co.uk>	RE: BBS Natural Stone Specialists Limited - Statement	<AS8PR08MB6072FD5D70DC5CAD92ED6345A4E52@AS8PR08MB6072.eurprd08.prod.outlook.com>	2026-06-16 11:01:35+00	1.000	f	\N	Multi-invoice PDF (7 of 12)	2026-06-16 23:19:58.253067+00	2026-06-16 23:19:58.253067+00	\N	\N	invoice	\N	\N	\N	f	\N	unchecked	\N	\N
9e59b8bc-f60a-48c8-9c8b-fb5dd60af9b3	pending_review	BBS Natural Stone Specialists Limited	BBS Natural Stone Specialists Limited	706	CS4 - BATCH 2 (JAN-MAR)	2026-05-20	2026-06-30	Net Monthly	Silver grey, sawn all sides, fine picked finish Phase 10A: K4 Kerb 900 x 500 x 200 as Drg: PTS10282B-K4; K3RExt5.8 Kerb 900 x 300 x 300 as Drg: PTS10282B-K3 RExt5.8; RG RGarden Inlet Kerb 1210 x 505 x 240 as Drg: PTS10282B-RG; SQ1-ALH Quadrant 500 x 200 x 255 as Drg: PTS10282B-SQ1-ALH; SQ1-ARH Quadrant 500 x 200 x 255 as Drg: PTS10282B-SQ1-ARH Phase 3C: K1RExt8 Kerb 900 x 150 x 300 as Drg: PTS10282B-K1 RExt8.0; K1RInt14 Kerb 900 x 150 x 300 as Drg: PTS10282B-K1 RInt14.0; K3RExt12 Kerb 900 x 300 x 300 as Drg: PTS10282B-K3 RExt12.0 Phase 2D: K4 Kerb 900 x 500 x 200 as Drg: PTS10282B-K4 Phase 3B: K3RExt12 Kerb 900 x 300 x 300 as Drg: PTS10282B-K3 RExt12.0; QSE300LH Quadrant 305 x 305 x 255 as Drg: PTS10282B-QES300 LH Phase 2E: DR2-900 Trans Kerb 900 x 150 x 300/175 as Drg: PTS10282B-DR2-900; DL2-900 Trans Kerb 900 x 150 x 300/175 as Drg: PTS10282B-DL2-900; K3 Kerb 900 x 300 x 300 as Drg: PTS10282B-K3 (4.5 OF THE ABOVE ALLOCATED TO PHASE 3A)	GBP	10442.93	2088.58	12531.51	standard_20	Costs/2026/05/BBS Natural Stone Specialists Limited/2026-05-12_BBS Natural Stone Specialists Limited_671_687_688_689_690_706_758_764_767_768_785_786_multi-12_v2.pdf	invoice copies.pdf	\N	Kate Hodgkin <k.hodgkin@bbsnaturalstone.co.uk>	RE: BBS Natural Stone Specialists Limited - Statement	<AS8PR08MB6072FD5D70DC5CAD92ED6345A4E52@AS8PR08MB6072.eurprd08.prod.outlook.com>	2026-06-16 11:01:35+00	1.000	f	\N	Multi-invoice PDF (6 of 12)	2026-06-16 23:19:58.215497+00	2026-06-16 23:19:58.215497+00	\N	\N	invoice	\N	\N	\N	f	\N	unchecked	\N	\N
4653d295-832c-4a90-a714-e14c478a8197	pending_review	BBS Natural Stone Specialists Limited	BBS Natural Stone Specialists Limited	785	CS4 - BATCH 2 (JAN-MAR)	2026-05-29	2026-06-30	Net Monthly	Phase 11E: D1RExt5 Kerb 900 x 150 x 150 as Drg: PTS10282B-D1 RExt5; Phase 11C: D1 Kerb 900 x 150 x 150 as Drg: PTS10282B-D1	GBP	143.90	28.78	172.68	standard_20	Costs/2026/05/BBS Natural Stone Specialists Limited/2026-05-12_BBS Natural Stone Specialists Limited_671_687_688_689_690_706_758_764_767_768_785_786_multi-12_v2.pdf	invoice copies.pdf	\N	Kate Hodgkin <k.hodgkin@bbsnaturalstone.co.uk>	RE: BBS Natural Stone Specialists Limited - Statement	<AS8PR08MB6072FD5D70DC5CAD92ED6345A4E52@AS8PR08MB6072.eurprd08.prod.outlook.com>	2026-06-16 11:01:35+00	1.000	f	\N	Multi-invoice PDF (11 of 12)	2026-06-16 23:19:58.395926+00	2026-06-16 23:19:58.395926+00	\N	\N	invoice	\N	\N	\N	f	\N	unchecked	\N	\N
338316b4-4234-4086-8c1b-47cf262c4934	pending_review	BBS Natural Stone Specialists Limited	BBS Natural Stone Specialists Limited	764	EMAIL 19/01/26	2026-05-29	2026-06-30	Net Monthly	Silver Grey, sawn all sides, fine picked finish Phase 11G - 17/04/26: K1 Kerb 900 x 150 x 300 as Drg: PTS10282B-K1; K1A Kerb 900 x 150 x 300 as Drg: PTS10282B-K1A; QSE300LH Quadrant, 305 x 305 x 255 as Drg: PTS10282B-QES300 LH; K3 Kerb 900 x 300 x 300 as Drg: PTS10282B-K3; D1 Kerb 900 x 150 x 150 as Drg: PTS10282B-D1; DR2-900 Trans Kerb 900 x 150 x 300/175 as Drg: PTS10282B-DR2-900; DL2-900 Trans Kerb 900 x 150 x 300/175 as Drg: PTS10282B-DL2-900 Phase 5A - 01/06/26: T1-K1-K1A-RH Trans Kerb 900 x 150 x 300 as Drg: PTS10282B-T1-K1-K1A-900 Phase 5C - 21/02/26: K1 Kerb 900 x 150 x 300 as Drg: PTS10282B-K1 Phase 11F - 15/06/26: Q300 Quadrant 305 x 305 x 255 as Drg: PTS10282B-Q300; K1 Kerb 900 x 150 x 300 as Drg: PTS10282B-K1 Phase 21 - 13/06/26: Q300 Quadrant 305 x 305 x 255 as Drg: PTS10282B-Q300 Phase 8D - 09/02/26: K1RExt3.6 Kerb 900 x 150 x 300 as Drg: PTS10282D-K1 RExt3.6; K1RInt3.6 Kerb 900 x 150 x 300 as Drg: PTS10282D-K1 RInt3.6	GBP	7858.53	1571.71	9430.24	standard_20	Costs/2026/05/BBS Natural Stone Specialists Limited/2026-05-12_BBS Natural Stone Specialists Limited_671_687_688_689_690_706_758_764_767_768_785_786_multi-12_v2.pdf	invoice copies.pdf	\N	Kate Hodgkin <k.hodgkin@bbsnaturalstone.co.uk>	RE: BBS Natural Stone Specialists Limited - Statement	<AS8PR08MB6072FD5D70DC5CAD92ED6345A4E52@AS8PR08MB6072.eurprd08.prod.outlook.com>	2026-06-16 11:01:35+00	1.000	f	\N	Multi-invoice PDF (8 of 12)	2026-06-16 23:19:58.287751+00	2026-06-16 23:19:58.287751+00	\N	\N	invoice	\N	\N	\N	f	\N	unchecked	\N	\N
08a445c1-1d17-405a-b328-45864ae76ced	pending_review	Keyline Civils Specialist Limited	Keyline Civils Specialist Limited	1045492859	THE YARD	2026-06-12	2026-07-31	NET MONTHLY	BSS PRESSED SLAB 400X400X65 NATURAL CHAM\nBS CONCRETE EDGING FLAT TOP PATH 50X150X915MM EF ED5000150	GBP	828.00	165.60	993.60	standard_20	Costs/2026/06/Keyline Civils Specialist Limited/2026-06-12_Keyline Civils Specialist Limited_1045492859.pdf	1045492859_1.pdf	e5b54a2e1703069f36df3863ef9e08c513af4f073ea5202dacd71ddf7550fb25	Keyline E-Billing <ebilling@keyline.co.uk>	(PR3955) Keyline Invoice (1045492859) Attached	<1257837915.421465.1781282284683@smtp.email.uk-london-1.oraclecloud.com>	2026-06-12 16:38:04+00	1.000	f	\N	\N	2026-06-16 23:36:05.189695+00	2026-06-16 23:36:05.189695+00	\N	\N	invoice	\N	\N	\N	f	\N	unchecked	\N	\N
24e0eb74-e68b-48b3-b552-65aa37850fec	pending_review	BBS Natural Stone Specialists Limited	BBS Natural Stone Specialists Limited	767	EMAIL 19/01/26	2026-05-29	2026-06-30	Net Monthly	Silver Grey, sawn all sides, fine picked finish Phase 11G - 17/04/26: Q300 Quadrant 305 x 305 x 255 as Drg: PTS10282B-Q300; RG Rain Garden Inlet Kerb 1210 x 505 x 250 as Drg: PTS10282B-RG Phase 2F - 18/04/26: D1 Kerb 900 x 150 x 150 as Drg: PTS10282B-D1; DR2-900 Trans Kerb 900 x 150 x 300/175 as Drg: PTS10282B-DR2-900; DL2-900 Trans Kerb 900 x 150 x 300/175 as Drg: PTS10282B-DL2-900 Phase 6E - 17/04/26: K5 Kerb 900 x 500 x 200 as Drg: PTS10282B-K5; K1 Kerb 900 x 150 x 300 as Drg: PTS10282B-K1; K3 Kerb 900 x 300 x 300 as Drg: PTS10282B-K3; K3RExt9.0 Kerb 900 x 300 x 300 as Drg: 10282D-K3RExt9.0; K3RExt6.5 Kerb 900 x 300 x 300 as Drg: 10282D-K3RExt6.5	GBP	8550.65	1710.11	10260.76	standard_20	Costs/2026/05/BBS Natural Stone Specialists Limited/2026-05-12_BBS Natural Stone Specialists Limited_671_687_688_689_690_706_758_764_767_768_785_786_multi-12_v2.pdf	invoice copies.pdf	\N	Kate Hodgkin <k.hodgkin@bbsnaturalstone.co.uk>	RE: BBS Natural Stone Specialists Limited - Statement	<AS8PR08MB6072FD5D70DC5CAD92ED6345A4E52@AS8PR08MB6072.eurprd08.prod.outlook.com>	2026-06-16 11:01:35+00	1.000	f	\N	Multi-invoice PDF (9 of 12)	2026-06-16 23:19:58.32314+00	2026-06-16 23:19:58.32314+00	\N	\N	invoice	\N	\N	\N	f	\N	unchecked	\N	\N
3a3a0cda-a526-4652-ad2a-5dcb16f04ce3	pending_review	BBS Natural Stone Specialists Limited	BBS Natural Stone Specialists Limited	768	EMAIL 19/01/26	2026-05-29	2026-06-30	Net Monthly	Silver Grey, sawn all sides, fine picked finish Phase 11G - 17/04/26: D1RExt10 Kerb 900 x 150 x 150 as Drg: 10282D-D1RExt10.0; K1RExt6 Kerb 900 x 150 x 300 as Drg: PTS10282D-K1 RExt6.0; K1RExt9 Kerb 900 x 150 x 300 as Drg: PTS10282D-K1 RExt9.0 Phase 2F - 18/04/26: K1 Kerb 900 x 150 x 300 as Drg: PTS10282B-K1; K5RExt30 Kerb 900 x 500 x 200 as Drg: PTS10282D-K30.0 Phase 6E - 17/04/26: K3 Kerb 900 x 300 x 300 as Drg: PTS10282B-K3 Phase 8D - 09/02/26: K1 Kerb 900 x 150 x 300 as Drg: PTS10282B-K1	GBP	8251.85	1650.37	9902.22	standard_20	Costs/2026/05/BBS Natural Stone Specialists Limited/2026-05-12_BBS Natural Stone Specialists Limited_671_687_688_689_690_706_758_764_767_768_785_786_multi-12_v2.pdf	invoice copies.pdf	\N	Kate Hodgkin <k.hodgkin@bbsnaturalstone.co.uk>	RE: BBS Natural Stone Specialists Limited - Statement	<AS8PR08MB6072FD5D70DC5CAD92ED6345A4E52@AS8PR08MB6072.eurprd08.prod.outlook.com>	2026-06-16 11:01:35+00	1.000	f	\N	Multi-invoice PDF (10 of 12)	2026-06-16 23:19:58.360799+00	2026-06-16 23:19:58.360799+00	\N	\N	invoice	\N	\N	\N	f	\N	unchecked	\N	\N
73e0bed7-6355-4d3f-955a-d530bd6e5bd5	pending_review	FM Conway Ltd	FM Conway Ltd	929362	DSO	2026-06-13	2026-07-30	EOM +30	AC 20 Dense Bin 70/100 WM HS\nAC 6 Dense Surf 70/100 WM HS	GBP	544.79	108.96	653.75	standard_20	Costs/2026/06/FM Conway Ltd/2026-06-13_FM Conway Ltd_929362.pdf	929362_18183.pdf	634719d084e5aeeed60f36e07a38b228e1e39c4f813ef9ca1437bd40e6dce6d6	aacreditcontrol@fmconway.co.uk	FM Conway Ltd. Invoice Number 929362	<1022729145.11.1781406349591@smtp.office365.com>	2026-06-14 03:05:49+00	1.000	f	\N	Any query to be advised within 14 days to aacreditcontrol@fmconway.co.uk. For BACS payments please quote our Invoice number. Bank: Coutts Bank, Sort Code: 180002, Account: 07426585. All sales are subject to our standard terms and conditions which are available on request.	2026-06-16 23:31:41.927457+00	2026-06-16 23:31:41.927457+00	\N	\N	invoice	\N	\N	\N	f	\N	unchecked	\N	\N
1a2e4410-2920-46b1-b464-3abdaa35794d	pending_review	Travis Perkins Trading Company Ltd	Travis Perkins Trading Company Ltd	1045541957	CS4	2026-06-13	2026-07-31	NET MONTHLY	BLUE CIRCLE POSTCRETE 20KG\nOX PRO 2CM PORCELAIN CUTTING BLADE 115 / 22.23MM	GBP	41.09	8.22	49.31	standard_20	Costs/2026/06/Travis Perkins Trading Company Ltd/2026-06-13_Travis Perkins Trading Company Ltd_1045541957.pdf	1045541957_1.pdf	d5afa7555a84d4867495d4764f368a383a882bae635350a8b6840b3d34f85fab	TP E-Billing <ebilling@travisperkins.co.uk>	(HT5272) TP Invoice (1045541957) Attached	<812171051.398005.1781353268446@smtp.email.uk-london-1.oraclecloud.com>	2026-06-13 12:21:08+00	1.000	f	\N	\N	2026-06-16 23:31:49.674453+00	2026-06-16 23:31:49.674453+00	\N	\N	invoice	\N	\N	\N	f	\N	unchecked	\N	\N
1a0ca984-fbe2-4440-aa10-56c49ea898f3	pending_review	Travis Perkins Trading Company Ltd	Travis Perkins Trading Company Ltd	1045541958	WOOLWICH	2026-06-13	2026-07-31	NET MONTHLY	TRACER 4H CARPENTERS PENCILS (HARD LEAD) 10PC - C/W SHARPENER\nMOT TYPE 1 BULK BAG.	GBP	114.44	22.89	137.33	standard_20	Costs/2026/06/Travis Perkins Trading Company Ltd/2026-06-13_Travis Perkins Trading Company Ltd_1045541958.pdf	1045541958_1.pdf	252ec453231d354a57bf8d444381e2e12de57f096f7eba2d4526ba2d94627469	TP E-Billing <ebilling@travisperkins.co.uk>	(HT5272) TP Invoice (1045541958) Attached	<72104372.398007.1781353268932@smtp.email.uk-london-1.oraclecloud.com>	2026-06-13 12:21:08+00	1.000	f	\N	\N	2026-06-16 23:31:56.646199+00	2026-06-16 23:31:56.646199+00	\N	\N	invoice	\N	\N	\N	f	\N	unchecked	\N	\N
f7de1d4e-551c-4157-977f-0e9638eee07c	pending_review	Travis Perkins Trading Company Ltd	Travis Perkins Trading Company Ltd	1045515229	23 WOODLANDS AVN	2026-06-12	2026-07-31	NET MONTHLY	BLUE CIRCLE EXTRA RAPID 25KG\nBLUE CIRCLE POSTCRETE 20KG	GBP	25.12	5.02	30.14	standard_20	Costs/2026/06/Travis Perkins Trading Company Ltd/2026-06-12_Travis Perkins Trading Company Ltd_1045515229.pdf	1045515229_1.pdf	a94faa928f7f8231bb8acf865352ef3442265ce7acb55d8dd621608343424e89	TP E-Billing <ebilling@travisperkins.co.uk>	(HT5272) TP Invoice (1045515229) Attached	<1838902181.403117.1781293585874@smtp.email.uk-london-1.oraclecloud.com>	2026-06-12 19:46:25+00	1.000	f	\N	\N	2026-06-16 23:35:16.698162+00	2026-06-16 23:35:16.698162+00	\N	\N	invoice	\N	\N	\N	f	\N	unchecked	\N	\N
9bc342a9-cc0c-4c10-a0af-7d4a00a528aa	pending_review	Travis Perkins Trading Company Ltd	Travis Perkins Trading Company Ltd	1045507228	CS4	2026-06-12	2026-07-31	NET MONTHLY	BLUE CIRCLE POSTCRETE 20KG	GBP	18.66	3.73	22.39	standard_20	Costs/2026/06/Travis Perkins Trading Company Ltd/2026-06-12_Travis Perkins Trading Company Ltd_1045507228.pdf	1045507228_1.pdf	48997aeaab5c49f3f364006fa41298cafe51ad1416e679f01717ab070a296824	TP E-Billing <ebilling@travisperkins.co.uk>	(HT5272) TP Invoice (1045507228) Attached	<1102779655.389615.1781288999993@smtp.email.uk-london-1.oraclecloud.com>	2026-06-12 18:29:59+00	1.000	f	\N	\N	2026-06-16 23:35:26.012609+00	2026-06-16 23:35:26.012609+00	\N	\N	invoice	\N	\N	\N	f	\N	unchecked	\N	\N
6efbbc4a-4fa9-4daa-a80b-675e397ca59c	pending_review	Keyline Civils Specialist Limited	Keyline Civils Specialist Limited	1045500367	WOKINGHAM	2026-06-12	2026-07-31	NET MONTHLY	CPM ROAD GULLY TYPE 2 450X750X150MM G4575S\nFERNCO DRAIN COUPLING 180MM-195MM DC195	GBP	215.87	43.17	259.04	standard_20	Costs/2026/06/Keyline Civils Specialist Limited/2026-06-12_Keyline Civils Specialist Limited_1045500367.pdf	1045500367_1.pdf	c0a7a374d62d00d3d305c9cbef27bcfe6b0c9f71e4611c37e76429ca58c28aa8	Keyline E-Billing <ebilling@keyline.co.uk>	(PR3955) Keyline Invoice (1045500367) Attached	<822472802.425827.1781286124490@smtp.email.uk-london-1.oraclecloud.com>	2026-06-12 17:42:04+00	1.000	f	\N	\N	2026-06-16 23:35:33.827201+00	2026-06-16 23:35:33.827201+00	\N	\N	invoice	\N	\N	\N	f	\N	unchecked	\N	\N
4f6265df-21c4-4bbb-9722-c0f2cf4f51c8	pending_review	Keyline Civils Specialist Limited	Keyline Civils Specialist Limited	1045500126	WOKINGHAM	2026-06-12	2026-07-31	NET MONTHLY	WIENERBERGER RED PERFORATED ENG CLASS B 65MM PK400/500 24190000\nFERNCO DRAIN COUPLING 180MM-195MM DC195\nPOLYPIPE 150MM X 45DEG RIDGIDRAIN BEND BRD150X45\n1200 X 100 X 65 - FP MCCANN CONCRETE LINTEL	GBP	363.82	72.76	436.58	standard_20	Costs/2026/06/Keyline Civils Specialist Limited/2026-06-12_Keyline Civils Specialist Limited_1045500126.pdf	1045500126_1.pdf	50247fbb97a6a7b8862d2d6334e459ece98daebba20f332b069cf9748b31fdac	Keyline E-Billing <ebilling@keyline.co.uk>	(PR3955) Keyline Invoice (1045500126) Attached	<1264175063.425449.1781286041699@smtp.email.uk-london-1.oraclecloud.com>	2026-06-12 17:40:41+00	0.900	f	\N	\N	2026-06-16 23:35:42.689295+00	2026-06-16 23:35:42.689295+00	\N	\N	invoice	\N	\N	\N	f	\N	unchecked	\N	\N
2b134523-f1f5-4c16-a4cf-e036c722256a	pending_review	Keyline Civils Specialist Limited	Keyline Civils Specialist Limited	1045500130	CS4	2026-06-12	2026-07-31	NET MONTHLY	PRESSED PAVING BLISTER SLAB 400X400X50MM RED	GBP	285.60	57.12	342.72	standard_20	Costs/2026/06/Keyline Civils Specialist Limited/2026-06-12_Keyline Civils Specialist Limited_1045500130.pdf	1045500130_1.pdf	854339d2b66fd89af3a5be276fb2915ed26dc835f1cdf4c1dffa269a7ccabf11	Keyline E-Billing <ebilling@keyline.co.uk>	(PR3955) Keyline Invoice (1045500130) Attached	<2026669105.425383.1781286026576@smtp.email.uk-london-1.oraclecloud.com>	2026-06-12 17:40:26+00	1.000	f	\N	\N	2026-06-16 23:35:49.549511+00	2026-06-16 23:35:49.549511+00	\N	\N	invoice	\N	\N	\N	f	\N	unchecked	\N	\N
6459e4b6-6292-417f-95dc-56f10e546489	pending_review	Sims Milling Services Ltd	Sims Milling Services Ltd	INV-30043	\N	2026-04-20	2026-05-31	\N	17/4/26 - Woolwich Road, SE7 8ST junction with Anchor & Hope Lane 0.5mtr Planer + Lorry	GBP	1165.00	0.00	1165.00	reverse_charge	Costs/2026/04/Sims Milling Services Ltd/2026-04-20_Sims Milling Services Ltd_INV-30043.pdf	Invoice INV-30043.pdf	922308bc70dfbef4d5eb5225965951ffc82f78dfa2c065f8230583724fb40625	Kyle Naddy <kyle.naddy@cjbce.co.uk>	Fw: Invoice #INV-30043 from Sims Milling Services Ltd is due	<GVXPR02MB121472CE944F421ADD71EF0A6AC182@GVXPR02MB12147.eurprd02.prod.outlook.com>	2026-06-12 12:54:53+00	1.000	f	\N	Reverse charge applies to items marked with 'Domestic reverse charge'. Customers need to account for VAT on these items to HMRC, at the rate shown.	2026-06-16 23:37:27.14047+00	2026-06-17 05:59:43.213431+00	\N	\N	invoice	\N	\N	\N	f	\N	unchecked	\N	\N
a626170e-67f9-4f53-947b-62ce96cb2aca	pending_review	Sims Milling Services Ltd	Sims Milling Services Ltd	INV-29928	\N	2026-03-27	2026-04-30	\N	23/3/26- Removal of Contaminated Material - East Lane Business Park, Main Drive, Wembley, HA9 7NA 19 tonne @ £60 per tonne\n26/3/26- Removal of Contaminated Material - East Lane Business Park, Main Drive, Wembley, HA9 7NA 19 tonne @ £60 per tonne	GBP	2280.00	0.00	2280.00	reverse_charge	Costs/2026/03/Sims Milling Services Ltd/2026-03-27_Sims Milling Services Ltd_INV-29928.pdf	Invoice INV-29928.pdf	e206c834385155df0d8db0275b597e519a32bc83bf55219b4daff542cb3d9ad4	Kyle Naddy <kyle.naddy@cjbce.co.uk>	Fw: Invoice #INV-29928 from Sims Milling Services Ltd is due	<GVXPR02MB12147CA81676C8304813C1BA3AC182@GVXPR02MB12147.eurprd02.prod.outlook.com>	2026-06-12 12:54:38+00	1.000	f	\N	Reverse charge applies to items marked with 'Domestic reverse charge'. Customers need to account for VAT to HMRC, at the rate shown.	2026-06-16 23:37:35.469357+00	2026-06-17 06:00:01.237613+00	\N	\N	invoice	\N	\N	\N	f	\N	unchecked	\N	\N
ad8de739-dc02-415d-9d10-5930b5548b2b	pending_review	Carboclass Ltd.	Carboclass Ltd.	12184860	17K02576	2026-06-10	2026-07-31	NA	PAVING SLAB BS 900 X 600 X 63MM D63 GREY (P17)\nFuel Surcharge	GBP	892.92	178.58	1071.50	standard_20	Costs/2026/06/Carboclass Ltd/2026-06-10_Carboclass Ltd._12184860.pdf	CJB001BI2184860_1.pdf	fe02065e9d80f803bca5840d973f42a0082596d5b7422e6e819c3ad9c78267fd	creditcontrol@lordsbm.co.uk	Lords Invoices CJB001	<6A2BE8EA00001D9F0001.creditcontrol@lordsbm.co.uk>	2026-06-12 11:09:00+00	1.000	f	\N	\N	2026-06-16 23:37:56.422467+00	2026-06-16 23:37:56.422467+00	\N	\N	invoice	\N	\N	\N	f	\N	unchecked	\N	\N
33f57466-e98d-4fdc-8329-57ea07e63c90	pending_review	Recycled Material Supplies Ltd	Recycled Material Supplies Ltd	00063469	E16 1BJ	2026-06-12	2026-07-12	Payment Terms 30 Days, from month end.	INERT SOIL AND STONE (1 Load Price)\nFuel S/Chg @ \n£10 P/L	GBP	300.00	60.00	360.00	standard_20	Costs/2026/06/Recycled Material Supplies Ltd/2026-06-12_Recycled Material Supplies Ltd_00063469.pdf	invoice     63469.pdf	2c277ef727b62bd21ca62f79c5858bbbcc45bc980d47ddde12544e5c438c4d8a	invoices@rmseastlondon.co.uk	Invoice from Recycled Material Supplies Ltd Invoice No:     63469	<D2505AC8F285AEE6F9A9886B782C3A595AB87CDA@HOSTEDTMS07>	2026-06-12 10:20:27+00	1.000	f	\N	All queris must be notified to the accounts office within 7 days to query@rmseastlondon.co.uk	2026-06-16 23:38:02.581412+00	2026-06-16 23:38:02.581412+00	\N	\N	invoice	\N	\N	\N	f	\N	unchecked	\N	\N
0430211e-0122-4f8e-8336-44d312fead4d	pending_review	Travis Perkins Trading Company Ltd	Travis Perkins Trading Company Ltd	1045420110	CS4	2026-06-11	2026-07-31	NET MONTHLY	BLUE CIRCLE MASTERCRETE CEMENT IN PLASTIC BAGS 25KG 32.5R\nBUILDING SAND TRADE PACK TPBSY25P	GBP	345.27	69.05	414.32	standard_20	Costs/2026/06/Travis Perkins Trading Company Ltd/2026-06-11_Travis Perkins Trading Company Ltd_1045420110.pdf	1045420110_1.pdf	1f806876ddf68949fb5b77939306ea5601bcc345163618a928aa52c33deab43a	TP E-Billing <ebilling@travisperkins.co.uk>	(HT5272) TP Invoice (1045420110) Attached	<1996975742.405410.1781207230118@smtp.email.uk-london-1.oraclecloud.com>	2026-06-11 19:47:10+00	0.900	f	\N	\N	2026-06-17 04:50:29.53989+00	2026-06-17 04:50:29.53989+00	\N	\N	invoice	\N	\N	\N	f	\N	unchecked	\N	\N
d906816d-94cd-4880-907f-a3f80a5d8bfa	pending_review	Keyline Civils Specialist Limited	Keyline Civils Specialist Limited	1045411166	CS4	2026-06-11	2026-07-31	NET MONTHLY	CASTLE CEMENT MULTICEM PLASTIC BAG 25KG NOMINAL	GBP	1299.20	259.84	1559.04	standard_20	Costs/2026/06/Keyline Civils Specialist Limited/2026-06-11_Keyline Civils Specialist Limited_1045411166.pdf	1045411166_1.pdf	ccf286c974ed89611de97f0a38935e97d35caa335faf6cdc5bbcbee6b80c8dc0	Keyline E-Billing <ebilling@keyline.co.uk>	(PR3955) Keyline Invoice (1045411166) Attached	<364088792.366024.1781196089356@smtp.email.uk-london-1.oraclecloud.com>	2026-06-11 16:41:29+00	1.000	f	\N	\N	2026-06-17 04:50:39.542879+00	2026-06-17 04:50:39.542879+00	\N	\N	invoice	\N	\N	\N	f	\N	unchecked	\N	\N
0901a175-92b5-4c12-bb50-7e80fd322bec	pending_review	Pave Recruit Ltd	Pave Recruit Ltd	1640867	NA	2026-06-12	2026-07-12	30 Days Date of Invoice	Jordan Best Supervisor\nPatrick Goodier Site Engineer	GBP	3600.00	720.00	4320.00	standard_20	Costs/2026/06/Pave Recruit Ltd/2026-06-12_Pave Recruit Ltd_1640867.pdf	419_1640867.pdf	960a0cec67e888090ef4aa30d5251cd1918cc83ebb701f3f4e55ab7d9911c88b	info@quba.solutions	Invoices processed this week	<RONEOE54ITU4.RL0PY7JQ3D1L2@CLIP-APP01>	2026-06-11 15:14:12+00	1.000	f	\N	The debt represented by this invoice has been purchased by and assigned to and is to be paid to Quba Solutions Limited, Concept House, Stoneycroft Rise, Chandlers Ford, Eastleigh SO53 3LD. Please make payment to the below bank details: Account Name: Quba Solutions Ltd Sort Code: 600846 Account No: 76789691 To ensure funds are allocated promptly, please quote your Account Number when making payment and send a remittance to remittances@quba.solutions Please direct any queries to our Credit Control team on 0333 049 1099 or email credit@quba.solutions Registered Office: Pave Recruit Ltd. 197 Victoria Street, London, N22 7XH Company No: 07491361 VAT No: 119213537	2026-06-17 04:50:48.867745+00	2026-06-17 04:50:48.867745+00	\N	\N	invoice	\N	\N	\N	f	\N	unchecked	\N	\N
e54f1289-bc48-4237-b4ce-f98f49a756b1	pending_review	iMix Concrete Ltd	iMix Concrete Ltd	516123	NA	2026-06-10	2026-07-10	30 days (NET)	C30\nFuel Surcharge	GBP	587.50	117.50	705.00	standard_20	Costs/2026/06/iMix Concrete Ltd/2026-06-10_iMix Concrete Ltd_516123.pdf	A463E24C81955051B0933006CFDBBD85.pdf	313b982f3c6e9f2073875232b2b99264c4cab1e1b053610958c23ac6973eb442	iMix Concrete <imix@aggsmart.co.uk>	iMix Concrete Invoice #516123	<e9d4eac1-3bb2-418e-8672-d7fab132b39f@mtasv.net>	2026-06-11 14:25:40+00	0.950	f	\N	All invoice queries must be sent via email to accounts@imixconcrete.co.uk within 7 days from date of invoice.	2026-06-17 04:55:05.995166+00	2026-06-17 04:55:05.995166+00	\N	\N	invoice	\N	\N	\N	f	\N	unchecked	\N	\N
92136f4a-de77-43aa-87f8-ec54dfeaa751	pending_review	iMix Concrete Ltd	iMix Concrete Ltd	516107	NA	2026-06-09	2026-07-09	30 days (NET)	C30\nWaiting Time (exceeded by 27 mins)\nFuel Surcharge	GBP	1322.50	264.50	1587.00	standard_20	Costs/2026/06/iMix Concrete Ltd/2026-06-09_iMix Concrete Ltd_516107.pdf	A463E24C8195505189A9C0418232C71B.pdf	dfa83b16eb70c54f0c2c63c23c23112f900826b6da3d4df8656727ac5f866c59	iMix Concrete <imix@aggsmart.co.uk>	iMix Concrete Invoice #516107	<b658bffc-9734-4ba7-a642-16dce6b0e8ef@mtasv.net>	2026-06-11 13:55:32+00	1.000	f	\N	\N	2026-06-17 04:55:13.65395+00	2026-06-17 04:55:13.65395+00	\N	\N	invoice	\N	\N	\N	f	\N	unchecked	\N	\N
56695948-eaa3-4441-a83e-778cda434edb	pending_review	Northgate Vehicle Hire Ltd	Northgate Vehicle Hire Ltd	SL09002659INV	TBA	2026-06-09	2026-07-09	NA	U01 - Utility Vehicles: 2.0 EcoBlue 130ps Tipper [1 Way]	GBP	717.36	143.47	860.83	standard_20	Costs/2026/06/Northgate Vehicle Hire Ltd/2026-06-09_Northgate Vehicle Hire Ltd_SL09002659INV.pdf	SL09002659INV.pdf	9a555ae529df48d255f7e759c9313bc2a5ed07044338a601181d2e2bb9b78d31	notifier@northgate.co.uk	Your Invoice is now ready	<20260611050442.fa120d65039110b3@northgate.co.uk>	2026-06-11 05:04:42+00	1.000	f	\N	Hire Continues...	2026-06-17 04:55:55.099251+00	2026-06-17 04:55:55.099251+00	\N	\N	invoice	\N	\N	\N	f	\N	unchecked	\N	\N
d1be1b49-9c24-449d-8be8-2cc6fe3ae089	pending_review	Tarmac Trading Limited	Tarmac Trading Limited	9051225162	294744	2026-06-08	2026-07-31	Net Monthly	AC 20 DENSE BIN 100/150 DES (EN13108-1)	GBP	1293.31	258.66	1551.97	standard_20	Costs/2026/06/Tarmac Trading Limited/2026-06-08_Tarmac Trading Limited_9051225162.pdf	Tarmac invoice 9051225162.pdf	253d3e51aa70017adc23f19d39eb1dbeb508a7fb8b96f43c971e20d1daec02c9	Tarmac Invoice <lt.invoice@tarmac.com>	Tarmac invoice 9051225162	<ADR510000011204830016045BD8A2AA01FD199A740B2B57932B9@tarmac.com>	2026-06-11 02:01:38+00	1.000	f	\N	\N	2026-06-17 04:56:03.615174+00	2026-06-17 04:56:03.615174+00	\N	\N	invoice	\N	\N	\N	f	\N	unchecked	\N	\N
be9e21a2-bc8e-41c8-979b-c0ffe27810e8	pending_review	Travis Perkins Trading Company Ltd	Travis Perkins Trading Company Ltd	1045349092	CS4	2026-06-10	2026-07-31	NET MONTHLY	BLUE CIRCLE EXTRA RAPID 25KG	GBP	40.80	8.16	48.96	standard_20	Costs/2026/06/Travis Perkins Trading Company Ltd/2026-06-10_Travis Perkins Trading Company Ltd_1045349092.pdf	1045349092_1.pdf	b1ebe11dff6adf56f0e9eea22fb887e4f57f9e839c64c5b8d63c36ff85463da2	TP E-Billing <ebilling@travisperkins.co.uk>	(HT5272) TP Invoice (1045349092) Attached	<1093555750.381887.1781116313593@smtp.email.uk-london-1.oraclecloud.com>	2026-06-10 18:31:53+00	0.900	f	\N	\N	2026-06-17 04:56:17.941135+00	2026-06-17 04:56:17.941135+00	\N	\N	invoice	\N	\N	\N	f	\N	unchecked	\N	\N
81740a3b-e2b2-4e28-8205-1e27365d5ed4	pending_review	Tarmac Trading Limited	Tarmac Trading Limited	9051225163	294744	2026-06-08	2026-07-31	Net Monthly	AC 6 DENSE SURF 100/150 H/S (EN13108-1) CS4	GBP	1078.01	215.60	1293.61	standard_20	Costs/2026/06/Tarmac Trading Limited/2026-06-08_Tarmac Trading Limited_9051225163.pdf	Tarmac invoice 9051225163.pdf	df0371d15d07f755d4641af80b8bd46e477a789e4ea4b1ec425cf24534bbd70b	Tarmac Invoice <lt.invoice@tarmac.com>	Tarmac invoice 9051225163	<ADR510000011204840016045BD8A2AA01FD199A740B2B579B2B9@tarmac.com>	2026-06-11 02:01:38+00	1.000	f	\N	\N	2026-06-17 04:56:09.593546+00	2026-06-18 06:44:47.732328+00	\N	\N	invoice	\N	\N	\N	f	\N	unchecked	\N	\N
2308e2ea-01f1-4ab3-b3bf-0759f7d669e6	pending_review	Holcim UK Limited	Holcim UK Limited	38873577	CS4	2026-06-09	2026-07-31	Strictly net monthly account. Payment due by end of month following month of invoice.	AC 20 dense bin 100/150 BS EN13108-1 NS WMA\nAC 20 dense bin 100/150 BS EN13108-1 NS WMA\nAC 20 dense bin 100/150 BS EN13108-1 NS WMA\nEnergy Surcharge Asphalt Binder Collect\nEnergy Surcharge Asphalt Binder Collect	GBP	392.29	78.45	470.74	standard_20	Costs/2026/06/Holcim UK Limited/2026-06-09_Holcim UK Limited_38873577.pdf	tradex_I_TEM_L_260610090528_343_38873577.pdf	e1e3ca2f5c24dad9b25ff8ecaadd1acd2f7b4bce6ad3296df1f9bd613b28f7d5	tradexstatus@tradex.causeway.com	Holcim UK have sent you 2 Invoice(s) for 09/06/2026	<1681937831.45856.1781081040382@tradex-svc-6c8c74b656-nkcxb>	2026-06-10 08:44:00+00	1.000	f	\N	\N	2026-06-17 04:57:01.63831+00	2026-06-17 04:57:01.63831+00	\N	\N	invoice	\N	\N	\N	f	\N	unchecked	\N	\N
95537966-c295-4109-b9da-dec36ed1c31e	pending_review	P F Cusack (Tools Supplies) Ltd	P F Cusack (Tools Supplies) Ltd	0001741142	0001547991	2026-06-10	2026-07-31	NETT MONTHLY	32" Jafco 4KA Flame Awear Hi-Vis YELLOW Trouser (REGULAR Leg) Arc Test 4KA - GLP0200	GBP	290.00	58.00	348.00	standard_20	Costs/2026/06/P F Cusack (Tools Supplies) Ltd/2026-06-10_P F Cusack (Tools Supplies) Ltd_0001741142.pdf	Invoice 0001741142.PDF	7932a1336bf707107f6c50f4aef7dbfa3908ce31eaa37f4d4b272e2ec5582d2c	Susan Madden <SMadden@cusack.co.uk>	Invoice 0001741142 from PF Cusack (Tool Supplies) Ltd	<LOAP123MB850962DC91622FE334077AD8901A2@LOAP123MB8509.GBRP123.PROD.OUTLOOK.COM>	2026-06-10 13:59:39+00	1.000	f	\N	ALL SIGNS MANUFACTURED IN ACCORDANCE TO NATIONAL HIGHWAY SECTOR SCHEME 9a. IF THERE ARE QUERIES ON THIS INVOICE CONTACT THE ACCOUNTS DEPARTMENT ON 020 8344 4105 WITHIN 14 DAYS OF THE INVOICE DATE.	2026-06-17 04:56:54.650511+00	2026-06-17 04:56:54.650511+00	\N	\N	invoice	\N	\N	\N	f	\N	unchecked	\N	\N
07c6f302-cc7d-47da-a052-d7015424ab17	pending_review	Hanson Quarry Products Europe Limited	Hanson Quarry Products Europe Limited	2032213450	CS4	2026-06-06	2026-07-28	\N	Pre-ordered Daywork	GBP	125.00	25.00	150.00	standard_20	Costs/2026/06/Hanson Quarry Products Europe Limited/2026-06-06_Hanson Quarry Products Europe Limited_2032213450_2032213451.pdf	0019460821_20189_G_1.pdf	eca137d78427673d42b65b5011ae22fca31996ecc71fdcc95a52c1726480440e	<noreply_edi@hanson.biz>	Hanson Aggregates - 0019460821 - CJB Civil Engineering Ltd	<d1319afb-aec0-4b6f-833d-1a5fc4db88db@GRPSEFRAN1532.grouphc.net>	2026-06-10 14:58:04+00	0.950	f	\N	AGGREGATES TAX IS INCLUDED AT THE PREVAILING RATE WHERE APPROPRIATE\nMulti-invoice PDF (1 of 2)	2026-06-17 04:56:39.843088+00	2026-06-19 18:18:36.738577+00	\N	\N	invoice	\N	\N	\N	f	\N	unchecked	\N	\N
6aa14410-0d9c-4678-86be-e69eadd9e525	pending_review	Hanson Quarry Products Europe Limited	Hanson Quarry Products Europe Limited	2032213451	CS4	2026-06-06	2026-07-28	\N	ST2 CEMI S1 20LST	GBP	98.70	19.74	118.44	standard_20	Costs/2026/06/Hanson Quarry Products Europe Limited/2026-06-06_Hanson Quarry Products Europe Limited_2032213450_2032213451.pdf	0019460821_20189_G_1.pdf	\N	<noreply_edi@hanson.biz>	Hanson Aggregates - 0019460821 - CJB Civil Engineering Ltd	<d1319afb-aec0-4b6f-833d-1a5fc4db88db@GRPSEFRAN1532.grouphc.net>	2026-06-10 14:58:04+00	0.990	f	\N	AGGREGATES TAX IS INCLUDED AT THE PREVAILING RATE WHERE APPROPRIATE\nMulti-invoice PDF (2 of 2)	2026-06-17 04:56:39.887691+00	2026-06-19 18:18:36.738577+00	\N	\N	invoice	\N	\N	\N	f	\N	unchecked	\N	\N
6124ecc9-7f84-4d58-9c34-912cfdd0d3f1	pending_review	Holcim UK Limited	Holcim UK Limited	38873578	SC4	2026-06-09	2026-07-31	Strictly net monthly account. Payment due by end of month following month of invoice.	AC 20 dense bin 40/60 BS EN13108-1 NS\nEnergy Surcharge Asphalt Binder Collect	GBP	477.82	95.56	573.38	standard_20	Costs/2026/06/Holcim UK Limited/2026-06-09_Holcim UK Limited_38873578.pdf	tradex_I_TEM_L_260610090528_343_38873578.pdf	5a7a9c611e70f8a4584653fd17b287e2ea986072d939917aec19dac92c2c0a2e	tradexstatus@tradex.causeway.com	Holcim UK have sent you 2 Invoice(s) for 09/06/2026	<1681937831.45856.1781081040382@tradex-svc-6c8c74b656-nkcxb>	2026-06-10 08:44:00+00	1.000	f	\N	\N	2026-06-17 04:57:08.343156+00	2026-06-17 04:57:08.343156+00	\N	\N	invoice	\N	\N	\N	f	\N	unchecked	\N	\N
2b717c7b-c177-4828-95eb-4ff31caf8e11	pending_review	Recycled Material Supplies Ltd	Recycled Material Supplies Ltd	00063220	E16 1BJ	2026-06-10	2026-07-10	30 Days, from month end.	INERT SOIL AND STONE\nFuel S/Chg @ \n£10 P/L	GBP	300.00	60.00	360.00	standard_20	Costs/2026/06/Recycled Material Supplies Ltd/2026-06-10_Recycled Material Supplies Ltd_00063220.pdf	invoice     63220.pdf	240d806528a07b4e114cad3bbad5c65bbe2f5285460b3bb868a05df6ca96c9fb	invoices@rmseastlondon.co.uk	Invoice from Recycled Material Supplies Ltd Invoice No:     63220	<40D2FFC3C64DA7D6040283A35607642F4973079C@HOSTEDTMS07>	2026-06-10 08:33:14+00	0.900	f	\N	\N	2026-06-17 04:57:15.531878+00	2026-06-17 04:57:15.531878+00	\N	\N	invoice	\N	\N	\N	f	\N	unchecked	\N	\N
de1a20db-31a5-4c95-8c6e-5f089987afdb	pending_review	Travis Perkins Trading Company Ltd	Travis Perkins Trading Company Ltd	1045273433	CS4	2026-06-09	2026-07-31	NET MONTHLY	SHUTTERING PLYWOOD C+/C 2440X1220X18MM CE2	GBP	24.67	4.93	29.60	standard_20	Costs/2026/06/Travis Perkins Trading Company Ltd/2026-06-09_Travis Perkins Trading Company Ltd_1045273433.pdf	1045273433_1.pdf	8c9ea601969d3cebd451f1aa2b6eb5ad3c5823aa6799e1aeea2dde14cb554434	TP E-Billing <ebilling@travisperkins.co.uk>	(HT5272) TP Invoice (1045273433) Attached	<194538204.328760.1781041764737@smtp.email.uk-london-1.oraclecloud.com>	2026-06-09 21:49:24+00	1.000	f	\N	FSC marked products are FSC Mix 70% - INT-COC-002744	2026-06-17 04:57:59.432619+00	2026-06-17 04:57:59.432619+00	\N	\N	invoice	\N	\N	\N	f	\N	unchecked	\N	\N
1a4a7617-f503-4905-9cda-cb64d4d67aab	pending_review	Capital Concrete Ltd	Capital Concrete Ltd	41203635	Wokingham	2026-06-06	2026-07-31	STRICTLY NETT MONTHLY	ST4 OSAND CIIIA 20 NO 300	GBP	440.00	88.00	528.00	standard_20	Costs/2026/06/Capital Concrete Ltd/2026-06-06_Capital Concrete Ltd_41203635.pdf	41203635.PDF	07a3eb6a2cffea7808a8f5a44b15b70cee2fe52d3037f5a25b34d9045d37ed93	Statements & Invoices <Prism.User@brett.co.uk>	Invoice/Credit from Capital Concrete	<CWLP123MB18923AA7C7D0B7FE31C0863AD71D2@CWLP123MB1892.GBRP123.PROD.OUTLOOK.COM>	2026-06-09 19:29:56+00	1.000	f	\N	\N	2026-06-17 04:58:06.972027+00	2026-06-17 04:58:06.972027+00	\N	\N	invoice	\N	\N	\N	f	\N	unchecked	\N	\N
d33b2099-6dcb-4b0e-9b04-f0be067c18ff	pending_review	Capital Concrete Ltd	Capital Concrete Ltd	41203634	CS4	2026-06-06	2026-07-31	STRICTLY NETT MONTHLY	ST2 OSAND CIIIA 20 NO 240	GBP	576.00	115.20	691.20	standard_20	Costs/2026/06/Capital Concrete Ltd/2026-06-06_Capital Concrete Ltd_41203634.pdf	41203634.PDF	23072cb642d5af22bfb1a5e10d8cd38b46d99a997c2596fa1202e6dde9bd78b9	Statements & Invoices <Prism.User@brett.co.uk>	Invoice/Credit from Capital Concrete	<CWLP123MB18923AA7C7D0B7FE31C0863AD71D2@CWLP123MB1892.GBRP123.PROD.OUTLOOK.COM>	2026-06-09 19:29:56+00	1.000	f	\N	\N	2026-06-17 04:58:12.780062+00	2026-06-17 04:58:12.780062+00	\N	\N	invoice	\N	\N	\N	f	\N	unchecked	\N	\N
013cdd7e-99ee-4ca1-9289-6c6e69acbaf1	pending_review	Capital Concrete Ltd	Capital Concrete Ltd	41203633	Wokingham	2026-06-06	2026-07-31	STRICTLY NETT MONTHLY	Fuel Surcharge	GBP	4.00	0.80	4.80	standard_20	Costs/2026/06/Capital Concrete Ltd/2026-06-06_Capital Concrete Ltd_41203633.pdf	41203633.PDF	3a0bea66b082ffca6214aff03958a1818234a09c14f2203f5c4945636829953b	Statements & Invoices <Prism.User@brett.co.uk>	Invoice/Credit from Capital Concrete	<CWLP123MB18923AA7C7D0B7FE31C0863AD71D2@CWLP123MB1892.GBRP123.PROD.OUTLOOK.COM>	2026-06-09 19:29:56+00	1.000	f	\N	\N	2026-06-17 04:58:19.520983+00	2026-06-17 04:58:19.520983+00	\N	\N	invoice	\N	\N	\N	f	\N	unchecked	\N	\N
9778d410-269d-4cd1-b1b6-6ce70d8c3e6e	pending_review	Capital Concrete Ltd	Capital Concrete Ltd	41203632	Wokingham	2026-06-06	2026-07-31	STRICTLY NETT MONTHLY	Fuel Surcharge	GBP	4.00	0.80	4.80	standard_20	Costs/2026/06/Capital Concrete Ltd/2026-06-06_Capital Concrete Ltd_41203632.pdf	41203632.PDF	1dc344e7a93f629787c17e9bcfcb0b03762ee9176894223b482c5f12236c1cfc	Statements & Invoices <Prism.User@brett.co.uk>	Invoice/Credit from Capital Concrete	<CWLP123MB18923AA7C7D0B7FE31C0863AD71D2@CWLP123MB1892.GBRP123.PROD.OUTLOOK.COM>	2026-06-09 19:29:56+00	1.000	f	\N	\N	2026-06-17 04:58:25.670414+00	2026-06-17 04:58:25.670414+00	\N	\N	invoice	\N	\N	\N	f	\N	unchecked	\N	\N
10407fe1-3700-4afc-a215-73a3673df63e	pending_review	Capital Concrete Ltd	Capital Concrete Ltd	41203631	CS4	2026-06-06	2026-07-31	STRICTLY NETT MONTHLY	Fuel Surcharge	GBP	6.00	1.20	7.20	standard_20	Costs/2026/06/Capital Concrete Ltd/2026-06-06_Capital Concrete Ltd_41203631.pdf	41203631.PDF	3c64fc9f2c22c8f45f8c2609e6c2a7aa4246e28006eee2d5265ab58a28538775	Statements & Invoices <Prism.User@brett.co.uk>	Invoice/Credit from Capital Concrete	<CWLP123MB18923AA7C7D0B7FE31C0863AD71D2@CWLP123MB1892.GBRP123.PROD.OUTLOOK.COM>	2026-06-09 19:29:56+00	0.900	f	\N	\N	2026-06-17 04:58:31.931889+00	2026-06-17 04:58:31.931889+00	\N	\N	invoice	\N	\N	\N	f	\N	unchecked	\N	\N
1f2f6997-6c56-418a-983e-7f667d9b7e18	pending_review	Capital Concrete Ltd	Capital Concrete Ltd	41203630	CS4	2026-06-06	2026-07-31	STRICTLY NETT MONTHLY	Part Load Charge	GBP	60.00	12.00	72.00	standard_20	Costs/2026/06/Capital Concrete Ltd/2026-06-06_Capital Concrete Ltd_41203630.pdf	41203630.PDF	e27f707fb638711cda698b4425d83223dec09bffb49237d6b91c15ac1fb5a8a4	Statements & Invoices <Prism.User@brett.co.uk>	Invoice/Credit from Capital Concrete	<CWLP123MB18923AA7C7D0B7FE31C0863AD71D2@CWLP123MB1892.GBRP123.PROD.OUTLOOK.COM>	2026-06-09 19:29:56+00	1.000	f	\N	\N	2026-06-17 04:58:38.684969+00	2026-06-17 04:58:38.684969+00	\N	\N	invoice	\N	\N	\N	f	\N	unchecked	\N	\N
6df4baad-230b-435c-8e39-bc9970479719	pending_review	Capital Concrete Ltd	Capital Concrete Ltd	41203629	WOKINGHAM	2026-06-06	2026-07-31	STRICTLY NETT MONTHLY	ST4 OSAND CIIIA 20 NO 300	GBP	330.00	66.00	396.00	standard_20	Costs/2026/06/Capital Concrete Ltd/2026-06-06_Capital Concrete Ltd_41203629.pdf	41203629.PDF	c8987f6b7d6c64ec8ca0bb692b33a6c90d5cd1ac430ea9efdb01b1ca6cd251b1	Statements & Invoices <Prism.User@brett.co.uk>	Invoice/Credit from Capital Concrete	<CWLP123MB18923AA7C7D0B7FE31C0863AD71D2@CWLP123MB1892.GBRP123.PROD.OUTLOOK.COM>	2026-06-09 19:29:56+00	1.000	f	\N	\N	2026-06-17 04:58:44.986993+00	2026-06-17 04:58:44.986993+00	\N	\N	invoice	\N	\N	\N	f	\N	unchecked	\N	\N
7c2c7ba5-32b2-4c7b-909d-edd3d2b261b0	pending_review	Capital Concrete Ltd	Capital Concrete Ltd	41203628	Canning Town Alex	2026-06-06	2026-07-31	STRICTLY NETT MONTHLY	C25/30 SKIP CIIIA 20 SP\nPolypropylene Fibres	GBP	550.00	110.00	660.00	standard_20	Costs/2026/06/Capital Concrete Ltd/2026-06-06_Capital Concrete Ltd_41203628.pdf	41203628.PDF	0bfc8169821c848824b7836cd344f8aaa21d443098048ee5bf474bb9920e22be	Statements & Invoices <Prism.User@brett.co.uk>	Invoice/Credit from Capital Concrete	<CWLP123MB18923AA7C7D0B7FE31C0863AD71D2@CWLP123MB1892.GBRP123.PROD.OUTLOOK.COM>	2026-06-09 19:29:56+00	1.000	f	\N	\N	2026-06-17 04:58:52.032036+00	2026-06-17 04:58:52.032036+00	\N	\N	invoice	\N	\N	\N	f	\N	unchecked	\N	\N
80eb78ed-7707-48f5-82f0-2fdc8ec103e9	pending_review	Capital Concrete Ltd	Capital Concrete Ltd	41203627	WOKINGHAM	2026-06-06	2026-07-31	STRICTLY NETT MONTHLY	Fuel Surcharge	GBP	3.00	0.60	3.60	standard_20	Costs/2026/06/Capital Concrete Ltd/2026-06-06_Capital Concrete Ltd_41203627.pdf	41203627.PDF	239b769fecdd4d4f8d555d1b3709e1445cc00e52330d1f1e3ce91d496e519a98	Statements & Invoices <Prism.User@brett.co.uk>	Invoice/Credit from Capital Concrete	<CWLP123MB18923AA7C7D0B7FE31C0863AD71D2@CWLP123MB1892.GBRP123.PROD.OUTLOOK.COM>	2026-06-09 19:29:56+00	1.000	f	\N	\N	2026-06-17 04:58:58.086237+00	2026-06-17 04:58:58.086237+00	\N	\N	invoice	\N	\N	\N	f	\N	unchecked	\N	\N
99444f57-0b59-4bf3-a28a-17e4f08fd4f8	pending_review	Capital Concrete Ltd	Capital Concrete Ltd	41203626	Canning Town Alex	2026-06-06	2026-07-31	STRICTLY NETT MONTHLY	Fuel Surcharge	GBP	5.00	1.00	6.00	standard_20	Costs/2026/06/Capital Concrete Ltd/2026-06-06_Capital Concrete Ltd_41203626.pdf	41203626.PDF	ddae8615ac7c4a25c1f689de9ebbe9f950f916f00a489542ab0158b52cfd65cb	Statements & Invoices <Prism.User@brett.co.uk>	Invoice/Credit from Capital Concrete	<CWLP123MB18923AA7C7D0B7FE31C0863AD71D2@CWLP123MB1892.GBRP123.PROD.OUTLOOK.COM>	2026-06-09 19:29:56+00	0.900	f	\N	\N	2026-06-17 04:59:06.132063+00	2026-06-17 04:59:06.132063+00	\N	\N	invoice	\N	\N	\N	f	\N	unchecked	\N	\N
a04e23dd-dae8-4490-b106-cb70278b0f31	pending_review	Capital Concrete Ltd	Capital Concrete Ltd	41203624	Canning Town Alex	2026-06-06	2026-07-31	STRICTLY NETT MONTHLY	Part Load Charge	GBP	90.00	18.00	108.00	standard_20	Costs/2026/06/Capital Concrete Ltd/2026-06-06_Capital Concrete Ltd_41203624.pdf	41203624.PDF	e1ad328aef259379ca993c81554e5efe577edc34705173d70eeed2baf5aa9ef4	Statements & Invoices <Prism.User@brett.co.uk>	Invoice/Credit from Capital Concrete	<CWLP123MB18920AB0337C839790FFB4ECD71D2@CWLP123MB1892.GBRP123.PROD.OUTLOOK.COM>	2026-06-09 19:29:54+00	1.000	f	\N	\N	2026-06-17 04:59:12.320301+00	2026-06-17 04:59:12.320301+00	\N	\N	invoice	\N	\N	\N	f	\N	unchecked	\N	\N
e5c09487-b7ca-4c4b-8c6c-55afb3c29dc2	pending_review	Capital Concrete Ltd	Capital Concrete Ltd	41203644	Wokingham	2026-06-06	2026-07-31	STRICTLY NETT MONTHLY	ST4 OSAND CIIIA 20 NO 300	GBP	825.00	165.00	990.00	standard_20	Costs/2026/06/Capital Concrete Ltd/2026-06-06_Capital Concrete Ltd_41203644.pdf	41203644.PDF	b704dfb86c53ecb3f91309c7a0cf8774b3a9cf196be18c2b8a413618c6a50949	Statements & Invoices <Prism.User@brett.co.uk>	Invoice/Credit from Capital Concrete	<CWLP123MB18920AB0337C839790FFB4ECD71D2@CWLP123MB1892.GBRP123.PROD.OUTLOOK.COM>	2026-06-09 19:29:54+00	1.000	f	\N	\N	2026-06-17 04:59:19.746017+00	2026-06-17 04:59:19.746017+00	\N	\N	invoice	\N	\N	\N	f	\N	unchecked	\N	\N
da956e3b-4166-4891-b961-3559e88e4fa7	pending_review	Capital Concrete Ltd	Capital Concrete Ltd	41203643	CS4	2026-06-06	2026-07-31	STRICTLY NETT MONTHLY	ST2 OSAND CIIIA 20 NO 240	GBP	480.00	96.00	576.00	standard_20	Costs/2026/06/Capital Concrete Ltd/2026-06-06_Capital Concrete Ltd_41203643.pdf	41203643.PDF	c3b20aba841a5abc3333e3b0019e2c0ff53648e4fbb4bba6e1aa0100676f8e1b	Statements & Invoices <Prism.User@brett.co.uk>	Invoice/Credit from Capital Concrete	<CWLP123MB18920AB0337C839790FFB4ECD71D2@CWLP123MB1892.GBRP123.PROD.OUTLOOK.COM>	2026-06-09 19:29:54+00	1.000	f	\N	\N	2026-06-17 04:59:26.134707+00	2026-06-17 04:59:26.134707+00	\N	\N	invoice	\N	\N	\N	f	\N	unchecked	\N	\N
ec08c719-d96c-4548-9ff6-19910f221a5f	pending_review	Capital Concrete Ltd	Capital Concrete Ltd	41203625	Canning Town Alex	2026-06-06	2026-07-31	STRICTLY NETT MONTHLY	Waiting Time	GBP	36.00	7.20	43.20	standard_20	Costs/2026/06/Capital Concrete Ltd/2026-06-06_Capital Concrete Ltd_41203625.pdf	41203625.PDF	277c10db7848f7750ee1c4398ec6d8cbb4a6c1f45c764bd24988fd407a0bd60e	Statements & Invoices <Prism.User@brett.co.uk>	Invoice/Credit from Capital Concrete	<CWLP123MB1892E2C8C39F2D3F5AC964F0D71D2@CWLP123MB1892.GBRP123.PROD.OUTLOOK.COM>	2026-06-09 19:29:55+00	1.000	f	\N	\N	2026-06-17 05:00:21.733533+00	2026-06-17 05:00:21.733533+00	\N	\N	invoice	\N	\N	\N	f	\N	unchecked	\N	\N
0c2a8dad-0468-4145-a974-c8938330d706	pending_review	Capital Concrete Ltd	Capital Concrete Ltd	41203642	Canning Town Alex	2026-06-06	2026-07-31	STRICTLY NETT MONTHLY	C25/30 SKIP CIIIA 20 SP\nPolypropylene Fibres	GBP	880.00	176.00	1056.00	standard_20	Costs/2026/06/Capital Concrete Ltd/2026-06-06_Capital Concrete Ltd_41203642.pdf	41203642.PDF	4c88d84e8b92df9a293bdf2688da6fc6927401cda94d2b9e8d97bdc7def68660	Statements & Invoices <Prism.User@brett.co.uk>	Invoice/Credit from Capital Concrete	<CWLP123MB18920AB0337C839790FFB4ECD71D2@CWLP123MB1892.GBRP123.PROD.OUTLOOK.COM>	2026-06-09 19:29:54+00	1.000	f	\N	\N	2026-06-17 04:59:31.875052+00	2026-06-17 04:59:31.875052+00	\N	\N	invoice	\N	\N	\N	f	\N	unchecked	\N	\N
a7406c67-1db4-42b9-9117-379ce99bf84b	pending_review	Capital Concrete Ltd	Capital Concrete Ltd	41203637	Canning Town Alex	2026-06-06	2026-07-31	STRICTLY NETT MONTHLY	Waiting Time	GBP	12.00	2.40	14.40	standard_20	Costs/2026/06/Capital Concrete Ltd/2026-06-06_Capital Concrete Ltd_41203637.pdf	41203637.PDF	f0b508a0b4b5d32611f0d865680f62b1ba141b1658160df84cf49327f5d6d2eb	Statements & Invoices <Prism.User@brett.co.uk>	Invoice/Credit from Capital Concrete	<CWLP123MB18920AB0337C839790FFB4ECD71D2@CWLP123MB1892.GBRP123.PROD.OUTLOOK.COM>	2026-06-09 19:29:54+00	1.000	f	\N	\N	2026-06-17 05:00:06.685478+00	2026-06-17 05:00:06.685478+00	\N	\N	invoice	\N	\N	\N	f	\N	unchecked	\N	\N
5296a295-76d9-4918-8eba-8a39539782a6	pending_review	Capital Concrete Ltd	Capital Concrete Ltd	41203641	Wokingham	2026-06-06	2026-07-31	STRICTLY NETT MONTHLY	Fuel Surcharge	GBP	7.50	1.50	9.00	standard_20	Costs/2026/06/Capital Concrete Ltd/2026-06-06_Capital Concrete Ltd_41203641.pdf	41203641.PDF	9d150038cea05960b3973d2eff348b6e5857de670fbc82723b393f276b8b7e76	Statements & Invoices <Prism.User@brett.co.uk>	Invoice/Credit from Capital Concrete	<CWLP123MB18920AB0337C839790FFB4ECD71D2@CWLP123MB1892.GBRP123.PROD.OUTLOOK.COM>	2026-06-09 19:29:54+00	0.900	f	\N	\N	2026-06-17 04:59:39.878006+00	2026-06-17 04:59:39.878006+00	\N	\N	invoice	\N	\N	\N	f	\N	unchecked	\N	\N
d8335266-74cb-4a46-a9d8-82e683e460f8	pending_review	Capital Concrete Ltd	Capital Concrete Ltd	41203640	CS4	2026-06-06	2026-07-31	STRICTLY NETT MONTHLY	Fuel Surcharge	GBP	5.00	1.00	6.00	standard_20	Costs/2026/06/Capital Concrete Ltd/2026-06-06_Capital Concrete Ltd_41203640.pdf	41203640.PDF	b0e11e898df8b644b89ea0abf72dc99a39de3bb86b788c4e7c998a968eb86a0d	Statements & Invoices <Prism.User@brett.co.uk>	Invoice/Credit from Capital Concrete	<CWLP123MB18920AB0337C839790FFB4ECD71D2@CWLP123MB1892.GBRP123.PROD.OUTLOOK.COM>	2026-06-09 19:29:54+00	1.000	f	\N	\N	2026-06-17 04:59:48.331869+00	2026-06-17 04:59:48.331869+00	\N	\N	invoice	\N	\N	\N	f	\N	unchecked	\N	\N
d04b1718-983e-435a-a068-ea030a355e9a	pending_review	Capital Concrete Ltd	Capital Concrete Ltd	41203636	Wokingham	2026-06-06	2026-07-31	STRICTLY NETT MONTHLY	ST4 OSAND CIIIA 20 NO 300	GBP	440.00	88.00	528.00	standard_20	Costs/2026/06/Capital Concrete Ltd/2026-06-06_Capital Concrete Ltd_41203636.pdf	41203636.PDF	f99c54994e27d095d85ecd72c6bfccc37646f17c2d546c0871d96a94302552e5	Statements & Invoices <Prism.User@brett.co.uk>	Invoice/Credit from Capital Concrete	<CWLP123MB18920AB0337C839790FFB4ECD71D2@CWLP123MB1892.GBRP123.PROD.OUTLOOK.COM>	2026-06-09 19:29:54+00	1.000	f	\N	\N	2026-06-17 05:00:13.439248+00	2026-06-17 05:00:13.439248+00	\N	\N	invoice	\N	\N	\N	f	\N	unchecked	\N	\N
b28d709d-52dc-45b3-a906-c9f12348d3f5	pending_review	Capital Concrete Ltd	Capital Concrete Ltd	41203639	CS4	2026-06-06	2026-07-31	STRICTLY NETT MONTHLY	Part Load Charge	GBP	90.00	18.00	108.00	standard_20	Costs/2026/06/Capital Concrete Ltd/2026-06-06_Capital Concrete Ltd_41203639.pdf	41203639.PDF	cf718d7d9e4919f47deea10ce1c615569640c9afb54046143c05cb3e4e4894d3	Statements & Invoices <Prism.User@brett.co.uk>	Invoice/Credit from Capital Concrete	<CWLP123MB18920AB0337C839790FFB4ECD71D2@CWLP123MB1892.GBRP123.PROD.OUTLOOK.COM>	2026-06-09 19:29:54+00	1.000	f	\N	\N	2026-06-17 04:59:53.652628+00	2026-06-17 04:59:53.652628+00	\N	\N	invoice	\N	\N	\N	f	\N	unchecked	\N	\N
599afcd9-7478-404f-a6bd-315913e3da3e	pending_review	Capital Concrete Ltd	Capital Concrete Ltd	41203638	Canning Town Alex	2026-06-06	2026-07-31	STRICTLY NETT MONTHLY	Fuel Surcharge	GBP	8.00	1.60	9.60	standard_20	Costs/2026/06/Capital Concrete Ltd/2026-06-06_Capital Concrete Ltd_41203638.pdf	41203638.PDF	9f6c35aa50dfc7de54b0f91fb448935808deee22a7a7680b4b5eb2a191190c90	Statements & Invoices <Prism.User@brett.co.uk>	Invoice/Credit from Capital Concrete	<CWLP123MB18920AB0337C839790FFB4ECD71D2@CWLP123MB1892.GBRP123.PROD.OUTLOOK.COM>	2026-06-09 19:29:54+00	1.000	f	\N	\N	2026-06-17 04:59:59.864371+00	2026-06-17 04:59:59.864371+00	\N	\N	invoice	\N	\N	\N	f	\N	unchecked	\N	\N
8e320456-b45f-4b09-914a-919209c8910e	pending_review	Keyline Civils Specialist Limited	Keyline Civils Specialist Limited	1045249297	CANNINGTOWN BUS STATION	2026-06-09	2026-07-31	NET MONTHLY	SHIMPAC ROADSHIM NON STANDARD RANGE 610 X 100 X 24MM	GBP	108.15	21.63	129.78	standard_20	Costs/2026/06/Keyline Civils Specialist Limited/2026-06-09_Keyline Civils Specialist Limited_1045249297.pdf	1045249297_1.pdf	d799be2cbec49e4a05d96d280ef78677c95d5231318107059962dbe014e3f025	Keyline E-Billing <ebilling@keyline.co.uk>	(PR3955) Keyline Invoice (1045249297) Attached	<1766591104.352440.1781023201200@smtp.email.uk-london-1.oraclecloud.com>	2026-06-09 16:40:01+00	1.000	f	\N	\N	2026-06-17 05:01:05.513463+00	2026-06-17 05:01:05.513463+00	\N	\N	invoice	\N	\N	\N	f	\N	unchecked	\N	\N
c8158ebd-1d67-4ee7-9df3-f0034c73008d	pending_review	H. Sivyer Transport LTD T/A Holcim UK	H. Sivyer Transport LTD T/A Holcim UK	461408	1614977	2026-06-02	2026-06-30	30 DAYS EOM	PRIMARY TYPE ONE	GBP	398.84	79.77	478.61	standard_20	Costs/2026/06/H. Sivyer Transport LTD T A Holcim UK/2026-06-02_H. Sivyer Transport LTD T A Holcim UK_461408.pdf	Invoice - 461408 - 2026-06-09.pdf	d88c7f65fd1ffd03cec0a662ad82be7ddae95e96691e832214a23892bac17746	salesinvoice.recycling@holcim.co.uk	Sales Invoice [Our Ref: 461408]	<6a28183c.5fc43ffa.172b55.d066SMTPIN_ADDED_MISSING@mx.google.com>	2026-06-09 13:42:19+00	1.000	f	\N	COPY POD'S WILL BE CHARGABLE AT \n£4.00 EACH THIS CHARGE WILL BE ADDED TO THE ACCOUNT	2026-06-17 05:03:05.153348+00	2026-06-17 05:03:05.153348+00	\N	\N	invoice	\N	\N	\N	f	\N	unchecked	\N	\N
000991a5-98af-40ba-bce8-696754f25036	pending_review	iMix Concrete Ltd	iMix Concrete Ltd	516083	NA	2026-06-08	2026-07-08	30 days (NET)	C30 concrete; Fuel Surcharge	GBP	615.88	123.18	739.06	standard_20	Costs/2026/06/iMix Concrete Ltd/2026-06-08_iMix Concrete Ltd_516083.pdf	A463E24C819550516B9E901E01FCA4C2.pdf	62937882b06f442c49b6ae644fa8a2f02f2a5b37a9d70f54d479e919f30a04ba	iMix Concrete <imix@aggsmart.co.uk>	iMix Concrete Invoice #516083	<31838367-32fb-42cc-ae92-31f7c0557810@mtasv.net>	2026-06-09 13:39:45+00	1.000	f	\N	All invoice queries must be sent via email to accounts@imixconcrete.co.uk within 7 days from date of invoice. For any account queries please contact our accounts department on 0800 688 9411. Time allowed on site: No waiting time will be charged for the first 30 minutes on site, waiting time applies thereafter unless otherwise agreed prior to delivery. iMix Concrete Ltd reserves the right to charge for any detention in excess of any pre arranged amount. This sale is subject to our terms and conditions available on our website.	2026-06-17 05:03:19.798689+00	2026-06-17 05:03:19.798689+00	\N	\N	invoice	\N	\N	\N	f	\N	unchecked	\N	\N
66de1227-4404-47a3-a067-ae2e0d5ac1d7	pending_review	H. Sivyer Transport LTD T/A Holcim UK	H. Sivyer Transport LTD T/A Holcim UK	461253	NA	2026-06-01	2026-06-30	30 DAYS EOM	TARMAC AWAY 170302-170302	GBP	200.00	40.00	240.00	standard_20	Costs/2026/06/H. Sivyer Transport LTD T A Holcim UK/2026-06-01_H. Sivyer Transport LTD T A Holcim UK_461253.pdf	Invoice - 461253 - 2026-06-09.pdf	dc9ac040cd0ca56e3fbcf78678d0fcd4f44777fefa46ce25b1b1b9df8dd6e605	salesinvoice.recycling@holcim.co.uk	Sales Invoice [Our Ref: 461253]	<6a27f7f6.de8d985a.b5ccf.6352SMTPIN_ADDED_MISSING@mx.google.com>	2026-06-09 11:24:37+00	0.900	f	\N	COPY POD'S WILL BE CHARGABLE AT \n£4.00 EACH THIS CHARGE WILL BE ADDED TO THE ACCOUNT	2026-06-17 05:04:45.480331+00	2026-06-17 05:04:45.480331+00	\N	\N	invoice	\N	\N	\N	f	\N	unchecked	\N	\N
de28a4c5-5cf3-4630-b006-74a791e8fb1d	pending_review	H. Sivyer Transport LTD T/A Holcim UK	H. Sivyer Transport LTD T/A Holcim UK	461351	NA	2026-06-08	2026-06-30	30 DAYS EOM	BIO RETENTION SOIL	GBP	745.20	149.04	894.24	standard_20	Costs/2026/06/H. Sivyer Transport LTD T A Holcim UK/2026-06-08_H. Sivyer Transport LTD T A Holcim UK_461351.pdf	Invoice - 461351 - 2026-06-09.pdf	b91bdb25ba5cdfe222c514ae0408e4a21eca2c7175070c7cdf4b6c80ffb1f30e	salesinvoice.recycling@holcim.co.uk	Sales Invoice [Our Ref: 461351]	<6a27f749.8cce25b0.1cd327.bd52SMTPIN_ADDED_MISSING@mx.google.com>	2026-06-09 11:21:44+00	0.900	f	\N	COPY POD'S WILL BE CHARGABLE AT \n£4.00 EACH THIS CHARGE WILL BE ADDED TO THE ACCOUNT\nAll Invoice Queries must be received by our Credit Control Dept within 14 days.	2026-06-17 05:05:00.400493+00	2026-06-17 05:05:00.400493+00	\N	\N	invoice	\N	\N	\N	f	\N	unchecked	\N	\N
0d94fea7-05eb-4065-bfec-6fc5ed416eb0	pending_review	Tarmac Trading Limited	Tarmac Trading Limited	9051214642	294744	2026-06-03	2026-07-31	Net Monthly	AC 20 DENSE BIN 100/150 DES (EN13108-1)\nAC 20 DENSE BIN 100/150 DES (EN13108-1)	GBP	241.45	48.29	289.74	standard_20	Costs/2026/06/Tarmac Trading Limited/2026-06-03_Tarmac Trading Limited_9051214642.pdf	Tarmac invoice 9051214642.pdf	e66d5f83d7cdf6a829162e2f2c764862d411c86bcef6b1091f61eef7a0a4a5b5	Tarmac Invoice <lt.invoice@tarmac.com>	Tarmac invoice 9051214642	<ADR51000001102969001000D3ABD75791FE198F4F51DCF3A47E8@tarmac.com>	2026-06-09 02:02:21+00	1.000	f	\N	Unless raised within 14 days of receipt, queries on the details of this invoice will not be accepted and payment shall be made on or before the due date. Corporate card payments by credit account customers will be subject to a charge from 01.01.2026. You can request quotes, orders and track your deliveries online. Visit tarmac.com/portal	2026-06-17 05:05:26.744299+00	2026-06-17 05:05:26.744299+00	\N	\N	invoice	\N	\N	\N	f	\N	unchecked	\N	\N
9f8de7c3-931f-446f-9460-477a92e13acc	pending_review	H. Sivyer Transport LTD T/A Holcim UK	H. Sivyer Transport LTD T/A Holcim UK	461487	CS4	2026-06-09	2026-06-30	30 DAYS EOM	MIXED CONSTRUCTION AND DEMOLITION WASTE 170904-170904\nMIXED CONSTRUCTION AND DEMOLITION WASTE 170904-170904	GBP	600.00	120.00	720.00	standard_20	Costs/2026/06/H. Sivyer Transport LTD T A Holcim UK/2026-06-09_H. Sivyer Transport LTD T A Holcim UK_461487.pdf	Invoice - 461487 - 2026-06-11.pdf	6ceb4c48d78146d0404f9696a988125d31aaa92f58438e244631845b4816d7a9	salesinvoice.recycling@holcim.co.uk	Sales Invoice [Our Ref: 461487]	<6a2ac862.da766eca.bd51b.88d9SMTPIN_ADDED_MISSING@mx.google.com>	2026-06-11 14:38:24+00	0.900	f	\N	COPY POD'S WILL BE CHARGABLE AT \n£4.00 EACH THIS CHARGE WILL BE ADDED TO THE ACCOUNT	2026-06-17 05:29:02.587714+00	2026-06-17 05:29:02.587714+00	\N	\N	invoice	\N	\N	\N	f	\N	unchecked	\N	\N
ba665373-5dbe-4d49-ac59-8ce30acaad6b	pending_review	Continental Civil Engineering Ltd.	Continental Civil Engineering Ltd.	CCE0005	\N	2026-06-09	2026-06-16	7 days	Week Ending Sunday, May 31, 2026	GBP	24675.00	\N	19740.00	no_vat	Costs/2026/06/Continental Civil Engineering Ltd/2026-06-09_Continental Civil Engineering Ltd._CCE0005.pdf	Continental-Civil-Engineering-Ltd-Invoice-no-CCE0005.pdf	1dd7c1b343c8b39cf61957d771bfae26a3be6cb4766fe48d6c8160b4f9a9c905	Jotform <noreply@jotform.com>	Continental Civil Engineering Invoice no. CCE0005	<rvLIllZnWICseo5uD9M1iPXhykMJ4LdrMbj3CBi2hk@emea-workers-8jxb>	2026-06-09 15:37:07+00	1.000	f	\N	\N	2026-06-17 05:01:29.307402+00	2026-06-17 05:58:14.891697+00	\N	4935.00	invoice	\N	\N	\N	f	\N	unchecked	\N	\N
1fd9aed0-52bd-49df-bd4f-3c706d5379d3	pending_review	Keyline Civils Specialist Limited	Keyline Civils Specialist Limited	1045177605	WOODLANDS AVE	2026-06-08	2026-07-31	NET MONTHLY	MCCANN CONCRETE ROAD GULLY 450X150X900\nPOLYPIPE 150MM X 45DEG RIDGIDRAIN BEND BRD150X45\nPOLYPIPE 150MM X 87.5DEG RIDGIDRAIN BEND BRD150X87.5\nPOLYPIPE 150MMX150MM 45DEG RIDGIDRAIN JUNCTION JRD150150Y	GBP	328.02	65.60	393.62	standard_20	Costs/2026/06/Keyline Civils Specialist Limited/2026-06-08_Keyline Civils Specialist Limited_1045177605.pdf	1045177605_1.pdf	283847e691b8bfb7e0d7336240721bf6a54446d531a1dfe2b4eb692d8ad97d45	Keyline E-Billing <ebilling@keyline.co.uk>	(PR3955) Keyline Invoice (1045177605) Attached	<1188007186.336550.1780945706932@smtp.email.uk-london-1.oraclecloud.com>	2026-06-08 19:08:26+00	1.000	f	\N	\N	2026-06-17 08:40:23.038345+00	2026-06-17 08:40:23.038345+00	\N	\N	invoice	\N	\N	\N	f	\N	unchecked	\N	\N
3f5243c2-15a7-4b22-a22b-a506784b7f96	pending_review	Travis Perkins Trading Company Ltd	Travis Perkins Trading Company Ltd	1045178212	CS4	2026-06-08	2026-07-31	NET MONTHLY	SHUTTERING PLYWOOD C+/C 2440X1220X18MM CE2	GBP	74.01	14.80	88.81	standard_20	Costs/2026/06/Travis Perkins Trading Company Ltd/2026-06-08_Travis Perkins Trading Company Ltd_1045178212.pdf	1045178212_1.pdf	764503c8f8bd884165e1f55fda4dc07ed78d5105a6cd8411e86888a54ae1ca79	TP E-Billing <ebilling@travisperkins.co.uk>	(HT5272) TP Invoice (1045178212) Attached	<750450323.295367.1780945532867@smtp.email.uk-london-1.oraclecloud.com>	2026-06-08 19:05:32+00	1.000	f	\N	FSC marked products are FSC Mix 70% - INT-COC-002744	2026-06-17 08:40:29.010165+00	2026-06-17 08:40:29.010165+00	\N	\N	invoice	\N	\N	\N	f	\N	unchecked	\N	\N
e6eb1c40-6564-4368-aa5c-5dd506b296c7	pending_review	Travis Perkins Trading Company Ltd	Travis Perkins Trading Company Ltd	1045178214	CS4	2026-06-08	2026-07-31	NET MONTHLY	BLUE CIRCLE POSTCRETE 20KG	GBP	18.66	3.73	22.39	standard_20	Costs/2026/06/Travis Perkins Trading Company Ltd/2026-06-08_Travis Perkins Trading Company Ltd_1045178214.pdf	1045178214_1.pdf	2fdcea54844ecd9eefdf4e005fe061195e488e4da4d1d7c31f254b60cf175711	TP E-Billing <ebilling@travisperkins.co.uk>	(HT5272) TP Invoice (1045178214) Attached	<1582441394.292593.1780944987437@smtp.email.uk-london-1.oraclecloud.com>	2026-06-08 18:56:27+00	1.000	f	\N	\N	2026-06-17 08:40:35.000483+00	2026-06-17 08:40:35.000483+00	\N	\N	invoice	\N	\N	\N	f	\N	unchecked	\N	\N
ec78414f-31aa-4886-a86a-eeb4d2a2b1b1	pending_review	Travis Perkins Trading Company Ltd	Travis Perkins Trading Company Ltd	1045178213	CS4	2026-06-08	2026-07-31	NET MONTHLY	BLUE CIRCLE POSTCRETE 20KG	GBP	12.44	2.49	14.93	standard_20	Costs/2026/06/Travis Perkins Trading Company Ltd/2026-06-08_Travis Perkins Trading Company Ltd_1045178213.pdf	1045178213_1.pdf	ed11ccbae79aed5a385623b37d3b5f1a697e24618dc36f5b1abb9bbe9a8957c9	TP E-Billing <ebilling@travisperkins.co.uk>	(HT5272) TP Invoice (1045178213) Attached	<36141198.292519.1780944973071@smtp.email.uk-london-1.oraclecloud.com>	2026-06-08 18:56:13+00	1.000	f	\N	\N	2026-06-17 08:40:41.303495+00	2026-06-17 08:40:41.303495+00	\N	\N	invoice	\N	\N	\N	f	\N	unchecked	\N	\N
4c404219-f04d-4b26-a179-3f457405d43b	pending_review	NAL Limited	NAL Limited	527480	CS4	2026-06-05	2026-07-05	30 days after month end of invoice date	Controller Cabinet Base System: Siemens Large Controller Base Black c/w 700x400 STAKKAbox, Includes Gland Tray, Blanking Tray, Castellation Bars, Door Locks and STAKKAbox - 1 Riser & 2 Access Sections; Controller Cabinet Base ONLY - Siemens Large Controller base (4003 Stainless) Painted Black RAL 9005 Finish: primer and standard textured powder; 700 x 400 NAL STAKKAbox 1 Riser Section 155mm Deep; 700 x 400 NAL STAKKAbox 1 Access Section 155mm Deep	GBP	949.67	189.93	1139.60	standard_20	Costs/2026/06/NAL Limited/2026-06-05_NAL Limited_527480.pdf	Invoice Attached .pdf	6112a1d3c0ef34f09bf624d4c621e6987a17642a8d52fbf95f9364ae295c5275	noreply@nal.ltd.uk	Sales Invoices - 527480	<E1wWbh4-FnQW0hPzrwQ-hSSd@message-id.smtpcorp.com>	2026-06-08 15:15:14+00	1.000	f	\N	\N	2026-06-17 08:41:09.693636+00	2026-06-17 08:41:09.693636+00	\N	\N	invoice	\N	\N	\N	f	\N	unchecked	\N	\N
aae391f8-26d2-4be2-b749-f4c8fa10ff4e	pending_review	Keyline Civils Specialist Limited	Keyline Civils Specialist Limited	1045162004	CS4 WESTMORE ROUND ABOUT	2026-06-08	2026-07-31	NET MONTHLY	BS CONCRETE QUADRANT 305X255 QHB RK4720000; BS CONCRETE KERB BULL NOSED 125 X 255 X 915MM BULL NOSE RK0350000	GBP	56.50	11.30	67.80	standard_20	Costs/2026/06/Keyline Civils Specialist Limited/2026-06-08_Keyline Civils Specialist Limited_1045162004.pdf	1045162004_1.pdf	62cf9dba4fca6f248d8aebc0bb6c042214eff29c46f0674a908261ac848ddc14	Keyline E-Billing <ebilling@keyline.co.uk>	(PR3955) Keyline Invoice (1045162004) Attached	<1693837978.301516.1780936525452@smtp.email.uk-london-1.oraclecloud.com>	2026-06-08 16:35:25+00	1.000	f	\N	\N	2026-06-17 08:40:47.598338+00	2026-06-17 08:40:47.598338+00	\N	\N	invoice	\N	\N	\N	f	\N	unchecked	\N	\N
c36f9f2e-8e99-400d-8872-aa483f253c71	pending_review	iMix Concrete Ltd	iMix Concrete Ltd	516077	123755	2026-06-06	2026-07-06	30 days (NET)	C30\nWaiting Time (exceeded by 29 mins)\nFuel Surcharge	GBP	815.75	163.15	978.90	standard_20	Costs/2026/06/iMix Concrete Ltd/2026-06-06_iMix Concrete Ltd_516077.pdf	A463E24C81955051678FA7DE24E07C14.pdf	6a8ef90af746b303e580656b2e6a42f7947f44f1d5545fe753fe611017b6c2ae	iMix Concrete <imix@aggsmart.co.uk>	iMix Concrete Invoice #516077	<b346c2f8-1aad-42bd-86f2-98369fb4ef5b@mtasv.net>	2026-06-08 14:49:50+00	1.000	f	\N	All invoice queries must be sent via email to accounts@imixconcrete.co.uk within 7 days from date of invoice. For any account queries please contact our accounts department on 0800 688 9411. Time allowed on site: No waiting time will be charged for the first 30 minutes on site, waiting time applies thereafter unless otherwise agreed prior to delivery. iMix Concrete Ltd reserves the right to charge for any detention in excess of any pre arranged amount. This sale is subject to our terms and conditions available on our website.	2026-06-17 08:41:17.269125+00	2026-06-17 08:41:17.269125+00	\N	\N	invoice	\N	\N	\N	f	\N	unchecked	\N	\N
7965a851-0f55-43fc-b6d4-af46bbddc9de	pending_review	Northwood Accident Repair Centre Ltd.	Northwood Accident Repair Centre Ltd.	PI-8948	WF0CXXTTRCNL86651	2026-06-08	2026-06-08	Payment is required on receipt of this invoice.	WINDSCREEN\nMOT	GBP	480.00	80.00	560.00	standard_20	Costs/2026/06/Northwood Accident Repair Centre Ltd/2026-06-08_Northwood Accident Repair Centre Ltd._PI-8948.pdf	PI-8948.pdf	a4a280483b016e701e2e1958557fa3ea748d0301d84679ee4a5745d50da5b6fd	"Amy" <amy@narcltd.co.uk>	LM22RXA - FORD TRANSIT	<006401dcf750$65625620$30270260$@narcltd.co.uk>	2026-06-08 14:09:18+00	1.000	f	\N	\N	2026-06-17 08:41:25.487919+00	2026-06-17 08:41:25.487919+00	\N	\N	invoice	\N	\N	\N	f	\N	unchecked	\N	\N
e8b22569-df1d-4583-84f2-1aa93041fd92	pending_review	Northwood Accident Repair Centre Ltd.	Northwood Accident Repair Centre Ltd.	SI-8947	NA	2026-06-08	2026-06-08	Payment is required on receipt of this invoice.	Vehicle: LM22RXA, FORD, TRANSIT LEADER	GBP	250.00	880.05	1130.05	unknown	Costs/2026/06/Northwood Accident Repair Centre Ltd/2026-06-08_Northwood Accident Repair Centre Ltd._SI-8947.pdf	SI-8947.pdf	0dea4faa45d8f41474bed9bd3a03c12ea23d25d78ee60561dc443007b0ab2dbf	"Amy" <amy@narcltd.co.uk>	LM22RXA - FORD TRANSIT	<006401dcf750$65625620$30270260$@narcltd.co.uk>	2026-06-08 14:09:18+00	1.000	f	\N	\N	2026-06-17 08:41:47.814183+00	2026-06-17 08:41:47.814183+00	\N	\N	invoice	\N	\N	\N	f	\N	unchecked	\N	\N
8a470c0c-cb0c-4edc-988d-98ec1d53c648	pending_review	H. Sivyer Transport LTD T/A Holcim UK	H. Sivyer Transport LTD T/A Holcim UK	461173	NA	2026-06-01	2026-06-30	30 DAYS EOM	MIXED CONSTRUCTION AND DEMOLITION WASTE 170904-170904	GBP	300.00	60.00	360.00	standard_20	Costs/2026/06/H. Sivyer Transport LTD T A Holcim UK/2026-06-01_H. Sivyer Transport LTD T A Holcim UK_461173.pdf	Invoice - 461173 - 2026-06-08.pdf	d9f0a71fdbcd788f59001e0ced3a20b1d3a9657cd91dcc5a3685dbd8554e9e34	salesinvoice.recycling@holcim.co.uk	Sales Invoice [Our Ref: 461173]	<6a26aeb8.cd952b0a.2a8f73.3514SMTPIN_ADDED_MISSING@mx.google.com>	2026-06-08 11:59:51+00	1.000	f	\N	COPY POD'S WILL BE CHARGABLE AT \n£4.00 EACH THIS CHARGE WILL BE ADDED TO THE ACCOUNT	2026-06-17 08:42:03.589254+00	2026-06-17 08:42:03.589254+00	\N	\N	invoice	\N	\N	\N	f	\N	unchecked	\N	\N
6c1e5751-b9bc-47a4-8827-dd4526c758db	pending_review	H. Sivyer Transport LTD T/A Holcim UK	H. Sivyer Transport LTD T/A Holcim UK	461175	NA	2026-06-02	2026-06-30	30 DAYS EOM	MIXED CONSTRUCTION AND DEMOLITION WASTE 170904-170904 (4 loads)	GBP	1200.00	\N	\N	standard_20	Costs/2026/06/H. Sivyer Transport LTD T A Holcim UK/2026-06-02_H. Sivyer Transport LTD T A Holcim UK_461175.pdf	Invoice - 461175 - 2026-06-08.pdf	b05e31321e4eedf13cf4d60192add44990fe8f6824c9e6b5b17d7c588f4e2b39	salesinvoice.recycling@holcim.co.uk	Sales Invoice [Our Ref: 461175]	<6a26ae70.34923ba0.136061.6c75SMTPIN_ADDED_MISSING@mx.google.com>	2026-06-08 11:58:39+00	1.000	f	\N	COPY POD'S WILL BE CHARGABLE AT \n\n\n\n\n\n\n\n\n\n\n\n\n\n\n\n\n\n\n\n\n\n\n\n\n\n\n\n\n\n\n\n\n\n\n\n\n\n\n\n\n\n\n\n\n\n\n\n\n\n\n\n\n\n\n\n\n\n\n\n\n\n\n\n\n\n\n\n\n\n\n\n\n\n\n\n\n\n\n\n\n\n\n\n\n\n\n\n\n\n\n\n\n\n\n\n\n\n\n\n\n\n\n\n\n\n\n\n\n\n\n\n\n\n\n\n\n\n\n\n\n\n\n\n\n\n\n\n\n\n\n\n\n\n\n\n\n\n\n\n\n\n\n\n\n\n\n\n\n\n\n\n\n\n\n\n\n\n\n\n\n\n\n\n\n\n\n\n\n\n\n\n\n\n\n\n\n\n\n\n\n\n\n\n\n\n\n\n\n\n\n\n\n\n\n\n\n\n\n\n\n\n\n\n\n\n\n\n\n\n\n\n\n\n\n\n\n\n\n\n\n\n\n\n\n\n\n\n\n\n\n\n\n\n\n\n\n\n\n\n\n\n\n\n\n\n\n\n\n\n\n\n\n\n\n\n\n\n\n\n\n\n\n\n\n\n\n\n\n\n\n\n\n\n\n\n\n\n\n\n\n\n\n\n\n\n\n\n\n\n\n\n\n\n\n\n\n\n\n\n\n\n\n\n\n\n\n\n\n\n\n\n\n\n\n\n\n\n\n\n\n\n\n\n\n\n\n\n\n\n\n\n\n\n\n\n\n\n\n\n\n\n\n\n\n\n\n\n\n\n\n\n\n\n\n\n\n\n\n\n\n\n\n\n\n\n\n\n\n\n\n\n\n\n\n\n\n\n\n\n\n\n\n\n\n\n\n\n\n\n\n\n\n\n\n\n\n\n\n\n\n\n\n\n\n\n\n\n\n\n\n\n\n\n\n\n\n\n\n\n\n\n\n\n\n\n\n\n\n\n\n\n\n\n\n\n\n\n\n\n\n\n\n\n\n\n\n\n\n\n\n\n\n\n\n\n\n\n\n\n\n\n\n\n\n\n\n\n\n\n\n\n\n\n\n\n\n\n\n\n\n\n\n\n\n\n\n\n\n\n\n\n\n\n\n\n\n\n\n\n\n\n\n\n\n\n\n\n\n\n\n\n\n\n\n\n\n\n\n\n\n\n\n\n\n\n\n\n\n\n\n\n\n\n\n\n\n\n\n\n\n\n\n\n\n\n\n\n\n\n\n\n\n\n\n\n\n\n\n\n\n\n\n\n\n\n\n\n\n\n\n\n\n\n\n\n\n\n\n\n\n\n\n\n\n\n\n\n\n\n\n\n\n\n\n\n\n\n\n\n\n\n\n\n\n\n\n\n\n\n\n\n\n\n\n\n\n\n\n\n\n\n\n\n\n\n\n\n\n\n\n\n\n\n\n\n\n\n\n\n\n\n\n\n\n\n\n\n\n\n\n\n\n\n\n\n\n\n\n\n\n\n\n\n\n\n\n\n\n\n\n\n\n\n\n\n\n\n\n\n\n\n\n\n\n\n\n\n\n\n\n\n\n\n\n\n\n\n\n\n\n\n\n\n\n\n\n\n\n\n\n\n\n\n\n\n\n\n\n\n\n\n\n\n\n\n\n\n\n\n\n\n\n\n\n\n\n\n\n\n\n\n\n\n\n\n\n\n\n\n\n\n\n\n\n\n\n\n\n\n\n\n\n\n\n\n\n\n\n\n\n\n\n\n\n\n\n\n\n\n\n\n\n\n\n\n\n\n\n\n\n\n\n\n\n\n\n\n\n\n\n\n\n\n\n\n\n\n\n\n\n\n\n\n\n\n\n\n\n\n\n\n\n\n\n\n\n\n\n\n\n\n\n\n\n\n\n\n\n\n\n\n\n\n\n\n\n\n\n\n\n\n\n\n\n\n\n\n\n\n\n\n\n\n\n\n\n\n\n\n\n\n\n\n\n\n\n\n\n\n\n\n\n\n\n\n\n\n\n\n\n\n\n\n\n\n\n\n\n\n\n\n\n\n\n\n\n\n\n\n\n\n\n\n\n\n\n\n\n\n\n\n\n\n\n\n\n\n\n\n\n\n\n\n\n\n\n\n\n\n\n\n\n\n\n\n\n\n\n\n\n\n\n\n\n\n\n\n\n\n\n\n\n\n\n\n\n\n\n\n\n\n\n\n\n\n\n\n\n\n\n\n\n\n\n\n\n\n\n\n\n\n\n\n\n\n\n\n\n\n\n\n\n\n\n\n\n\n\n\n\n\n\n\n\n\n\n\n\n\n\n\n\n\n\n\n\n\n\n\n\n\n\n\n\n\n\n\n\n\n\n\n\n\n\n\n\n\n\n\n\n\n\n\n\n\n\n\n\n\n\n\n\n\n\n\n\n\n\n\n\n\n\n\n\n\n\n\n\n\n\n\n\n\n\n\n\n\n\n\n\n\n\n\n\n\n\n\n\n\n\n\n\n\n\n\n\n\n\n\n\n\n\n\n\n\n\n\n\n\n\n\n\n\n\n\n\n\n\n\n\n\n\n\n\n\n\n\n\n\n\n\n\n\n\n\n\n\n\n\n\n\n\n\n\n\n\n\n\n\n\n\n\n\n\n\n\n\n\n\n\n\n\n\n\n\n\n\n\n\n\n\n\n\n\n\n\n\n\n\n\n\n\n\n\n\n\n\n\n\n\n\n\n\n\n\n\n\n\n\n\n\n\n\n\n\n\n\n\n\n\n\n\n\n\n\n\n\n\n\n\n\n\n\n\n\n\n\n\n\n\n\n\n\n\n\n\n\n\n\n\n\n\n\n\n\n\n\n\n\n\n\n\n\n\n\n\n\n\n\n\n\n\n\n\n\n\n\n\n\n\n\n\n\n\n\n\n\n\n\n\n\n\n\n\n\n\n\n\n\n\n\n\n\n\n\n\n\n\n\n\n\n\n\n\n\n\n\n\n\n\n\n\n\n\n\n\n\n\n\n\n\n\n\n\n\n\n\n\n\n\n\n\n\n\n\n\n\n\n\n\n\n\n\n\n\n\n\n\n\n\n\n\n\n\n\n\n\n\n\n\n\n\n\n\n\n\n\n\n\n\n\n\n\n\n\n\n\n\n\n\n\n\n\n\n\n\n\n\n\n\n\n\n\n\n\n\n\n\n\n\n\n\n\n\n\n\n\n\n\n\n\n\n\n\n\n\n\n\n\n\n\n\n\n\n\n\n\n\n\n\n\n\n\n\n\n\n\n\n\n\n\n\n\n\n\n\n\n\n\n\n\n\n\n\n\n\n\n\n\n\n\n\n\n\n\n\n\n\n\n\n\n\n\n\n\n\n\n\n\n\n\n\n\n\n\n\n\n\n\n\n\n\n\n\n\n\n\n\n\n\n\n\n\n\n\n\n\n\n\n\n\n\n\n\n\n\n\n\n\n\n\n\n\n\n\n\n\n\n\n\n\n\n\n\n\n\n\n\n\n\n\n\n\n\n\n\n\n\n\n\n\n\n\n\n\n\n\n\n\n\n\n\n\n\n\n\n\n\n\n\n\n\n\n\n\n\n\n\n\n\n\n\n\n\n\n\n\n\n\n\n\n\n\n\n\n\n\n\n\n\n\n\n\n\n\n\n\n\n\n\n\n\n\n\n\n\n\n\n\n\n\n\n\n\n\n\n\n\n\n\n\n\n\n\n\n\n\n\n\n\n\n\n\n\n\n\n\n\n\n\n\n\n\n\n\n\n\n\n\n\n\n\n\n\n\n\n\n\n\n\n\n\n\n\n\n\n\n\n\n\n\n\n\n\n\n\n\n\n\n\n\n\n\n\n\n\n\n\n\n\n\n\n\n\n\n\n\n\n\n\n\n\n\n\n\n\n\n\n\n\n\n\n\n\n\n\n\n\n\n\n\n\n\n\n\n\n\n\n\n\n\n\n\n\n\n\n\n\n\n\n\n\n\n\n\n\n\n\n\n\n\n\n\n\n\n\n\n\n\n\n\n\n\n\n\n\n\n\n\n\n\n\n\n\n\n\n\n\n\n\n\n\n\n\n\n\n\n\n\n\n\n\n\n\n\n\n\n\n\n\n\n\n\n\n\n\n\n\n\n\n\n\n\n\n\n\n\n\n\n\n\n\n\n\n\n\n\n\n\n\n\n\n\n\n\n\n\n\n\n\n\n\n\n\n\n\n\n\n\n\n\n\n\n\n\n\n\n\n\n\n\n\n\n\n\n\n\n\n\n\n\n\n\n\n\n\n\n\n\n\n\n\n\n\n\n\n\n\n\n\n\n\n\n\n\n\n\n\n\n\n\n\n\n\n\n\n\n\n\n\n\n\n\n\n\n\n\n\n\n\n\n\n\n\n\n\n\n\n\n\n\n\n\n\n\n\n\n\n\n\n\n\n\n\n\n\n\n\n\n\n\n\n\n\n\n\n\n\n\n\n\n\n\n\n\n\n\n\n\n\n\n\n\n\n\n\n\n\n\n\n\n\n\n\n\n\n\n\n\n\n\n\n\n\n\n\n\n\n\n\n\n\n\n\n\n\n\n\n\n\n\n\n\n\n\n\n\n\n\n\n\n\n\n\n\n\n\n\n\n\n\n\n\n\n\n\n\n\n\n\n\n\n\n\n\n\n\n\n\n\n\n\n\n\n\n\n\n\n\n\n\n\n\n\n\n\n\n\n\n\n\n\n\n\n\n\n\n\n\n\n\n\n\n\n\n\n\n\n\n\n\n\n\n\n\n\n\n\n\n\n\n\n\n\n\n\n\n\n\n\n\n\n\n\n\n\n\n\n\n\n\n\n\n\n\n\n\n\n\n\n\n\n\n\n\n\n\n\n\n\n\n\n\n\n\n\n\n\n\n\n\n\n\n\n\n\n\n\n\n\n\n\n\n\n\n\n\n\n\n\n\n\n\n\n\n\n\n\n\n\n\n\n\n\n\n\n\n\n\n\n\n\n\n\n\n\n\n\n\n\n\n\n\n\n\n\n\n\n\n\n\n\n\n\n\n\n\n\n\n\n\n\n\n\n\n\n\n\n\n\n\n\n\n\n\n\n\n\n\n\n\n\n\n\n\n\n\n\n\n\n\n\n\n\n\n\n\n\n\n\n\n\n\n\n\n\n\n\n\n\n\n\n\n\n\n\n\n\n\n\n\n\n\n\n\n\n\n\n\n\n\n\n\n\n\n\n\n\n\n\n\n\n\n\n\n\n\n\n\n\n\n\n\n\n\n\n\n\n\n\n\n\n\n\n\n\n\n\n\n\n\n\n\n\n\n\n\n\n\n\n\n\n\n\n\n\n\n\n\n\n\n\n\n\n\n\n\n\n\n\n\n\n\n\n\n\n\n\n\n\n\n\n\n\n\n\n\n\n\n\n\n\n\n\n\n\n\n\n\n\n\n\n\n\n\n\n\n\n\n\n\n\n\n\n\n\n\n\n\n\n\n\n\n\n\n\n\n\n\n\n\n\n\n\n\n\n\n\n\n\n\n\n\n\n\n\n\n\n\n\n\n\n\n\n\n\n\n\n\n\n\n\n\n\n\n\n\n\n\n\n\n\n\n\n\n\n\n\n\n\n\n\n\n\n\n\n\n\n\n\n\n\n\n\n\n\n\n\n\n\n\n\n\n\n\n\n\n\n\n\n\n\n\n\n\n\n\n\n\n\n\n\n\n\n\n\n\n\n\n\n\n\n\n\n\n\n\n\n\n\n\n\n\n\n\n\n\n\n\n\n\n\n\n\n\n\n\n\n\n\n\n\n\n\n\n\n\n\n\n\n\n\n\n\n\n\n\n\n\n\n\n\n\n\n\n\n\n\n\n\n\n\n\n\n\n\n\n\n\n\n\n\n\n\n\n\n\n\n\n\n\n\n\n\n\n\n\n\n\n\n\n\n\n\n\n\n\n\n\n\n\n\n\n\n\n\n\n\n\n\n\n\n\n\n\n\n\n\n\n\n\n\n\n\n\n\n\n\n\n\n\n\n\n\n\n\n\n\n\n\n\n\n\n\n\n\n\n\n\n\n\n\n\n\n\n\n\n\n\n\n\n\n\n\n\n\n\n\n\n\n\n\n\n\n\n\n\n\n\n\n\n\n\n\n\n\n\n\n\n\n\n\n\n\n\n\n\n\n\n\n\n\n\n\n\n\n\n\n\n\n\n\n\n\n\n\n\n\n\n\n\n\n\n\n\n\n\n\n\n\n\n\n\n\n\n\n\n\n\n\n\n\n\n\n\n\n\n\n\n\n\n\n\n\n\n\n\n\n\n\n\n\n\n\n\n\n\n\n\n\n\n\n\n\n\n\n\n\n\n\n\n\n\n\n\n\n\n\n\n\n\n\n\n\n\n\n\n\n\n\n\n\n\n\n\n\n\n\n\n\n\n\n\n\n\n\n\n\n\n\n\n\n\n\n\n\n\n\n\n\n\n\n\n\n\n\n\n\n\n\n\n\n\n\n\n\n\n\n\n\n\n\n\n\n\n\n\n\n\n\n\n\n\n\n\n\n\n\n\n\n\n\n\n\n\n\n\n\n\n\n\n\n\n\n\n\n\n\n\n\n\n\n\n\n\n\n\n\n\n\n\n\n\n\n\n\n\n\n\n\n\n\n\n\n\n\n\n\n\n\n\n\n\n\n\n\n\n\n\n\n\n\n\n\n\n\n\n\n\n\n\n\n\n\n\n\n\n\n\n\n\n\n\n\n\n\n\n\n\n\n\n\n\n\n\n\n\n\n\n\n\n\n\n\n\n\n\n\n\n\n\n\n\n\n\n\n\n\n\n\n\n\n\n\n\n\n\n\n\n\n\n\n\n\n\n\n\n\n\n\n\n\n\n\n\n\n\n\n\n\n\n\n\n\n\n\n\n\n\n\n\n\n\n\n\n\n\n\n\n\n\n\n\n\n\n\n\n\n\n\n\n\n\n\n\n\n\n\n\n\n\n\n\n\n\n\n\n\n\n\n\n\n\n\n\n\n\n\n\n\n\n\n\n\n\n\n\n\n\n\n\n\n\n\n\n\n\n\n\n\n\n\n\n\n\n\n\n\n\n\n\n\n\n\n\n\n\n\n\n\n\n\n\n\n\n\n\n\n\n\n\n\n\n\n\n\n\n\n\n\n\n\n\n\n\n\n\n\n\n\n\n\n\n\n\n\n\n\n\n\n\n\n\n\n\n\n\n\n\n\n\n\n\n\n\n\n\n\n\n\n\n\n\n\n\n\n\n\n\n\n\n\n\n\n\n\n\n\n\n\n\n\n\n\n\n\n\n\n\n\n\n\n\n\n\n\n\n\n\n\n\n\n\n\n\n\n\n\n\n\n\n\n\n\n\n\n\n\n\n\n\n\n\n\n\n\n\n\n\n\n\n\n\n\n\n\n\n\n\n\n\n\n\n\n\n\n\n\n\n\n\n\n\n\n\n\n\n\n\n\n\n\n\n\n\n\n\n\n\n\n\n\n\n\n\n\n\n\n\n\n\n\n\n\n\n\n\n\n\n\n\n\n\n\n\n\n\n\n\n\n\n\n\n\n\n\n\n\n\n\n\n\n\n\n\n\n\n\n\n\n\n\n\n\n\n\n\n\n\n\n\n\n\n\n\n\n\n\n\n\n\n\n\n\n\n\n\n\n\n\n\n\n\n\n\n\n\n\n\n\n\n\n\n\n\n\n\n\n\n\n\n\n\n\n\n\n\n\n\n\n\n\n\n\n\n\n\n\n\n\n\n\n\n\n\n\n\n\n\n\n\n\n\n\n\n\n\n\n\n\n\n\n\n\n\n\n\n\n\n\n\n\n\n\n\n\n\n\n\n\n\n\n\n\n\n\n\n\n\n\n\n\n\n\n\n\n\n\n\n\n\n\n\n\n\n\n\n\n\n\n\n\n\n\n\n\n\n\n\n\n\n\n\n\n\n\n\n\n\n\n\n\n\n\n\n\n\n\n\n\n\n\n\n\n\n\n\n\n\n\n\n\n\n\n\n\n\n\n\n\n\n\n\n\n\n\n\n\n\n\n\n\n\n\n\n\n\n\n\n\n\n\n\n\n\n\n\n\n\n\n\n\n\n\n\n\n\n\n\n\n\n\n\n\n\n\n\n\n\n\n\n\n\n\n\n\n\n\n\n\n\n\n\n\n\n\n\n\n\n\n\n\n\n\n\n\n\n\n\n\n\n\n\n\n\n\n\n\n\n\n\n\n\n\n\n\n\n\n\n\n\n\n\n\n\n\n\n\n\n\n\n\n\n\n\n\n\n\n\n\n\n\n\n\n\n\n\n\n\n\n\n\n\n\n\n\n\n\n\n\n\n\n\n\n\n\n\n\n\n\n\n\n\n\n\n\n\n\n\n\n\n\n\n\n\n\n\n\n\n\n\n\n\n\n\n\n\n\n\n\n\n\n\n\n\n\n\n\n\n\n\n\n\n\n\n\n\n\n\n\n\n\n\n\n\n\n\n\n\n\n\n\n\n\n\n\n\n\n\n\n\n\n\n\n\n\n\n\n\n\n\n\n\n\n\n\n\n\n\n\n\n\n\n\n\n\n\n\n\n\n\n\n\n\n\n\n\n\n\n\n\n\n\n\n\n\n\n\n\n\n\n\n\n\n\n\n\n\n\n\n\n\n\n\n\n\n\n\n\n\n\n\n\n\n\n\n\n\n\n\n\n\n\n\n\n\n\n\n\n\n\n\n\n\n\n\n\n\n\n\n\n\n\n\n\n\n\n\n\n\n\n\n\nIt is a sales invoice from H. Sivyer Transport LTD T/A Holcim UK to CJB Civil Engineering Ltd. All required fields are present and consistent. The description is a summary of the items. No CIS amount is present. The VAT is standard 20%. The due date rule is extracted. The page range is 1 as it's a single-page document. No PO reference is found based on the rules.}	2026-06-17 08:42:49.624185+00	2026-06-17 08:42:49.624185+00	\N	\N	invoice	\N	\N	\N	f	\N	unchecked	\N	\N
41ecf74d-05ef-4c85-8d93-c2b72be1df5a	pending_review	H. Sivyer Transport LTD T/A Holcim UK	H. Sivyer Transport LTD T/A Holcim UK	461176	NA	2026-06-03	2026-06-30	30 DAYS EOM	MIXED CONSTRUCTION AND DEMOLITION WASTE 170904-170904	GBP	300.00	60.00	360.00	standard_20	Costs/2026/06/H. Sivyer Transport LTD T A Holcim UK/2026-06-03_H. Sivyer Transport LTD T A Holcim UK_461176.pdf	Invoice - 461176 - 2026-06-08.pdf	b2ee0c654236388fdf84768a87fb2693e778a30e2ff4c3c4d2212b1f0becffe9	salesinvoice.recycling@holcim.co.uk	Sales Invoice [Our Ref: 461176]	<6a26ae60.3a545568.1b6e6c.794bSMTPIN_ADDED_MISSING@mx.google.com>	2026-06-08 11:58:23+00	1.000	f	\N	COPY POD'S WILL BE CHARGABLE AT \n£4.00 EACH THIS CHARGE WILL BE ADDED TO THE ACCOUNT	2026-06-17 08:43:25.678658+00	2026-06-17 08:43:25.678658+00	\N	\N	invoice	\N	\N	\N	f	\N	unchecked	\N	\N
a2b575b5-9e59-4e55-9d76-34cf8c19c554	pending_review	H. Sivyer Transport LTD T/A Holcim UK	H. Sivyer Transport LTD T/A Holcim UK	461177	CS4	2026-06-04	2026-06-30	30 DAYS EOM	MIXED CONSTRUCTION AND DEMOLITION WASTE 170904-170904\nMIXED CONSTRUCTION AND DEMOLITION WASTE 170904-170904	GBP	600.00	120.00	720.00	standard_20	Costs/2026/06/H. Sivyer Transport LTD T A Holcim UK/2026-06-04_H. Sivyer Transport LTD T A Holcim UK_461177.pdf	Invoice - 461177 - 2026-06-08.pdf	8feb222669635d3171e26a5e2951d983bcf74b1a2cfde0ced995cefba50939ee	salesinvoice.recycling@holcim.co.uk	Sales Invoice [Our Ref: 461177]	<6a26ae1d.aa51b863.3bf797.51f5SMTPIN_ADDED_MISSING@mx.google.com>	2026-06-08 11:57:15+00	1.000	f	\N	\N	2026-06-17 08:43:37.178032+00	2026-06-17 08:43:37.178032+00	\N	\N	invoice	\N	\N	\N	f	\N	unchecked	\N	\N
169eba1b-927e-4357-a71c-e55ff212fd1b	pending_review	H. Sivyer Transport LTD T/A Holcim UK	H. Sivyer Transport LTD T/A Holcim UK	461181	NA	2026-06-04	2026-06-30	30 DAYS EOM	BIO RETENTION SOIL	GBP	736.00	147.20	883.20	standard_20	Costs/2026/06/H. Sivyer Transport LTD T A Holcim UK/2026-06-04_H. Sivyer Transport LTD T A Holcim UK_461181.pdf	Invoice - 461181 - 2026-06-08.pdf	bdf93f09bba31a60fa6e61f51879478d914d55f2425b97963ad57d7a3547f059	salesinvoice.recycling@holcim.co.uk	Sales Invoice [Our Ref: 461181]	<6a26ae1b.ea8ed877.290b39.29d3SMTPIN_ADDED_MISSING@mx.google.com>	2026-06-08 11:57:14+00	1.000	f	\N	COPY POD'S WILL BE CHARGABLE AT \n\n\n£4.00 EACH THIS CHARGE WILL BE ADDED TO THE ACCOUNT	2026-06-17 08:43:54.702769+00	2026-06-17 08:43:54.702769+00	\N	\N	invoice	\N	\N	\N	f	\N	unchecked	\N	\N
d15600a1-1b9b-457b-83a7-2eefc8d8fe70	pending_review	H. Sivyer Transport LTD T/A Holcim UK	H. Sivyer Transport LTD T/A Holcim UK	461180	NA	2026-06-05	2026-06-30	30 DAYS EOM	BIO RETENTION SOIL (15.92 TONNES @ \n£46.00)\nBIO RETENTION SOIL (16.20 TONNES @ \n£46.00)\nBIO RETENTION SOIL (16.02 TONNES @ \n£46.00)\nBIO RETENTION SOIL (16.10 TONNES @ \n£46.00)\nBIO RETENTION SOIL (15.90 TONNES @ \n£46.00)\nBIO RETENTION SOIL (15.98 TONNES @ \n£46.00)	GBP	4421.52	884.30	5305.82	standard_20	Costs/2026/06/H. Sivyer Transport LTD T A Holcim UK/2026-06-05_H. Sivyer Transport LTD T A Holcim UK_461180.pdf	Invoice - 461180 - 2026-06-08.pdf	72d6f33b15e14ad8064e7497338859b585a61ad3c5ea46277bfe96071f9a45fd	salesinvoice.recycling@holcim.co.uk	Sales Invoice [Our Ref: 461180]	<6a26adbf.5a302e26.1710c8.42f4SMTPIN_ADDED_MISSING@mx.google.com>	2026-06-08 11:55:42+00	1.000	f	\N	COPY POD'S WILL BE CHARGABLE AT \n£4.00 EACH THIS CHARGE WILL BE ADDED TO THE ACCOUNT. All Invoice Queries must be received by our Credit Control Dept within 14 days.	2026-06-17 08:44:04.621169+00	2026-06-17 08:44:04.621169+00	\N	\N	invoice	\N	\N	\N	f	\N	unchecked	\N	\N
85bc0584-640f-464d-b4d9-4cbb04427ba7	pending_review	iMix Concrete Ltd	iMix Concrete Ltd	516050	NA	2026-06-05	2026-07-05	30 days (NET)	C30\nFuel Surcharge	GBP	701.00	140.20	841.20	standard_20	Costs/2026/06/iMix Concrete Ltd/2026-06-05_iMix Concrete Ltd_516050.pdf	A463E24C8195505135BC692B68FF482A.pdf	21fd1a4d8e9b9197444b7b2a02eb91fd5e19ef3e1ebdcf073620410924e1c969	iMix Concrete <imix@aggsmart.co.uk>	iMix Concrete Invoice #516050	<b920fcad-cc63-4884-b801-c9e050dcbf36@mtasv.net>	2026-06-08 10:43:47+00	1.000	f	\N	\N	2026-06-17 08:45:09.072518+00	2026-06-17 08:45:09.072518+00	\N	\N	invoice	\N	\N	\N	f	\N	unchecked	\N	\N
1d47abc6-9aa7-4d2e-a012-b99590d041fe	pending_review	Keyline Civils Specialist Limited	Keyline Civils Specialist Limited	1045072988	EMAIL ALEX	2026-06-05	2026-07-31	NET MONTHLY	MARSHALLS CYCLEWAY BLOCK WHITE\nMOL / CRANE OFFLOAD	GBP	7900.60	1580.12	9480.72	standard_20	Costs/2026/06/Keyline Civils Specialist Limited/2026-06-05_Keyline Civils Specialist Limited_1045072988.pdf	1045072988_1.pdf	580276d8a7c02e0573eea969a8bd11d5c4bed05fa5fb719430b570229f58d980	Keyline E-Billing <ebilling@keyline.co.uk>	(PR3955) Keyline Invoice (1045072988) Attached	<644644015.259419.1780681129279@smtp.email.uk-london-1.oraclecloud.com>	2026-06-05 17:38:49+00	1.000	f	\N	\N	2026-06-17 09:17:38.353708+00	2026-06-17 09:17:38.353708+00	\N	\N	invoice	\N	\N	\N	f	\N	unchecked	\N	\N
47d77686-1984-40f2-a9b0-86f3f6eddefd	pending_review	H. Sivyer Transport LTD T/A Holcim UK	H. Sivyer Transport LTD T/A Holcim UK	461049	NA	2026-06-03	2026-07-30	30 DAYS EOM	SHARP WASHED SAND	GBP	391.00	78.20	469.20	standard_20	Costs/2026/06/H. Sivyer Transport LTD T A Holcim UK/2026-06-03_H. Sivyer Transport LTD T A Holcim UK_461049.pdf	Invoice - 461049 - 2026-06-05.pdf	67daf769023afe274960b751775e3e2f725822afb523609494d57cc9344d1467	salesinvoice.recycling@holcim.co.uk	Sales Invoice [Our Ref: 461049]	<6a22e5aa.f505adc0.2f0d03.9817SMTPIN_ADDED_MISSING@mx.google.com>	2026-06-05 15:05:12+00	1.000	f	\N	COPY POD'S WILL BE CHARGABLE AT \n\n£4.00 EACH THIS CHARGE WILL BE ADDED TO THE ACCOUNT. All Invoice Queries must be received by our Credit Control Dept within 14 days.	2026-06-17 09:17:51.47333+00	2026-06-17 09:17:51.47333+00	\N	\N	invoice	\N	\N	\N	f	\N	unchecked	\N	\N
1f40f229-a61b-46ec-8eb5-c8aff9edc9dd	pending_review	iMix Concrete Ltd	iMix Concrete Ltd	516036	123753	2026-06-04	2026-07-04	30 days (NET)	C30\nDelivery\nFuel Surcharge	GBP	467.25	93.45	560.70	standard_20	Costs/2026/06/iMix Concrete Ltd/2026-06-04_iMix Concrete Ltd_516036.pdf	A463E24C81955051F3A3270C08CA92AF.pdf	a9401f5d5b5a0c28ac8f38191700bb5d4dec7c8d9f21812e7072012b6e3e8117	iMix Concrete <imix@aggsmart.co.uk>	iMix Concrete Invoice #516036	<11265359-24f0-4362-9c8a-6f5c2f75a308@mtasv.net>	2026-06-05 10:26:41+00	1.000	f	\N	All invoice queries must be sent via email to accounts@imixconcrete.co.uk within 7 days from date of invoice. For any account queries please contact our accounts department on 0800 688 9411. Time allowed on site: No waiting time will be charged for the first 30 minutes on site, waiting time applies thereafter unless otherwise agreed prior to delivery. iMix Concrete Ltd reserves the right to charge for any detention in excess of any pre arranged amount. This sale is subject to our terms and conditions available on our website.	2026-06-17 09:18:09.288764+00	2026-06-17 09:18:09.288764+00	\N	\N	invoice	\N	\N	\N	f	\N	unchecked	\N	\N
87b67dca-badc-4e23-82c1-6ac692ba8498	pending_review	iMix Concrete Ltd	iMix Concrete Ltd	516019	NA	2026-06-03	2026-07-03	30 days (NET)	C30\nWaiting Time (exceeded by 28 mins)\nFuel Surcharge	GBP	1211.00	242.20	1453.20	standard_20	Costs/2026/06/iMix Concrete Ltd/2026-06-03_iMix Concrete Ltd_516019.pdf	A463E24C819550516BD16F4CCA3C2199.pdf	92cbe39b94a3646bf1ced03a3e65b9a65a9577a469fa0e46ac6469d84ae1c56c	iMix Concrete <imix@aggsmart.co.uk>	iMix Concrete Invoice #516019	<f8f2100d-68e9-4e7b-a862-b9dc30c860a9@mtasv.net>	2026-06-05 09:39:48+00	1.000	f	\N	All invoice queries must be sent via email to accounts@imixconcrete.co.uk within 7 days from date of invoice. For any account queries please contact our accounts department on 0800 688 9411. Time allowed on site: No waiting time will be charged for the first 30 minutes on site, waiting time applies thereafter unless otherwise agreed prior to delivery. iMix Concrete Ltd reserves the right to charge for any detention in excess of any pre arranged amount. This sale is subject to our terms and conditions available on our website.	2026-06-17 09:18:18.73512+00	2026-06-17 09:18:18.73512+00	\N	\N	invoice	\N	\N	\N	f	\N	unchecked	\N	\N
435b2a66-0f31-4865-a8ce-e74e6cd3ba2f	pending_review	FM Conway Ltd	FM Conway Ltd	927221	WOKINGHAM	2026-06-04	2026-07-30	EOM +30	AC 20 Dense Bin 70/100 LS. Dispatched from Reading Asphalt Plant.	GBP	2148.30	429.66	2577.96	standard_20	Costs/2026/06/FM Conway Ltd/2026-06-04_FM Conway Ltd_927221.pdf	927221_20181.pdf	894d9aed94174621be5a92201056779e8681a179cf127d4d8f9c3faec4e24368	aacreditcontrol@fmconway.co.uk	FM Conway Ltd. Invoice Number 927221	<1290855538.77.1780628763199@smtp.office365.com>	2026-06-05 03:06:03+00	1.000	f	\N	Any query to be advised within 14 days to aacreditcontrol@fmconway.co.uk. For BACS payments please quote our Invoice number. All sales are subject to our standard terms and conditions which are available on request.	2026-06-17 09:18:59.932505+00	2026-06-17 09:18:59.932505+00	\N	\N	invoice	\N	\N	\N	f	\N	unchecked	\N	\N
26ce8b22-41eb-4a76-91fe-a2540dc27cf6	pending_review	FM Conway Ltd	FM Conway Ltd	927220	NA	2026-06-04	2026-07-30	EOM +30	AC 6 Dense Surf 70/100 HS; AC 20 Dense Bin 70/100 LS; Dispatched from Reading Asphalt Plant	GBP	1671.20	334.24	2005.44	standard_20	Costs/2026/06/FM Conway Ltd/2026-06-04_FM Conway Ltd_927220.pdf	927220_20181.pdf	afafe387a0dbdd4cf8a855924fcc3b1bf360b97663a3812a0a260317f406456e	aacreditcontrol@fmconway.co.uk	FM Conway Ltd. Invoice Number 927220	<599159961.75.1780628762732@smtp.office365.com>	2026-06-05 03:06:02+00	1.000	f	\N	\N	2026-06-17 09:19:07.327423+00	2026-06-17 09:19:07.327423+00	\N	\N	invoice	\N	\N	\N	f	\N	unchecked	\N	\N
a3ffd4b6-5571-4ff9-88fb-fa19d96db296	pending_review	Keyline Civils Specialist Limited	Keyline Civils Specialist Limited	1045000717	CS4	2026-06-04	2026-07-31	NET MONTHLY	CONCRETE KERB 125X255 HALF BATTERED RADIUS EXTERNAL 8M BS7263.3\nCONCRETE KERB BULLNOSED 305X255MM QUADRANT QBN\nBS CONCRETE TRANSITION KERB 125X255 HALF BATTERED-BULLNOSE LEFT HAND TL.\nCONCRETE KERB 125X255 BULL NOSED RADIUS EXTERNAL 6M BS7263.3\nBS CONCRETE KERB BULL NOSED 125X150X915MM BN RK0550000\nCONCRETE 125X255/150 HALF BATTERED-BULL NOSED EXTERNAL 8M LEFT HAND BS7263.3\nBS CONCRETE KERB HALF BATTERED 125X255 TO 125X150 BULL NOSE DROP RIGHT HAND.	GBP	242.33	48.47	290.80	standard_20	Costs/2026/06/Keyline Civils Specialist Limited/2026-06-04_Keyline Civils Specialist Limited_1045000717.pdf	1045000717_1.pdf	477483fb21fdf4da6c77a535e703fc161cf6235084217ba9e172691dc3b8930a	Keyline E-Billing <ebilling@keyline.co.uk>	(PR3955) Keyline Invoice (1045000717) Attached	<811293374.274163.1780604848980@smtp.email.uk-london-1.oraclecloud.com>	2026-06-04 20:27:28+00	1.000	f	\N	\N	2026-06-17 09:21:43.324206+00	2026-06-17 09:21:43.324206+00	\N	\N	invoice	\N	\N	\N	f	\N	unchecked	\N	\N
3bed80a8-e973-42ba-8406-fcdbf0112505	pending_review	Keyline Civils Specialist Limited	Keyline Civils Specialist Limited	1044987359	WOKINGHAM	2026-06-04	2026-07-31	NET MONTHLY	CLARK GULLY GRATE & FRAME 450X450X100 MESH D400 CD 185KMD\nP/PIPE 150MM X 6M RIDGIDRAIN PLAIN ENDED RD150X6PE/1\nMCCANN CONCRETE ROAD GULLY 450X150X900\nBUILDING SAND BULK BAG	GBP	790.90	158.18	949.08	standard_20	Costs/2026/06/Keyline Civils Specialist Limited/2026-06-04_Keyline Civils Specialist Limited_1044987359.pdf	1044987359_1.pdf	142fb8c2550132066c27a3b4f55b9b7a09306b0cfbbb352b6272c240521f4a4b	Keyline E-Billing <ebilling@keyline.co.uk>	(PR3955) Keyline Invoice (1044987359) Attached	<119049282.233838.1780594346699@smtp.email.uk-london-1.oraclecloud.com>	2026-06-04 17:32:26+00	1.000	f	\N	\N	2026-06-17 09:21:52.919129+00	2026-06-17 09:21:52.919129+00	\N	\N	invoice	\N	\N	\N	f	\N	unchecked	\N	\N
6c65dcd7-fa1d-4f6b-a296-d97f8c89dee5	pending_review	Travis Perkins Trading Company Ltd	Travis Perkins Trading Company Ltd	1044983444	WOODLANDS AVE	2026-06-04	2026-07-31	NET MONTHLY	MOT TYPE 1 BULK BAG.	GBP	107.70	21.54	129.24	standard_20	Costs/2026/06/Travis Perkins Trading Company Ltd/2026-06-04_Travis Perkins Trading Company Ltd_1044983444.pdf	1044983444_1.pdf	d28f850165fe8109fb2821869a1a3458f2ff8d3603a807100a675f0ca0a1c00a	TP E-Billing <ebilling@travisperkins.co.uk>	(HT5272) TP Invoice (1044983444) Attached	<1027036953.242179.1780590784392@smtp.email.uk-london-1.oraclecloud.com>	2026-06-04 16:33:04+00	0.900	f	\N	\N	2026-06-17 09:22:01.083824+00	2026-06-17 09:22:01.083824+00	\N	\N	invoice	\N	\N	\N	f	\N	unchecked	\N	\N
572517fd-7b4c-4355-b61c-72e200b62ff9	pending_review	Pave Recruit Ltd	Pave Recruit Ltd	1634285	NA	2026-06-05	2026-07-05	30 Days Date of Invoice	Jordan Best Supervisor; Patrick Goodier Site Engineer	GBP	2500.00	500.00	3000.00	standard_20	Costs/2026/06/Pave Recruit Ltd/2026-06-05_Pave Recruit Ltd_1634285.pdf	419_1634285.pdf	40a7b13b5ddfc11c770da6ff4f43815917a4ce9d36033b875cc7cae2b133b044	info@quba.solutions	Invoices processed this week	<C0FOI9PYFTU4.1A6YR7BEZAE83@CLIP-APP01>	2026-06-04 14:38:54+00	1.000	f	\N	To ensure funds are allocated promptly, please quote your Account Number when making payment and send a remittance to remittances@quba.solutions. Please direct any queries to our Credit Control team on 0333 049 1099 or email credit@quba.solutions.	2026-06-17 09:22:08.80483+00	2026-06-17 09:22:08.80483+00	\N	\N	invoice	\N	\N	\N	f	\N	unchecked	\N	\N
21cb16b4-9b7d-4cdb-8093-3c7f9001e93b	pending_review	Keyline Civils Specialist Limited	Keyline Civils Specialist Limited	1044961338	CS4	2026-06-04	2026-07-31	NET MONTHLY	WREKIN MHC+F 600X600 C/O B125 DI COVER & FRAME (40MM) SNGL SEAL SOLID TOP S/O\nWREKIN DMT0D4/6060/KT 600X600X100 D400 TRISTAR DOUBLE TRIANGULAR MC&F CITY SPRINT DELIVERY 75872350	GBP	1110.00	222.00	1332.00	standard_20	Costs/2026/06/Keyline Civils Specialist Limited/2026-06-04_Keyline Civils Specialist Limited_1044961338.pdf	1044961338_1.pdf	d6bd826a8d8b9d3d8a243832ec37a6d051c2b3d72bf29c6643e94d34c3ea2947	Keyline E-Billing <ebilling@keyline.co.uk>	(PR3955) Keyline Invoice (1044961338) Attached	<1777961007.236881.1780580364380@smtp.email.uk-london-1.oraclecloud.com>	2026-06-04 13:39:24+00	1.000	f	\N	\N	2026-06-17 09:22:16.648041+00	2026-06-17 09:22:16.648041+00	\N	\N	invoice	\N	\N	\N	f	\N	unchecked	\N	\N
7ce67cc4-5354-4315-b3cb-ba5beddd8d74	pending_review	TJS Grab Services Ltd	TJS Grab Services Ltd	INV-4929	NA	2026-06-04	2026-07-02	NA	1 x grab lorry day wok shift -WTN 50912; 3 x grab loads soil and stones -WTN 50912 50913 50911 50910	GBP	1190.00	238.00	1428.00	standard_20	Costs/2026/06/TJS Grab Services Ltd/2026-06-04_TJS Grab Services Ltd_INV-4929.pdf	Invoice INV-4929.pdf	d2bc39e8cee7b795d7cf7049feabb5b0c85b7119cf63bc600338f108e7c19e5f	TJS Grab Services Ltd <messaging-service@post.xero.com>	Invoice INV-4929 from TJS Grab Services Ltd for CJB Civils Engineering Ltd	<20260604133037.a402cc2ebae78c8b@post.xero.com>	2026-06-04 13:30:37+00	1.000	f	\N	\N	2026-06-17 09:22:26.863222+00	2026-06-17 09:22:26.863222+00	\N	\N	invoice	\N	\N	\N	f	\N	unchecked	\N	\N
33ef8d74-0086-432c-817e-cc61a040aa79	pending_review	TJS Grab Services Ltd	TJS Grab Services Ltd	INV-4928	NA	2026-06-04	2026-07-02	NA	29/5/26 - 1/2 day work shift -WTN 49394	GBP	325.00	65.00	390.00	standard_20	Costs/2026/06/TJS Grab Services Ltd/2026-06-04_TJS Grab Services Ltd_INV-4928.pdf	Invoice INV-4928.pdf	0ec9dc166fa8bec98d7e60b471cca1b0f430eae6f43f64b6e3e61d5df67ea9c2	TJS Grab Services Ltd <messaging-service@post.xero.com>	Invoice INV-4928 from TJS Grab Services Ltd for CJB Civils Engineering Ltd	<20260604132338.28f37fad270dfdb4@post.xero.com>	2026-06-04 13:23:38+00	1.000	f	\N	\N	2026-06-17 09:22:53.039581+00	2026-06-17 09:22:53.039581+00	\N	\N	invoice	\N	\N	\N	f	\N	unchecked	\N	\N
90660652-93d2-4cb3-9103-7a20a7d7f110	pending_review	BBS Natural Stone Specialists Limited	BBS Natural Stone Specialists Limited	785	CS4 - BATCH 2 (JAN-MAR)	2026-05-29	\N	Immediately	Phase 11E D1RExt5 Kerb 900 x 150 x 150 as Drg: PTS10282B-D1 RExt5; Phase 11C D1 Kerb 900 x 150 x 150 as Drg: PTS10282B-D1	GBP	143.90	28.78	172.68	standard_20	Costs/2026/05/BBS Natural Stone Specialists Limited/2026-05-29_BBS Natural Stone Specialists Limited_785.pdf	BBS Natural Stone Specialists Limited - Invoice No. 785.pdf	2a5e72462867d509a219c38e0f12b2ad635813a75ee86bbdae8524e3888a414a	Sue Milner <s.milner@bbsnaturalstone.co.uk>	BBS Natural Stone Specialists Limited - Invoices No. 785 & 786	<AM0PR08MB43051CAE162159F1E8051775C5102@AM0PR08MB4305.eurprd08.prod.outlook.com>	2026-06-04 13:09:51+00	1.000	f	\N	\N	2026-06-17 09:23:10.50483+00	2026-06-17 09:23:10.50483+00	\N	\N	invoice	\N	\N	\N	f	\N	unchecked	\N	\N
0082553a-b388-46b9-88d0-fe1b27505822	pending_review	BBS Natural Stone Specialists Limited	BBS Natural Stone Specialists Limited	786	CS4 - BATCH 2 (JAN-MAR)	2026-05-29	\N	Immediately	Phase 2C; DR2-900-RExt5 Trans Kerb 900 x 150 x 300/175 as Drg: PTS10282B-DR2-900-RExt5.0; DL2-900-RExt5 Trans Kerb 900 x 150 x 300/175 as Drg: PTS10282B-DL2-900-RExt5.0	GBP	139.84	27.96	167.80	standard_20	Costs/2026/05/BBS Natural Stone Specialists Limited/2026-05-29_BBS Natural Stone Specialists Limited_786.pdf	BBS Natural Stone Specialists Limited - Invoice No. 786.pdf	d6688ba850a8b604e3b5f1e6fc50dc1ef8bbd5565f5738a50159b2b187949b24	Sue Milner <s.milner@bbsnaturalstone.co.uk>	BBS Natural Stone Specialists Limited - Invoices No. 785 & 786	<AM0PR08MB43051CAE162159F1E8051775C5102@AM0PR08MB4305.eurprd08.prod.outlook.com>	2026-06-04 13:09:51+00	1.000	f	\N	MISSED OFF INVOICE 496	2026-06-17 09:23:22.045151+00	2026-06-17 09:23:22.045151+00	\N	\N	invoice	\N	\N	\N	f	\N	unchecked	\N	\N
5f4bcfda-73d4-4006-99a4-725a7d49a27b	pending_review	TJS Grab Services Ltd	TJS Grab Services Ltd	INV-4927	NA	2026-06-04	2026-07-02	NA	28/5/26 - 1 x grab lorry day work -WTN 49390\n28/5/26 - 4 x grab load soil and stones -WTN 49389 49391 49392 49393	GBP	1370.00	274.00	1644.00	standard_20	Costs/2026/06/TJS Grab Services Ltd/2026-06-04_TJS Grab Services Ltd_INV-4927.pdf	Invoice INV-4927.pdf	57c4db5d025326165e6db49255fbc451a03484df99c358de1b8a63d9a7978589	TJS Grab Services Ltd <messaging-service@post.xero.com>	Invoice INV-4927 from TJS Grab Services Ltd for CJB Civils Engineering Ltd	<20260604130730.ec81d6f06e930be2@post.xero.com>	2026-06-04 13:07:30+00	1.000	f	\N	\N	2026-06-17 09:23:37.975468+00	2026-06-17 09:23:37.975468+00	\N	\N	invoice	\N	\N	\N	f	\N	unchecked	\N	\N
4b7a4a3d-8b9c-4944-9fc6-fcf2113179f2	pending_review	TJS Grab Services Ltd	TJS Grab Services Ltd	INV-4926	CS4	2026-06-04	2026-07-02	NA	28/5/26 - 1 x grab lorry day work shift -WTN 50908\n28/5/26 - 1 x grab load soil and stones -WTN 50909	GBP	830.00	166.00	996.00	standard_20	Costs/2026/06/TJS Grab Services Ltd/2026-06-04_TJS Grab Services Ltd_INV-4926.pdf	Invoice INV-4926.pdf	fa4e7a4b3b6adeebd1c522bf0885a9ad4188f24bae6d0a030093a11b05e7866a	TJS Grab Services Ltd <messaging-service@post.xero.com>	Invoice INV-4926 from TJS Grab Services Ltd for CJB Civils Engineering Ltd	<20260604125142.3f3431bb5af855c2@post.xero.com>	2026-06-04 12:51:42+00	1.000	f	\N	\N	2026-06-17 09:23:54.535475+00	2026-06-17 09:23:54.535475+00	\N	\N	invoice	\N	\N	\N	f	\N	unchecked	\N	\N
b1e47caa-d562-4371-9025-347d4d242985	pending_review	TJS Grab Services Ltd	TJS Grab Services Ltd	INV-4925	Wokingham	2026-06-04	2026-07-02	NA	27/5/26 - 1 x grab lorry day work shift -WTN 50906\n27/5/26 - 1 x grab load mixed construction -WTN 50907	GBP	830.00	166.00	996.00	standard_20	Costs/2026/06/TJS Grab Services Ltd/2026-06-04_TJS Grab Services Ltd_INV-4925.pdf	Invoice INV-4925.pdf	ef1d3697928bea934d7c7f03b3f54e0d748570d52ffff38982a2d88ac131ec8d	TJS Grab Services Ltd <messaging-service@post.xero.com>	Invoice INV-4925 from TJS Grab Services Ltd for CJB Civils Engineering Ltd	<20260604124204.0d751a54e6b95e0b@post.xero.com>	2026-06-04 12:42:04+00	1.000	f	\N	\N	2026-06-17 09:24:15.277333+00	2026-06-17 09:24:15.277333+00	\N	\N	invoice	\N	\N	\N	f	\N	unchecked	\N	\N
e11ee08e-a8ae-4361-889f-60c2f35d93fa	pending_review	TJS Grab Services Ltd	TJS Grab Services Ltd	INV-4924	NA	2026-06-04	2026-07-02	NA	26/5/26 - 1 x grab lorry day work shift with clamp - WTN 50905	GBP	650.00	130.00	780.00	standard_20	Costs/2026/06/TJS Grab Services Ltd/2026-06-04_TJS Grab Services Ltd_INV-4924.pdf	Invoice INV-4924.pdf	919fbd19e8111f30bc28c7276d743c33114e95174039ed3edf51e427d0ecebca	TJS Grab Services Ltd <messaging-service@post.xero.com>	Invoice INV-4924 from TJS Grab Services Ltd for CJB Civils Engineering Ltd	<20260604123858.03a48575972dbb96@post.xero.com>	2026-06-04 12:38:58+00	1.000	f	\N	\N	2026-06-17 09:24:29.795841+00	2026-06-17 09:24:29.795841+00	\N	\N	invoice	\N	\N	\N	f	\N	unchecked	\N	\N
1c763736-82e9-456a-87fb-1801d9ef3ba6	pending_review	iMix Concrete Ltd	iMix Concrete Ltd	516006	NA	2026-06-02	2026-07-02	30 days (NET)	C30; Delivery; Fuel Surcharge	GBP	524.00	104.80	628.80	standard_20	Costs/2026/06/iMix Concrete Ltd/2026-06-02_iMix Concrete Ltd_516006.pdf	A463E24C819550519CA94831909DBE7B.pdf	3233c227beedefccd3af17dd776e9f08db7df5df41e4d46da460da8a62fe1990	iMix Concrete <imix@aggsmart.co.uk>	iMix Concrete Invoice #516006	<39a1c52d-9fde-4b2b-bfec-9ad8900a6489@mtasv.net>	2026-06-04 11:06:32+00	1.000	f	\N	All invoice queries must be sent via email to accounts@imixconcrete.co.uk within 7 days from date of invoice. For any account queries please contact our accounts department on 0800 688 9411. Time allowed on site: No waiting time will be charged for the first 30 minutes on site, waiting time applies thereafter unless otherwise agreed prior to delivery. iMix Concrete Ltd reserves the right to charge for any detention in excess of any pre arranged amount.	2026-06-17 09:26:08.326901+00	2026-06-17 09:26:08.326901+00	\N	\N	invoice	\N	\N	\N	f	\N	unchecked	\N	\N
502c9a16-08d5-4b0a-88ef-7241ff4d1389	pending_review	Durey Castings Limited	Durey Castings Limited	321949	CS4	2026-06-03	\N	NA	600x600x40 SOLID TOP DUCTILE Slideout cover & frame BS EN124-2 B125 (37kg) Marked Transport for London T™ [TfL 2026 Spec] **AGREED NEW SPEC**	GBP	2550.00	510.00	3060.00	standard_20	Costs/2026/06/Durey Castings Limited/2026-06-03_Durey Castings Limited_321949.pdf	321949.pdf	10e528f8b78135687ba038aba4245d13242272dc51ac25ae999ddc2ce660822f	Sarah Verrinder <Sarah@dureycastings.co.uk>	Invoice	<LO2P123MB2144C33DD1E15CAA44DB82C7E8102@LO2P123MB2144.GBRP123.PROD.OUTLOOK.COM>	2026-06-04 10:37:21+00	1.000	f	\N	\N	2026-06-17 09:26:28.387893+00	2026-06-17 09:26:28.387893+00	\N	\N	invoice	\N	\N	\N	f	\N	unchecked	\N	\N
431d7ccf-3bd7-49c3-a4e9-67323755af6f	pending_review	Holcim UK Limited	Holcim UK Limited	38851576	CS4	2026-06-03	2026-07-31	Strictly net monthly account. Payment due by end of month following month of invoice.	Energy SurchargeAsphalt Binder Collect	GBP	8.70	1.74	10.44	standard_20	Costs/2026/06/Holcim UK Limited/2026-06-03_Holcim UK Limited_38851576.pdf	tradex_I_TEM_L_260604090531_328_38851576.pdf	75eb08e59d44f0ccb99facff008675ac5b21e83af47b922d50fd1c72bbf36660	tradexstatus@tradex.causeway.com	Holcim UK have sent you 1 Invoice(s) for 03/06/2026	<1479936560.258843.1780568806120@tradex-svc-6c8c74b656-cc5p9>	2026-06-04 10:26:46+00	1.000	f	\N	\N	2026-06-17 09:26:35.646917+00	2026-06-17 09:26:35.646917+00	\N	\N	invoice	\N	\N	\N	f	\N	unchecked	\N	\N
e10b85c5-7d55-4019-833d-13f0ddbb23b0	pending_review	Standard Plant Hire Ltd	Standard Plant Hire Ltd	P133048	CS4	2026-05-31	2026-05-31	30 days EOM	PLANT TRAILER TO SUIT 3 TONNE (SPH-T-197). \nDue to Public Holiday we have not charged for 04/05/2026, 25/05/2026	GBP	228.00	45.60	273.60	standard_20	Costs/2026/05/Standard Plant Hire Ltd/2026-05-31_Standard Plant Hire Ltd_P133048_to_P133071_multi-24.pdf	Invoices 7465 1759.pdf	f7f96244ce4c0f69eaea027618c1b95edc75b5911e4505a4e830c66331f7c203	Accounts Team <accounts@standard-plant.co.uk>	Invoices attached from Standard Plant Hire Limited	<PA4PR08MB745803B0C07AF34D5117E288A5102@PA4PR08MB7458.eurprd08.prod.outlook.com>	2026-06-04 08:09:17+00	1.000	f	\N	Due to Public Holiday we have not charged for 04/05/2026, 25/05/2026\nMulti-invoice PDF (1 of 24)	2026-06-17 09:27:40.40474+00	2026-06-17 09:27:40.40474+00	\N	\N	invoice	\N	\N	\N	f	\N	unchecked	\N	\N
ebaa7812-7bee-495b-a039-275410fe1122	pending_review	Standard Plant Hire Ltd	Standard Plant Hire Ltd	P133049	CS4 - Woolwich Road.	2026-05-31	2026-05-31	30 days EOM	2000L DOUBLE BUNDED TOWABLE FUEL BOWSER (3448373A).	GBP	294.00	58.80	352.80	standard_20	Costs/2026/05/Standard Plant Hire Ltd/2026-05-31_Standard Plant Hire Ltd_P133048_to_P133071_multi-24.pdf	Invoices 7465 1759.pdf	\N	Accounts Team <accounts@standard-plant.co.uk>	Invoices attached from Standard Plant Hire Limited	<PA4PR08MB745803B0C07AF34D5117E288A5102@PA4PR08MB7458.eurprd08.prod.outlook.com>	2026-06-04 08:09:17+00	1.000	f	\N	Multi-invoice PDF (2 of 24)	2026-06-17 09:27:40.457832+00	2026-06-17 09:27:40.457832+00	\N	\N	invoice	\N	\N	\N	f	\N	unchecked	\N	\N
d460c32e-924e-4884-a33e-7a278a0e842a	pending_review	Standard Plant Hire Ltd	Standard Plant Hire Ltd	P133050	CS4- WOOLWICH ROAD	2026-05-31	2026-05-31	30 days EOM	80 BOMAG ROLLER (SPH-R-28). \n1 x KEY\n1 x LED FLASHING BEACON\n1 x GREEN SEAT BELT BEACON\n1 x TRACKER\nDue to Public Holiday we have not charged for 04/05/2026, 25/05/2026	GBP	418.00	83.60	501.60	standard_20	Costs/2026/05/Standard Plant Hire Ltd/2026-05-31_Standard Plant Hire Ltd_P133048_to_P133071_multi-24.pdf	Invoices 7465 1759.pdf	\N	Accounts Team <accounts@standard-plant.co.uk>	Invoices attached from Standard Plant Hire Limited	<PA4PR08MB745803B0C07AF34D5117E288A5102@PA4PR08MB7458.eurprd08.prod.outlook.com>	2026-06-04 08:09:17+00	1.000	f	\N	Due to Public Holiday we have not charged for 04/05/2026, 25/05/2026\nMulti-invoice PDF (3 of 24)	2026-06-17 09:27:40.497236+00	2026-06-17 09:27:40.497236+00	\N	\N	invoice	\N	\N	\N	f	\N	unchecked	\N	\N
b9763827-050d-42a4-be92-843181d57029	pending_review	Standard Plant Hire Ltd	Standard Plant Hire Ltd	P133051	CS4- WOOLWICH ROAD	2026-05-31	2026-05-31	30 days EOM	3 TONNE R/L SWIVEL DUMPER (SPH-SD-472). \n1 x KEY\n1 x LED FLASHING BEACON\n1 x TRACKER\n1 x TOW PIN\n1 x GREEN SEAT BELT BEACON\nDue to Public Holiday we have not charged for 04/05/2026, 25/05/2026	GBP	570.00	114.00	684.00	standard_20	Costs/2026/05/Standard Plant Hire Ltd/2026-05-31_Standard Plant Hire Ltd_P133048_to_P133071_multi-24.pdf	Invoices 7465 1759.pdf	\N	Accounts Team <accounts@standard-plant.co.uk>	Invoices attached from Standard Plant Hire Limited	<PA4PR08MB745803B0C07AF34D5117E288A5102@PA4PR08MB7458.eurprd08.prod.outlook.com>	2026-06-04 08:09:17+00	1.000	f	\N	Due to Public Holiday we have not charged for 04/05/2026, 25/05/2026\nMulti-invoice PDF (4 of 24)	2026-06-17 09:27:40.539503+00	2026-06-17 09:27:40.539503+00	\N	\N	invoice	\N	\N	\N	f	\N	unchecked	\N	\N
e5b7e397-3047-4590-b4d9-1ad0979aafec	pending_review	Standard Plant Hire Ltd	Standard Plant Hire Ltd	P133052	CS4- WOOLWICH ROAD	2026-05-31	2026-05-31	30 days EOM	3 TONNE U27-4 EXCAVATOR (SPH-E-874). \n1 x 9" BUCKET\n1 x 12" BUCKET\n1 x GRADING BUCKET\n1 x QUICK HITCH\n1 x SAFETY PIN\n1 x QUICK HITCH BAR\n1 x LED FLASHING BEACON\n1 x GREEN SEAT BELT BEACON\n1 x KEY\n1 x TRACKER\n3 TONNE HYDRAULIC BREAKER TO SUIT (SPH-B-365).\n1 x 24" BUCKET (U27)\nDelivery (BUCKET)\nDue to Public Holiday we have not charged for 04/05/2026, 25/05/2026	GBP	1405.00	281.00	1686.00	standard_20	Costs/2026/05/Standard Plant Hire Ltd/2026-05-31_Standard Plant Hire Ltd_P133048_to_P133071_multi-24.pdf	Invoices 7465 1759.pdf	\N	Accounts Team <accounts@standard-plant.co.uk>	Invoices attached from Standard Plant Hire Limited	<PA4PR08MB745803B0C07AF34D5117E288A5102@PA4PR08MB7458.eurprd08.prod.outlook.com>	2026-06-04 08:09:17+00	1.000	f	\N	Due to Public Holiday we have not charged for 04/05/2026, 25/05/2026\nMulti-invoice PDF (5 of 24)	2026-06-17 09:27:40.572465+00	2026-06-17 09:27:40.572465+00	\N	\N	invoice	\N	\N	\N	f	\N	unchecked	\N	\N
999817be-913a-4399-9c76-d1bc06fd6761	pending_review	Standard Plant Hire Ltd	Standard Plant Hire Ltd	P133053	CS4 - Woolwich Road.	2026-05-31	2026-05-31	30 days EOM	PLANT TRAILER TO SUIT 3 TONNE (SPH-T-189). \nDue to Public Holiday we have not charged for 04/05/2026, 25/05/2026	GBP	228.00	45.60	273.60	standard_20	Costs/2026/05/Standard Plant Hire Ltd/2026-05-31_Standard Plant Hire Ltd_P133048_to_P133071_multi-24.pdf	Invoices 7465 1759.pdf	\N	Accounts Team <accounts@standard-plant.co.uk>	Invoices attached from Standard Plant Hire Limited	<PA4PR08MB745803B0C07AF34D5117E288A5102@PA4PR08MB7458.eurprd08.prod.outlook.com>	2026-06-04 08:09:17+00	1.000	f	\N	Due to Public Holiday we have not charged for 04/05/2026, 25/05/2026\nMulti-invoice PDF (6 of 24)	2026-06-17 09:27:40.604859+00	2026-06-17 09:27:40.604859+00	\N	\N	invoice	\N	\N	\N	f	\N	unchecked	\N	\N
78039012-0436-42b2-888a-8d7408117c2b	pending_review	Standard Plant Hire Ltd	Standard Plant Hire Ltd	P133058	CS4- WOOLWICH ROAD	2026-05-31	2026-05-31	30 days EOM	3 TONNE R/L SWIVEL DUMPER (SPH-SD-454). \nDue to Public Holiday we have not charged for 04/05/2026, 25/05/2026	GBP	570.00	114.00	684.00	standard_20	Costs/2026/05/Standard Plant Hire Ltd/2026-05-31_Standard Plant Hire Ltd_P133048_to_P133071_multi-24.pdf	Invoices 7465 1759.pdf	\N	Accounts Team <accounts@standard-plant.co.uk>	Invoices attached from Standard Plant Hire Limited	<PA4PR08MB745803B0C07AF34D5117E288A5102@PA4PR08MB7458.eurprd08.prod.outlook.com>	2026-06-04 08:09:17+00	1.000	f	\N	Due to Public Holiday we have not charged for 04/05/2026, 25/05/2026\nMulti-invoice PDF (11 of 24)	2026-06-17 09:27:40.752734+00	2026-06-17 09:27:40.752734+00	\N	\N	invoice	\N	\N	\N	f	\N	unchecked	\N	\N
43bd6957-2c45-45c5-b18b-fdaddac251f7	pending_review	Standard Plant Hire Ltd	Standard Plant Hire Ltd	P133063	CS4	2026-05-31	2026-05-31	30 days EOM	3 TONNE U27-4 EXCAVATOR (SPH-E-885). \n1 x 9" BUCKET\n1 x 12" BUCKET\n1 x GRADING BUCKET (3T)\n1 x QUICK HITCH\n1 x SAFETY PIN\n1 x QUICK HITCH BAR\n1 x LED FLASHING BEACON\n1 x GREEN SEAT BELT BEACON\n1 x KEY\n1 x TRACKER\n3 TONNE HYDRAULIC BREAKER TO SUIT (SPH-B-203).\nDue to Public Holiday we have not charged for 04/05/2026, 25/05/2026	GBP	1330.00	266.00	1596.00	standard_20	Costs/2026/05/Standard Plant Hire Ltd/2026-05-31_Standard Plant Hire Ltd_P133048_to_P133071_multi-24.pdf	Invoices 7465 1759.pdf	\N	Accounts Team <accounts@standard-plant.co.uk>	Invoices attached from Standard Plant Hire Limited	<PA4PR08MB745803B0C07AF34D5117E288A5102@PA4PR08MB7458.eurprd08.prod.outlook.com>	2026-06-04 08:09:17+00	1.000	f	\N	Due to Public Holiday we have not charged for 04/05/2026, 25/05/2026\nMulti-invoice PDF (16 of 24)	2026-06-17 09:27:40.93077+00	2026-06-17 09:27:40.93077+00	\N	\N	invoice	\N	\N	\N	f	\N	unchecked	\N	\N
ac8c4f62-8af6-49b0-9626-19eca3e24c24	pending_review	Standard Plant Hire Ltd	Standard Plant Hire Ltd	P133068	CANNNG TOWN BUS STATION	2026-05-31	2026-05-31	30 days EOM	9M MT933 TELEHANDLER (SPH-FL-31). \n1 x KEY\n1 x LED FLASHING BEACON\n1 x GREEN SEAT BELT BEACON\n1 x TOW PIN\n1 x TRACKER\nDelivery\nDue to Public Holiday we have not charged for 25/05/2026	GBP	880.00	176.00	1056.00	standard_20	Costs/2026/05/Standard Plant Hire Ltd/2026-05-31_Standard Plant Hire Ltd_P133048_to_P133071_multi-24.pdf	Invoices 7465 1759.pdf	\N	Accounts Team <accounts@standard-plant.co.uk>	Invoices attached from Standard Plant Hire Limited	<PA4PR08MB745803B0C07AF34D5117E288A5102@PA4PR08MB7458.eurprd08.prod.outlook.com>	2026-06-04 08:09:17+00	1.000	f	\N	Due to Public Holiday we have not charged for 25/05/2026\nMulti-invoice PDF (21 of 24)	2026-06-17 09:27:41.102451+00	2026-06-17 09:27:41.102451+00	\N	\N	invoice	\N	\N	\N	f	\N	unchecked	\N	\N
541ced2f-b41b-4fed-8bae-2bda2e626d43	pending_review	Tarmac Trading Limited	Tarmac Trading Limited	9051200831	294744	2026-06-01	2026-07-31	Net Monthly	AC 20 DENSE BIN 100/150 DES (EN13108-1) WOKINGHAM (KP25TAR)	GBP	1791.23	358.24	2149.47	standard_20	Costs/2026/06/Tarmac Trading Limited/2026-06-01_Tarmac Trading Limited_9051200831.pdf	Tarmac invoice 9051200831.pdf	19bb936fd1bac11d1897834815cd0e3fdc0947b965dc789d904505823c27552c	Tarmac Invoice <lt.invoice@tarmac.com>	Tarmac invoice 9051200831	<ADR51000001074524001850C0896BFEB1FE197F6F846B5991B0D@tarmac.com>	2026-06-04 01:45:56+00	1.000	f	\N	Unless raised within 14 days of receipt, queries on the details of this invoice will not be accepted and payment shall be made on or before the due date. Corporate card payments by credit account customers will be subject to a charge from 01.01.2026.	2026-06-17 09:28:23.363535+00	2026-06-17 09:28:23.363535+00	\N	\N	invoice	\N	\N	\N	f	\N	unchecked	\N	\N
fb7b28c6-5d2b-483f-8673-e80b5be52b57	pending_review	Standard Plant Hire Ltd	Standard Plant Hire Ltd	P133054	CS4 - Woolwich Road.	2026-05-31	2026-05-31	30 days EOM	PLANT TRAILER TO SUIT 1.5 TONNE (SPH-T-175). \nDue to Public Holiday we have not charged for 04/05/2026, 25/05/2026\nAt Tunnel Avenue to 27/05/2026	GBP	95.00	19.00	114.00	standard_20	Costs/2026/05/Standard Plant Hire Ltd/2026-05-31_Standard Plant Hire Ltd_P133048_to_P133071_multi-24.pdf	Invoices 7465 1759.pdf	\N	Accounts Team <accounts@standard-plant.co.uk>	Invoices attached from Standard Plant Hire Limited	<PA4PR08MB745803B0C07AF34D5117E288A5102@PA4PR08MB7458.eurprd08.prod.outlook.com>	2026-06-04 08:09:17+00	1.000	f	\N	Due to Public Holiday we have not charged for 04/05/2026, 25/05/2026\nAt Tunnel Avenue to 27/05/2026\nMulti-invoice PDF (7 of 24)	2026-06-17 09:27:40.633575+00	2026-06-17 09:27:40.633575+00	\N	\N	invoice	\N	\N	\N	f	\N	unchecked	\N	\N
fe78ca2c-a323-4fe3-9c4e-220bd36dd180	pending_review	Continental Civil Engineering Ltd.	Continental Civil Engineering Ltd.	CCE0006	\N	2026-06-09	2026-06-16	7 days	Civil engineering services for week ending Sunday, June 7, 2026	GBP	24550.00	\N	19640.00	no_vat	Costs/2026/06/Continental Civil Engineering Ltd/2026-06-09_Continental Civil Engineering Ltd._CCE0006.pdf	Continental-Civil-Engineering-Ltd-Invoice-no-CCE0006.pdf	835ea806226c619a07293fc3fd4854a941f6fc3fafbed65b9495848b08296438	Jotform <noreply@jotform.com>	Continental Civil Engineering Invoice no. CCE0006	<db7YXNr4fz1utoDJwQ8wToeEBvEgIlIqrtpXBb7s8@emea-workers-qtkm>	2026-06-09 15:38:09+00	0.950	f	\N	\N	2026-06-17 05:01:22.451152+00	2026-06-21 02:09:18.278438+00	\N	4910.00	invoice	\N	\N	\N	f	\N	unchecked	\N	\N
bf460071-a2a7-4b72-8b49-a95132267257	pending_review	Standard Plant Hire Ltd	Standard Plant Hire Ltd	P133059	Stonelake roundabout	2026-05-31	2026-05-31	30 days EOM	8 TONNE KUBOTA KX085-5 EXCAVATOR (SPH-E-873). \n1 x 12" BUCKET\n1 x 18" BUCKET\n1 x GRADING BUCKET\n1 x QUICK HITCH\n1 x LED FLASHING BEACON\n1 x GREEN SEAT BELT BEACON\n1 x KEY\n1 x TRACKER\n8 TONNE HYDRAULIC BREAKER TO SUIT (SPH-B-471).\nDue to Public Holiday we have not charged for 04/05/2026, 25/05/2026	GBP	2318.00	463.60	2781.60	standard_20	Costs/2026/05/Standard Plant Hire Ltd/2026-05-31_Standard Plant Hire Ltd_P133048_to_P133071_multi-24.pdf	Invoices 7465 1759.pdf	\N	Accounts Team <accounts@standard-plant.co.uk>	Invoices attached from Standard Plant Hire Limited	<PA4PR08MB745803B0C07AF34D5117E288A5102@PA4PR08MB7458.eurprd08.prod.outlook.com>	2026-06-04 08:09:17+00	1.000	f	\N	Due to Public Holiday we have not charged for 04/05/2026, 25/05/2026\nMulti-invoice PDF (12 of 24)	2026-06-17 09:27:40.791964+00	2026-06-17 09:27:40.791964+00	\N	\N	invoice	\N	\N	\N	f	\N	unchecked	\N	\N
a85cb0c9-241f-49e1-b04b-b73d5f56b341	pending_review	Standard Plant Hire Ltd	Standard Plant Hire Ltd	P133064	CS4 - WOOLWICH ROAD	2026-05-31	2026-05-31	30 days EOM	3 TONNE U27-4 EXCAVATOR (SPH-E-848). \n1 x 9" BUCKET\n1 x 12" BUCKET\n1 x GRADING BUCKET\n1 x QUICK HITCH\n1 x SAFETY PIN\n1 x QUICK HITCH BAR\n1 x LED FLASHING BEACON\n1 x GREEN SEAT BELT BEACON\n1 x KEY\n1 x TRACKER\n3 TONNE HYDRAULIC BREAKER TO SUIT (SPH-B-375).\nDue to Public Holiday we have not charged for 04/05/2026, 25/05/2026	GBP	1330.00	266.00	1596.00	standard_20	Costs/2026/05/Standard Plant Hire Ltd/2026-05-31_Standard Plant Hire Ltd_P133048_to_P133071_multi-24.pdf	Invoices 7465 1759.pdf	\N	Accounts Team <accounts@standard-plant.co.uk>	Invoices attached from Standard Plant Hire Limited	<PA4PR08MB745803B0C07AF34D5117E288A5102@PA4PR08MB7458.eurprd08.prod.outlook.com>	2026-06-04 08:09:17+00	1.000	f	\N	Due to Public Holiday we have not charged for 04/05/2026, 25/05/2026\nMulti-invoice PDF (17 of 24)	2026-06-17 09:27:40.965021+00	2026-06-17 09:27:40.965021+00	\N	\N	invoice	\N	\N	\N	f	\N	unchecked	\N	\N
d76a700c-1b74-4daf-8aea-8207d0d78de4	pending_review	Standard Plant Hire Ltd	Standard Plant Hire Ltd	P133069	CS4 - Woolwich Road.	2026-05-31	2026-05-31	30 days EOM	1.5 TONNE U17-5 EXCAVATOR (SPH-E-980). \n1 x 9" BUCKET\n1 x 12" BUCKET\n1 x GRADING BUCKET\n1 x QUICK HITCH\n1 x SAFETY PIN\n1 x QUICK HITCH BAR\n1 x LED FLASHING BEACON\n1 x GREEN SEAT BELT BEACON\n1 x KEY\n1 x TRACKER\n1.5 TONNE HYDRAULIC BREAKER TO SUIT (SPH-B-256).\nAt Eastmoor Street to 07/05/2026, At 242 Marylebone Road to 28/05/2026\nDue to Public Holiday we have not charged for 04/05/2026, 25/05/2026	GBP	912.00	182.40	1094.40	standard_20	Costs/2026/05/Standard Plant Hire Ltd/2026-05-31_Standard Plant Hire Ltd_P133048_to_P133071_multi-24.pdf	Invoices 7465 1759.pdf	\N	Accounts Team <accounts@standard-plant.co.uk>	Invoices attached from Standard Plant Hire Limited	<PA4PR08MB745803B0C07AF34D5117E288A5102@PA4PR08MB7458.eurprd08.prod.outlook.com>	2026-06-04 08:09:17+00	1.000	f	\N	At Eastmoor Street to 07/05/2026, At 242 Marylebone Road to 28/05/2026\nDue to Public Holiday we have not charged for 04/05/2026, 25/05/2026\nMulti-invoice PDF (22 of 24)	2026-06-17 09:27:41.132447+00	2026-06-17 09:27:41.132447+00	\N	\N	invoice	\N	\N	\N	f	\N	unchecked	\N	\N
e8ccc2c6-77a3-49f5-bae4-380b1eeaef4a	pending_review	Standard Plant Hire Ltd	Standard Plant Hire Ltd	P133055	CS4 - Woolwich Road.	2026-05-31	2026-05-31	30 days EOM	3 TONNE U27-4 EXCAVATOR (H/H) (SPH-E-897). \n1 x 12" BUCKET\n1 x 24" BUCKET\n1 x GRADING BUCKET\n1 x QUICK HITCH\n1 x LED FLASHING BEACON\n1 x GREEN SEAT BELT BEACON\n1 x KEY\n1 x TRACKER\n3 TONNE HYDRAULIC BREAKER TO SUIT (SPH-B-368).\nDue to Public Holiday we have not charged for 04/05/2026, 25/05/2026	GBP	1330.00	266.00	1596.00	standard_20	Costs/2026/05/Standard Plant Hire Ltd/2026-05-31_Standard Plant Hire Ltd_P133048_to_P133071_multi-24.pdf	Invoices 7465 1759.pdf	\N	Accounts Team <accounts@standard-plant.co.uk>	Invoices attached from Standard Plant Hire Limited	<PA4PR08MB745803B0C07AF34D5117E288A5102@PA4PR08MB7458.eurprd08.prod.outlook.com>	2026-06-04 08:09:17+00	1.000	f	\N	Due to Public Holiday we have not charged for 04/05/2026, 25/05/2026\nMulti-invoice PDF (8 of 24)	2026-06-17 09:27:40.666095+00	2026-06-17 09:27:40.666095+00	\N	\N	invoice	\N	\N	\N	f	\N	unchecked	\N	\N
75ddd1f3-d5ab-4a97-a043-464bf209f73a	pending_review	Standard Plant Hire Ltd	Standard Plant Hire Ltd	P133060	Wokingham	2026-05-31	2026-05-31	30 days EOM	3 TONNE U27-4 EXCAVATOR (SPH-E-884). \n1 x 9" BUCKET\n1 x 12" BUCKET\n1 x GRADING BUCKET\n1 x QUICK HITCH\n1 x SAFETY PIN\n1 x QUICK HITCH BAR\n1 x LED FLASHING BEACON\n1 x GREEN SEAT BELT BEACON\n1 x KEY\n1 x TRACKER\n3 TONNE HYDRAULIC BREAKER TO SUIT (SPH-B-234).\nAt Yard 8 to 28/05/2026\nDue to Public Holiday we have not charged for 04/05/2026, 25/05/2026	GBP	1330.00	266.00	1596.00	standard_20	Costs/2026/05/Standard Plant Hire Ltd/2026-05-31_Standard Plant Hire Ltd_P133048_to_P133071_multi-24.pdf	Invoices 7465 1759.pdf	\N	Accounts Team <accounts@standard-plant.co.uk>	Invoices attached from Standard Plant Hire Limited	<PA4PR08MB745803B0C07AF34D5117E288A5102@PA4PR08MB7458.eurprd08.prod.outlook.com>	2026-06-04 08:09:17+00	1.000	f	\N	At Yard 8 to 28/05/2026\nDue to Public Holiday we have not charged for 04/05/2026, 25/05/2026\nMulti-invoice PDF (13 of 24)	2026-06-17 09:27:40.823039+00	2026-06-17 09:27:40.823039+00	\N	\N	invoice	\N	\N	\N	f	\N	unchecked	\N	\N
1eb2c8f4-1700-4635-807c-3131390c2a71	pending_review	Standard Plant Hire Ltd	Standard Plant Hire Ltd	P133065	CS4- WOOLWICH ROAD	2026-05-31	2026-05-31	30 days EOM	3 TONNE U27-4 EXCAVATOR (SPH-E-867). \n1 x 9" BUCKET\n1 x 12" BUCKET\n1 x GRADING BUCKET\n1 x QUICK HITCH\n1 x SAFETY PIN\n1 x QUICK HITCH BAR\n1 x LED FLASHING BEACON\n1 x GREEN SEAT BELT BEACON\n1 x KEY\n1 x TRACKER\n3 TONNE HYDRAULIC BREAKER TO SUIT (SPH-B-246).\nDue to Public Holiday we have not charged for 04/05/2026, 25/05/2026	GBP	1330.00	266.00	1596.00	standard_20	Costs/2026/05/Standard Plant Hire Ltd/2026-05-31_Standard Plant Hire Ltd_P133048_to_P133071_multi-24.pdf	Invoices 7465 1759.pdf	\N	Accounts Team <accounts@standard-plant.co.uk>	Invoices attached from Standard Plant Hire Limited	<PA4PR08MB745803B0C07AF34D5117E288A5102@PA4PR08MB7458.eurprd08.prod.outlook.com>	2026-06-04 08:09:17+00	1.000	f	\N	Due to Public Holiday we have not charged for 04/05/2026, 25/05/2026\nMulti-invoice PDF (18 of 24)	2026-06-17 09:27:40.996447+00	2026-06-17 09:27:40.996447+00	\N	\N	invoice	\N	\N	\N	f	\N	unchecked	\N	\N
a5bc5f00-c646-4a52-824a-62fa00893c18	pending_review	Standard Plant Hire Ltd	Standard Plant Hire Ltd	P133070	Stonelake roundabout	2026-05-31	2026-05-31	30 days EOM	8 TONNE KUBOTA KX080-4 EXCAVATOR (SPH-E-600). \n1 x 12" BUCKET\n1 x 18" BUCKET\n1 x GRADING BUCKET\n1 x QUICK HITCH\n1 x LED FLASHING BEACON\n1 x GREEN SEAT BELT BEACON\n1 x KEY\n1 x TRACKER\n1 x HEIGHT & SLEW RESTRICTOR.\n8 TONNE HYDRAULIC BREAKER TO SUIT (SPH-B-439).\nWas SPH-B-471 (8 TONNE HYDRAULIC BREAKER TO SUIT) - exchanged on 15/05/2026\nDelivery\nDue to Public Holiday we have not charged for 25/05/2026	GBP	1670.00	334.00	2004.00	standard_20	Costs/2026/05/Standard Plant Hire Ltd/2026-05-31_Standard Plant Hire Ltd_P133048_to_P133071_multi-24.pdf	Invoices 7465 1759.pdf	\N	Accounts Team <accounts@standard-plant.co.uk>	Invoices attached from Standard Plant Hire Limited	<PA4PR08MB745803B0C07AF34D5117E288A5102@PA4PR08MB7458.eurprd08.prod.outlook.com>	2026-06-04 08:09:17+00	1.000	f	\N	Was SPH-B-471 (8 TONNE HYDRAULIC BREAKER TO SUIT) - exchanged on 15/05/2026\nDue to Public Holiday we have not charged for 25/05/2026\nMulti-invoice PDF (23 of 24)	2026-06-17 09:27:41.699248+00	2026-06-17 09:27:41.699248+00	\N	\N	invoice	\N	\N	\N	f	\N	unchecked	\N	\N
4d7f62d0-3846-4217-a787-a5ca3fa6cc57	pending_review	Standard Plant Hire Ltd	Standard Plant Hire Ltd	P133056	CS4- WOOLWICH ROAD	2026-05-31	2026-05-31	30 days EOM	3 TONNE U27-4 EXCAVATOR (SPH-E-866). \n1 x 12" BUCKET\n1 x 24" BUCKET\n1 x GRADING BUCKET\n1 x QUICK HITCH\n1 x SAFETY PIN\n1 x QUICK HITCH BAR\n1 x LED FLASHING BEACON\n1 x GREEN SEAT BELT BEACON\n1 x KEY\n1 x TRACKER\n3 TONNE HYDRAULIC BREAKER TO SUIT (SPH-B-405).\nDue to Public Holiday we have not charged for 04/05/2026, 25/05/2026	GBP	1330.00	266.00	1596.00	standard_20	Costs/2026/05/Standard Plant Hire Ltd/2026-05-31_Standard Plant Hire Ltd_P133048_to_P133071_multi-24.pdf	Invoices 7465 1759.pdf	\N	Accounts Team <accounts@standard-plant.co.uk>	Invoices attached from Standard Plant Hire Limited	<PA4PR08MB745803B0C07AF34D5117E288A5102@PA4PR08MB7458.eurprd08.prod.outlook.com>	2026-06-04 08:09:17+00	1.000	f	\N	Due to Public Holiday we have not charged for 04/05/2026, 25/05/2026\nMulti-invoice PDF (9 of 24)	2026-06-17 09:27:40.69528+00	2026-06-17 09:27:40.69528+00	\N	\N	invoice	\N	\N	\N	f	\N	unchecked	\N	\N
10844867-59b0-4c67-94f6-5a8deece2b76	pending_review	Standard Plant Hire Ltd	Standard Plant Hire Ltd	P133061	Wokingham	2026-05-31	2026-05-31	30 days EOM	1.5 TONNE KX016-4+ CABBED EXCAVATOR (SPH-E-951). \n1 x 9" BUCKET\n1 x 12" BUCKET\n1 x GRADING BUCKET\n1 x QUICK HITCH\n1 x SAFETY PIN\n1 x QUICK HITCH BAR\n1 x LED FLASHING BEACON\n1 x GREEN SEAT BELT BEACON\n1 x KEY\n1 x TRACKER\n1.5 TONNE HYDRAULIC BREAKER TO SUIT (SPH-B-363).\nPLANT TRAILER TO SUIT 1.5 TONNE (SPH-T-196).\n1 x 24" BUCKET - U17-3\nDue to Public Holiday we have not charged for 04/05/2026, 25/05/2026	GBP	1083.00	216.60	1299.60	standard_20	Costs/2026/05/Standard Plant Hire Ltd/2026-05-31_Standard Plant Hire Ltd_P133048_to_P133071_multi-24.pdf	Invoices 7465 1759.pdf	\N	Accounts Team <accounts@standard-plant.co.uk>	Invoices attached from Standard Plant Hire Limited	<PA4PR08MB745803B0C07AF34D5117E288A5102@PA4PR08MB7458.eurprd08.prod.outlook.com>	2026-06-04 08:09:17+00	1.000	f	\N	Due to Public Holiday we have not charged for 04/05/2026, 25/05/2026\nMulti-invoice PDF (14 of 24)	2026-06-17 09:27:40.858044+00	2026-06-17 09:27:40.858044+00	\N	\N	invoice	\N	\N	\N	f	\N	unchecked	\N	\N
48a9e765-2233-437b-9238-2f1181f7cdb9	pending_review	Standard Plant Hire Ltd	Standard Plant Hire Ltd	P133066	CS4- WOOLWICH ROAD	2026-05-31	2026-05-31	30 days EOM	3 TONNE R/L SWIVEL DUMPER (SPH-SD-501). \n1 x KEY\n1 x LED FLASHING BEACON\n1 x TRACKER\n1 x TOW PIN\n1 x GREEN SEAT BELT BEACON\nPUNCTURE REPAIR (PU001)\nDue to Public Holiday we have not charged for 04/05/2026, 25/05/2026	GBP	665.00	133.00	798.00	standard_20	Costs/2026/05/Standard Plant Hire Ltd/2026-05-31_Standard Plant Hire Ltd_P133048_to_P133071_multi-24.pdf	Invoices 7465 1759.pdf	\N	Accounts Team <accounts@standard-plant.co.uk>	Invoices attached from Standard Plant Hire Limited	<PA4PR08MB745803B0C07AF34D5117E288A5102@PA4PR08MB7458.eurprd08.prod.outlook.com>	2026-06-04 08:09:17+00	1.000	f	\N	Due to Public Holiday we have not charged for 04/05/2026, 25/05/2026\nMulti-invoice PDF (19 of 24)	2026-06-17 09:27:41.037145+00	2026-06-17 09:27:41.037145+00	\N	\N	invoice	\N	\N	\N	f	\N	unchecked	\N	\N
ebf3f399-ad44-4959-b58d-75d0eb33aa47	pending_review	Standard Plant Hire Ltd	Standard Plant Hire Ltd	P133071	Woolwich Ferry	2026-05-31	2026-05-31	30 days EOM	5 TONNE U50-5 EXCAVATOR (SPH-E-948). \n1 x 12" BUCKET\n1 x 18" BUCKET\n1 x GRADING BUCKET\n1 x QUICK HITCH\n1 x SAFETY PIN\n1 x QUICK HITCH BAR\n1 x LED FLASHING BEACON\n1 x GREEN SEAT BELT BEACON\n1 x KEY\n1 x TRACKER\n5 TONNE HYDRAULIC BREAKER TO SUIT (SPH-B-179).\n6 TONNE R/L SWIVEL DUMPER (SPH-SD-477).\n1 x KEY\n1 x LED FLASHING BEACON\n1 x GREEN SEAT BELT BEACON\n1 x TOW PIN\n1 x TRACKER\nAt Woolwich Ferry Southside to 27/05/2026\nDue to Public Holiday we have not charged for 04/05/2026, 25/05/2026	GBP	2546.00	509.20	3055.20	standard_20	Costs/2026/05/Standard Plant Hire Ltd/2026-05-31_Standard Plant Hire Ltd_P133048_to_P133071_multi-24.pdf	Invoices 7465 1759.pdf	\N	Accounts Team <accounts@standard-plant.co.uk>	Invoices attached from Standard Plant Hire Limited	<PA4PR08MB745803B0C07AF34D5117E288A5102@PA4PR08MB7458.eurprd08.prod.outlook.com>	2026-06-04 08:09:17+00	1.000	f	\N	At Woolwich Ferry Southside to 27/05/2026\nDue to Public Holiday we have not charged for 04/05/2026, 25/05/2026\nMulti-invoice PDF (24 of 24)	2026-06-17 09:27:41.787916+00	2026-06-17 09:27:41.787916+00	\N	\N	invoice	\N	\N	\N	f	\N	unchecked	\N	\N
06da3ab6-abbc-4712-b66b-83fb2b7796a0	pending_review	Standard Plant Hire Ltd	Standard Plant Hire Ltd	P133057	CS4- WOOLWICH ROAD	2026-05-31	2026-05-31	30 days EOM	6M MANITOU MT625 TELEHANDLER (SPH-FL-18). \n1 x KEY\n1 x LED FLASHING BEACON\n1 x GREEN SEAT BELT BEACON\n1 x TOW PIN\n1 x TRACKER\nDue to Public Holiday we have not charged for 04/05/2026, 25/05/2026	GBP	1026.00	205.20	1231.20	standard_20	Costs/2026/05/Standard Plant Hire Ltd/2026-05-31_Standard Plant Hire Ltd_P133048_to_P133071_multi-24.pdf	Invoices 7465 1759.pdf	\N	Accounts Team <accounts@standard-plant.co.uk>	Invoices attached from Standard Plant Hire Limited	<PA4PR08MB745803B0C07AF34D5117E288A5102@PA4PR08MB7458.eurprd08.prod.outlook.com>	2026-06-04 08:09:17+00	1.000	f	\N	Due to Public Holiday we have not charged for 04/05/2026, 25/05/2026\nMulti-invoice PDF (10 of 24)	2026-06-17 09:27:40.724989+00	2026-06-17 09:27:40.724989+00	\N	\N	invoice	\N	\N	\N	f	\N	unchecked	\N	\N
693de980-85f0-4496-bdba-df1d81f42898	pending_review	Standard Plant Hire Ltd	Standard Plant Hire Ltd	P133062	CS4	2026-05-31	2026-05-31	30 days EOM	5 TONNE U50-5 EXCAVATOR (SPH-E-707). \n1 x 12" BUCKET\n1 x 24" BUCKET\n1 x GRADING BUCKET\n1 x QUICK HITCH\n1 x SAFETY PIN\n1 x QUICK HITCH BAR\n1 x LED FLASHING BEACON\n1 x GREEN SEAT BELT BEACON\n1 x KEY\n1 x TRACKER\n5 TONNE HYDRAULIC BREAKER TO SUIT (SPH-B-442).\nDue to Public Holiday we have not charged for 04/05/2026, 25/05/2026	GBP	1862.00	372.40	2234.40	standard_20	Costs/2026/05/Standard Plant Hire Ltd/2026-05-31_Standard Plant Hire Ltd_P133048_to_P133071_multi-24.pdf	Invoices 7465 1759.pdf	\N	Accounts Team <accounts@standard-plant.co.uk>	Invoices attached from Standard Plant Hire Limited	<PA4PR08MB745803B0C07AF34D5117E288A5102@PA4PR08MB7458.eurprd08.prod.outlook.com>	2026-06-04 08:09:17+00	1.000	f	\N	Due to Public Holiday we have not charged for 04/05/2026, 25/05/2026\nMulti-invoice PDF (15 of 24)	2026-06-17 09:27:40.892315+00	2026-06-17 09:27:40.892315+00	\N	\N	invoice	\N	\N	\N	f	\N	unchecked	\N	\N
b3151c37-d6e3-4acc-b311-11c3f5377f49	pending_review	Standard Plant Hire Ltd	Standard Plant Hire Ltd	P133067	CANNNG TOWN BUS STATION	2026-05-31	2026-05-31	30 days EOM	3 TONNE R/L SWIVEL DUMPER (SPH-SD-491). \n1 x KEY\n1 x LED FLASHING BEACON\n1 x TRACKER\n1 x TOW PIN\n1 x GREEN SEAT BELT BEACON\nDue to Public Holiday we have not charged for 25/05/2026	GBP	390.00	78.00	468.00	standard_20	Costs/2026/05/Standard Plant Hire Ltd/2026-05-31_Standard Plant Hire Ltd_P133048_to_P133071_multi-24.pdf	Invoices 7465 1759.pdf	\N	Accounts Team <accounts@standard-plant.co.uk>	Invoices attached from Standard Plant Hire Limited	<PA4PR08MB745803B0C07AF34D5117E288A5102@PA4PR08MB7458.eurprd08.prod.outlook.com>	2026-06-04 08:09:17+00	1.000	f	\N	Due to Public Holiday we have not charged for 25/05/2026\nMulti-invoice PDF (20 of 24)	2026-06-17 09:27:41.071246+00	2026-06-17 09:27:41.071246+00	\N	\N	invoice	\N	\N	\N	f	\N	unchecked	\N	\N
e1bff5ff-1f5c-439d-9024-6db91192df32	pending_review	Tarmac Trading Limited	Tarmac Trading Limited	9051200832	294744	2026-06-01	2026-07-31	Net Monthly	HANDLAY/DAYWORK WOKINGHAM\nCHUTED LOAD WOKINGHAM	GBP	687.50	137.50	825.00	standard_20	Costs/2026/06/Tarmac Trading Limited/2026-06-01_Tarmac Trading Limited_9051200832.pdf	Tarmac invoice 9051200832.pdf	48849d028d55e0a479fabe10f33c9648985ccd83b87c5986c9ca3d384f05b293	Tarmac Invoice <lt.invoice@tarmac.com>	Tarmac invoice 9051200832	<ADR51000001074525001850C0896BFEB1FE197F6F846B5999B0D@tarmac.com>	2026-06-04 01:45:56+00	1.000	f	\N	\N	2026-06-17 09:28:16.94333+00	2026-06-17 09:28:16.94333+00	\N	\N	invoice	\N	\N	\N	f	\N	unchecked	\N	\N
f77ab679-9a7c-4c31-8299-869519fceac8	pending_review	iMix Concrete Ltd	iMix Concrete Ltd	516193	NA	2026-06-13	2026-07-13	30 days (NET)	C30\nWaiting Time (exceeded by 51 mins)\nDelivery\nFuel Surcharge	GBP	626.00	125.20	751.20	standard_20	Costs/2026/06/iMix Concrete Ltd/2026-06-13_iMix Concrete Ltd_516193.pdf	A463E24C81955051ADCCFC6A200461A6.pdf	5d1e7c0ba1a91fc7f4dd8007110dd41cfd5c0479c25dd437e0e2698830c83c31	iMix Concrete <imix@aggsmart.co.uk>	iMix Concrete Invoice #516193	<29d0a962-4f33-4769-9464-68fe61dc8816@mtasv.net>	2026-06-17 09:05:32+00	1.000	f	\N	\N	2026-06-17 09:31:03.204202+00	2026-06-17 09:31:03.204202+00	\N	\N	invoice	\N	\N	\N	f	\N	unchecked	\N	\N
621188ef-25e9-4ae2-bdb9-eef32cac1fc3	pending_review	Keyline Civils Specialist Limited	Keyline Civils Specialist Limited	1044911633	ALEX	2026-06-03	2026-07-31	NET MONTHLY	150X300X1000 EXTERNAL RADIUS FINE PICKD TOP & FRONT FACE BALANCE SAWN CUT 1M	GBP	216.00	43.20	259.20	standard_20	Costs/2026/06/Keyline Civils Specialist Limited/2026-06-03_Keyline Civils Specialist Limited_1044911633.pdf	1044911633_1.pdf	f704112f08510dcfded47e395a3f2f639a45f7994f3e9aed66cc42a75d710679	Keyline E-Billing <ebilling@keyline.co.uk>	(PR3955) Keyline Invoice (1044911633) Attached	<1485787634.218569.1780511564743@smtp.email.uk-london-1.oraclecloud.com>	2026-06-03 18:32:44+00	1.000	f	\N	\N	2026-06-17 09:43:08.492624+00	2026-06-17 09:43:08.492624+00	\N	\N	invoice	\N	\N	\N	f	\N	unchecked	\N	\N
ef3b3431-5ef5-448b-a0e1-a241acbaec75	pending_review	Travis Perkins Trading Company Ltd	Travis Perkins Trading Company Ltd	1044912411	CS4	2026-06-03	2026-07-31	NET MONTHLY	BLUE CIRCLE POSTCRETE 20KGIM50701GY 33M X 19MM PVC TAPE GREEN / YELLOW	GBP	63.35	12.67	76.02	standard_20	Costs/2026/06/Travis Perkins Trading Company Ltd/2026-06-03_Travis Perkins Trading Company Ltd_1044912411.pdf	1044912411_1.pdf	fab6d5da39218742f96b668af85990287aa448157ea8e254917bda2000d8169f	TP E-Billing <ebilling@travisperkins.co.uk>	(HT5272) TP Invoice (1044912411) Attached	<21533166.219392.1780511241419@smtp.email.uk-london-1.oraclecloud.com>	2026-06-03 18:27:21+00	1.000	f	\N	\N	2026-06-17 09:44:02.888408+00	2026-06-17 09:44:02.888408+00	\N	\N	invoice	\N	\N	\N	f	\N	unchecked	\N	\N
5ac8b16c-a989-4fd3-bdca-0ee814537bce	pending_review	Travis Perkins Trading Company Ltd	Travis Perkins Trading Company Ltd	1044912410	CS4	2026-06-03	2026-07-31	NET MONTHLY	HAEMMERLIN WHEELBARROW GREEN 90LTR / 3CU FT 1041G	GBP	49.00	9.80	58.80	standard_20	Costs/2026/06/Travis Perkins Trading Company Ltd/2026-06-03_Travis Perkins Trading Company Ltd_1044912410.pdf	1044912410_1.pdf	f69ed61f582c66aa2f73464198b37d75d533d2ff426ddac821dba135436150a8	TP E-Billing <ebilling@travisperkins.co.uk>	(HT5272) TP Invoice (1044912410) Attached	<1727232056.219388.1780511240659@smtp.email.uk-london-1.oraclecloud.com>	2026-06-03 18:27:20+00	1.000	f	\N	\N	2026-06-17 09:44:16.971374+00	2026-06-17 09:44:16.971374+00	\N	\N	invoice	\N	\N	\N	f	\N	unchecked	\N	\N
129b6a73-9474-41a0-8853-9a50c00ef314	pending_review	Travis Perkins Trading Company Ltd	Travis Perkins Trading Company Ltd	1044927551	WOODLANDS AVE	2026-06-03	2026-07-31	NET MONTHLY	BALLAST BULK BAG\nMOT TYPE 1 BULK BAG.\nKRONOBUILD OSB3 2440 X 1220 X 11MM (FSC marked products are FSC Mix 70% - INT-COC-002744)	GBP	179.69	35.93	215.62	standard_20	Costs/2026/06/Travis Perkins Trading Company Ltd/2026-06-03_Travis Perkins Trading Company Ltd_1044927551.pdf	1044927551_1.pdf	823967dae77d08bd070855a85924fec2840dcdfb0c179f0f191f00198520eab0	TP E-Billing <ebilling@travisperkins.co.uk>	(HT5272) TP Invoice (1044927551) Attached	<1646052273.199984.1780519717118@smtp.email.uk-london-1.oraclecloud.com>	2026-06-03 20:48:37+00	1.000	f	\N	\N	2026-06-17 09:41:56.457192+00	2026-06-18 05:21:31.878102+00	\N	\N	invoice	\N	\N	\N	f	\N	unchecked	\N	\N
aca59707-f886-4581-a9e3-8ce5aa05f46d	pending_review	Travis Perkins Trading Company Ltd	Travis Perkins Trading Company Ltd	1044912412	CS4	2026-06-03	2026-07-31	NET MONTHLY	SHUTTERING PLYWOOD C+/C 2440X1220X9MM CE2\n4TRADE ROUND WIRE 75MM BRIGHT 2 1/2KG.\nBLUE CIRCLE POSTCRETE 20KG	GBP	81.89	16.38	98.27	standard_20	Costs/2026/06/Travis Perkins Trading Company Ltd/2026-06-03_Travis Perkins Trading Company Ltd_1044912412.pdf	1044912412_1.pdf	a6cc145a0e6e7b9eb3802d0bd6a9460615a5ac9e4b3e9411b42f5aacd823b115	TP E-Billing <ebilling@travisperkins.co.uk>	(HT5272) TP Invoice (1044912412) Attached	<1576954916.219396.1780511242179@smtp.email.uk-london-1.oraclecloud.com>	2026-06-03 18:27:22+00	1.000	f	\N	FSC marked products are FSC Mix 70% - INT-COC-002744	2026-06-17 09:43:26.890909+00	2026-06-18 05:21:30.671957+00	\N	\N	invoice	\N	\N	\N	f	\N	unchecked	\N	\N
1cc04ba0-4052-4f9f-8168-ad23ec70e880	pending_review	H. Sivyer Transport LTD T/A Holcim UK	H. Sivyer Transport LTD T/A Holcim UK	460585	NA	2026-05-30	2026-05-31	30 DAYS EOM	MIXED CONSTRUCTION AND DEMOLITION WASTE 170904-170904\nMIXED CONSTRUCTION AND DEMOLITION WASTE 170904-170904	GBP	600.00	120.00	720.00	standard_20	Costs/2026/05/H. Sivyer Transport LTD T A Holcim UK/2026-05-30_H. Sivyer Transport LTD T A Holcim UK_460585.pdf	Invoice - 460585 - 2026-06-03.pdf	4b6964a16dbddc298ccb8b90199ab155dc0d00518823b4d9af63f05da1f591c8	salesinvoice.recycling@holcim.co.uk	Sales Invoice [Our Ref: 460585]	<6a203e60.25f1ada0.ca00a.281dSMTPIN_ADDED_MISSING@mx.google.com>	2026-06-03 14:46:54+00	1.000	f	\N	COPY POD'S WILL BE CHARGABLE AT \n£4.00 EACH THIS CHARGE WILL BE ADDED TO THE ACCOUNT	2026-06-17 09:44:29.260932+00	2026-06-17 09:44:29.260932+00	\N	\N	invoice	\N	\N	\N	f	\N	unchecked	\N	\N
1ef764a0-1053-4388-b7cb-d523ff52e239	pending_review	iMix Concrete Ltd	iMix Concrete Ltd	515982	NA	2026-05-30	2026-06-29	30 days (NET)	C30 concrete supply, Fuel Surcharge	GBP	2006.25	401.25	2407.50	standard_20	Costs/2026/05/iMix Concrete Ltd/2026-05-30_iMix Concrete Ltd_515982.pdf	A463E24C81955051D3DE220AE7E04C1E.pdf	df791042d96d02075b11332e49249ec41344a3cd8e326431a7bd2fd228d12799	iMix Concrete <imix@aggsmart.co.uk>	iMix Concrete Invoice #515982	<18c689c3-2fea-4934-98d6-08ccfa8cf0a8@mtasv.net>	2026-06-03 14:25:35+00	1.000	f	\N	All invoice queries must be sent via email to accounts@imixconcrete.co.uk within 7 days from date of invoice. For any account queries please contact our accounts department on 0800 688 9411. Time allowed on site: No waiting time will be charged for the first 30 minutes on site, waiting time applies thereafter unless otherwise agreed prior to delivery. iMix Concrete Ltd reserves the right to charge for any detention in excess of any pre arranged amount. This sale is subject to our terms and conditions available on our website.	2026-06-17 09:45:01.481339+00	2026-06-17 09:45:01.481339+00	\N	\N	invoice	\N	\N	\N	f	\N	unchecked	\N	\N
aebf2931-5935-4c1d-a429-096374767b13	pending_review	iMix Concrete Ltd	iMix Concrete Ltd	515992	NA	2026-06-01	2026-07-01	30 days (NET)	C30\nFuel Surcharge	GBP	1041.50	208.30	1249.80	standard_20	Costs/2026/06/iMix Concrete Ltd/2026-06-01_iMix Concrete Ltd_515992.pdf	A463E24C819550517A04422AD7E6A3F2.pdf	2551086c987dec14a23a509a442bc2554f845367b59e170727f52028dcb51d92	iMix Concrete <imix@aggsmart.co.uk>	iMix Concrete Invoice #515992	<ca5c344a-54f1-4b80-b629-e5a59077d5e1@mtasv.net>	2026-06-03 14:25:32+00	1.000	f	\N	All invoice queries must be sent via email to accounts@imixconcrete.co.uk within 7 days from date of invoice. For any account queries please contact our accounts department on 0800 688 9411.Time allowed on site: No waiting time will be charged for the first 30 minutes on site, waiting time applies thereafter unless otherwise agreed prior to delivery. iMix Concrete Ltd reserves the right to charge for any detention in excess of any pre arranged amount.This sale is subject to our terms and conditions available on our website.	2026-06-17 09:45:24.62244+00	2026-06-17 09:45:24.62244+00	\N	\N	invoice	\N	\N	\N	f	\N	unchecked	\N	\N
9c843dd3-bd80-4d35-bc7e-2e8a7b44ebd6	pending_review	Recycled Material Southern Ltd.	Recycled Material Southern Ltd.	SKIP157802	418783	2026-05-31	2026-06-30	30 days from the first day of the following month	12 Cu Yd Mixed Construction & Demolition\nFuel Surcharge Mixed Construction & Demolition	GBP	360.00	72.00	432.00	standard_20	Costs/2026/05/Recycled Material Southern Ltd/2026-05-31_Recycled Material Southern Ltd._SKIP157802.pdf	INVSKIP157802.PDF	386463d4ba4d497f528c9cfae869d1923ecfd1c5a8543d823d0daf475b882aaa	Accounts <Accounts@rmssouthlondon.co.uk>	Invoice SKIP157802 from Recycled Material Southern Ltd. for Order : 418783	<CWXP123MB35601312A47C7ACFB75F0E1FED132@CWXP123MB3560.GBRP123.PROD.OUTLOOK.COM>	2026-06-03 13:53:30+00	1.000	f	\N	\N	2026-06-17 09:46:09.539321+00	2026-06-17 09:46:09.539321+00	\N	\N	invoice	\N	\N	\N	f	\N	unchecked	\N	\N
28a8cb5a-dd63-4fd6-8cb3-e48bca826d5b	pending_review	Recycled Material Southern Ltd.	Recycled Material Southern Ltd.	SKIP157795	NA	2026-05-31	2026-06-30	30 days from the first day of the following month	12 Cu Yd (Job No. 417770) - Mixed Construction & Demolition; Fuel Surcharge (Job No. 417770) - Mixed Construction & Demolition; 12 Cu Yd (Job No. 418990) - Mixed Construction & Demolition; Fuel Surcharge (Job No. 418990) - Mixed Construction & Demolition; 12 Cu Yd (Job No. 420925) - Mixed Construction & Demolition; Fuel Surcharge (Job No. 420925) - Mixed Construction & Demolition	GBP	1140.00	228.00	1368.00	standard_20	Costs/2026/05/Recycled Material Southern Ltd/2026-05-31_Recycled Material Southern Ltd._SKIP157795.pdf	INVSKIP157795.PDF	d77d16741f9d2c4faeec117b7c26814ccc8419bc0a6baffffcba2e0558d4cd24	Accounts <Accounts@rmssouthlondon.co.uk>	Invoice SKIP157795 from Recycled Material Southern Ltd. for Order : 417770	<CWXP123MB3560C0804AA566BEFB20B61DED132@CWXP123MB3560.GBRP123.PROD.OUTLOOK.COM>	2026-06-03 13:51:47+00	1.000	f	\N	All enquiries must be notified within 7 days to accounts@rmssouthlondon.co.uk	2026-06-17 09:46:49.765726+00	2026-06-17 09:46:49.765726+00	\N	\N	invoice	\N	\N	\N	f	\N	unchecked	\N	\N
f415c750-1279-4792-b816-35dc7afcfe37	pending_review	P F Cusack (Tools Supplies) Ltd	P F Cusack (Tools Supplies) Ltd	0001738810	0001548187	2026-06-03	2026-07-31	NETT MONTHLY	Yellow Extendable Q Barrier 1.8m x 4.8m (Extended)	GBP	1500.00	300.00	1800.00	standard_20	Costs/2026/06/P F Cusack (Tools Supplies) Ltd/2026-06-03_P F Cusack (Tools Supplies) Ltd_0001738810.pdf	Invoice 0001738810.PDF	a9a78a5ef6ceac225cf8b717e27cadad20d28fd55e4cf05212ff92c463828135	Susan Madden <SMadden@cusack.co.uk>	Invoice 0001738810 from PF Cusack (Tool Supplies) Ltd	<LOAP123MB8509153533E04E6E71FE584190132@LOAP123MB8509.GBRP123.PROD.OUTLOOK.COM>	2026-06-03 13:13:53+00	1.000	f	\N	ALL SIGNS MANUFACTURED IN ACCORDANCE TO NATIONAL HIGHWAY SECTOR SCHEME 9a. IF THERE ARE QUERIES ON THIS INVOICE CONTACT THE ACCOUNTS DEPARTMENT ON 020 8344 4105 WITHIN 14 DAYS OF THE INVOICE DATE.	2026-06-17 09:47:54.003035+00	2026-06-17 09:47:54.003035+00	\N	\N	invoice	\N	\N	\N	f	\N	unchecked	\N	\N
03adbc3b-5c66-4579-8196-e9dad5f93fb0	pending_review	P F Cusack (Tools Supplies) Ltd	P F Cusack (Tools Supplies) Ltd	0001738799	0001547991	2026-06-03	2026-07-31	NETT MONTHLY	Jafco Cut Level C - Yellow Neon Latex Palm Glove (X/Large)\n18" Bass Platform Broom c/w Handle & Stay\n30" Jafco 4KA Flame Awear Hi-Vis YELLOW Trouser (REGULAR Leg) Arc Test 4KA - GLP0200\n34" Jafco 4KA Flame Awear Hi-Vis YELLOW Trouser (REGULAR Leg) Arc Test 4KA - GLP0200	GBP	1101.40	220.28	1321.68	standard_20	Costs/2026/06/P F Cusack (Tools Supplies) Ltd/2026-06-03_P F Cusack (Tools Supplies) Ltd_0001738799.pdf	Invoice 0001738799.PDF	9c638cc16d3305ee9c884a36dee654058ba3b4a096e67ed10891b7153631a432	Susan Madden <SMadden@cusack.co.uk>	Invoice 0001738799 from PF Cusack (Tool Supplies) Ltd	<LOAP123MB85091E1FDABA11CBA0FDC37B90132@LOAP123MB8509.GBRP123.PROD.OUTLOOK.COM>	2026-06-03 13:13:35+00	1.000	f	\N	IF THERE ARE QUERIES ON THIS INVOICE CONTACT THE ACCOUNTS DEPARTMENT ON 020 8344 4105 WITHIN 14 DAYS OF THE INVOICE DATE	2026-06-17 09:48:16.465409+00	2026-06-17 09:48:16.465409+00	\N	\N	invoice	\N	\N	\N	f	\N	unchecked	\N	\N
20debcb3-9ba3-47a0-9877-3135e948ab5f	pending_review	Standard Plant Hire Ltd	Standard Plant Hire Ltd	P132604	CS4- WOOLWICH ROAD	2026-05-31	2026-05-31	30 days EOM	3 TONNE HYDRAULIC BREAKER TO SUIT REPLACE DAMAGED POINT\nSB102 BREAKER POINT\nLABOUR CHARGE\nCALL OUT CHARGE\nSPH ENGINEER ATTENDED SITE TO INVESTIGATE THE REPORTED FAULT OF A SNAPPED POINT. UPON INSPECTION, ENGINEER FOUND THAT THE POINT WAS DAMAGED. ENGINEER REPLACED POINT WITH NEW. TESTED, ALL OK.	GBP	210.00	42.00	252.00	standard_20	Costs/2026/05/Standard Plant Hire Ltd/2026-05-31_Standard Plant Hire Ltd_P132604_P132605_P132606_P132607_P132608_P132609_P132610_multi-7.pdf	Invoices 7459 1759.pdf	f8ec893536afdd84cd2f6762a2365f95d66c73aa0a09e5df14a804d908884f53	Accounts Team <accounts@standard-plant.co.uk>	Invoices attached from Standard Plant Hire Limited	<PA4PR08MB7458E1180E530A752D03F302A5132@PA4PR08MB7458.eurprd08.prod.outlook.com>	2026-06-03 11:56:58+00	1.000	f	\N	Multi-invoice PDF (1 of 7)	2026-06-17 09:48:37.329733+00	2026-06-17 09:48:37.329733+00	\N	\N	invoice	\N	\N	\N	f	\N	unchecked	\N	\N
a629eccf-2a8f-4421-a9ff-d629862acffe	pending_review	Standard Plant Hire Ltd	Standard Plant Hire Ltd	P132605	CS4- WOOLWICH ROAD	2026-05-31	2026-05-31	30 days EOM	3 TONNE U27-4 EXCAVATOR TENSION TRACK ON MACHINE\nLABOUR CHARGE\nCALL OUT CHARGE\nSPH ENGINEER ATTENDED SITE TO INVESTIGATE THE REPORTED FAULT OF TRACK HAD COME OFF MACHINE. UPON INSPECTION, ENGINEER FOUND THAT OPERATIVES HAD REFITTED TRACK BUT NEEDED TENSIONING. ENGINEER TENSION TRACK, TESTED, ALL OK. (TRACK HAD COME OFF DUE TO POOR SITE GROUND CONDITIONS)	GBP	120.00	24.00	144.00	standard_20	Costs/2026/05/Standard Plant Hire Ltd/2026-05-31_Standard Plant Hire Ltd_P132604_P132605_P132606_P132607_P132608_P132609_P132610_multi-7.pdf	Invoices 7459 1759.pdf	\N	Accounts Team <accounts@standard-plant.co.uk>	Invoices attached from Standard Plant Hire Limited	<PA4PR08MB7458E1180E530A752D03F302A5132@PA4PR08MB7458.eurprd08.prod.outlook.com>	2026-06-03 11:56:58+00	1.000	f	\N	Multi-invoice PDF (2 of 7)	2026-06-17 09:48:37.391272+00	2026-06-17 09:48:37.391272+00	\N	\N	invoice	\N	\N	\N	f	\N	unchecked	\N	\N
e30d2983-a043-4a2a-830e-4a675389f968	pending_review	Standard Plant Hire Ltd	Standard Plant Hire Ltd	P132606	CS4- WOOLWICH ROAD	2026-05-31	2026-05-31	30 days EOM	3 TONNE HYDRAULIC BREAKER TO SUIT REPLACE DAMAGED HOSE\nEXTERNAL PARTS\nEXTERNAL LABOUR\nEXTERNAL CALL OUT CHARGE\n3RD PARTY ENGINEER ATTENDED SITE TO INVESTIGATE THE REPORTED FAULT OF THE LEAKING HOSE. UPON INSPECTION, ENGINEER FOUND THAT THE N/S HOSE WAS DAMAGED. ENGINEER REPLACED HOSE WITH NEW. TESTED, ALL OK.	GBP	177.22	35.44	212.66	standard_20	Costs/2026/05/Standard Plant Hire Ltd/2026-05-31_Standard Plant Hire Ltd_P132604_P132605_P132606_P132607_P132608_P132609_P132610_multi-7.pdf	Invoices 7459 1759.pdf	\N	Accounts Team <accounts@standard-plant.co.uk>	Invoices attached from Standard Plant Hire Limited	<PA4PR08MB7458E1180E530A752D03F302A5132@PA4PR08MB7458.eurprd08.prod.outlook.com>	2026-06-03 11:56:58+00	1.000	f	\N	Multi-invoice PDF (3 of 7)	2026-06-17 09:48:37.455962+00	2026-06-17 09:48:37.455962+00	\N	\N	invoice	\N	\N	\N	f	\N	unchecked	\N	\N
798e9821-8f04-4b2d-aca4-dab623b9e3a9	pending_review	Standard Plant Hire Ltd	Standard Plant Hire Ltd	P132607	Stonelake roundabout	2026-05-31	2026-05-31	30 days EOM	8 TONNE HYDRAULIC BREAKER TO SUIT REPLACE DAMAGED POINT\nSB202 BREAKER POINT\nLABOUR CHARGE\nCALL OUT CHARGE\nSPH ENGINEER ATTENDED SITE TO INVESTIGATE THE REPORTED FAULT OF A SNAPPED POINT. UPON INSPECTION, ENGINEER FOUND THAT THE BREAKER POINT WAS DAMAGED. ENGINEER REPLACED POINT WITH NEW. TESTED, ALL OK.	GBP	265.00	53.00	318.00	standard_20	Costs/2026/05/Standard Plant Hire Ltd/2026-05-31_Standard Plant Hire Ltd_P132604_P132605_P132606_P132607_P132608_P132609_P132610_multi-7.pdf	Invoices 7459 1759.pdf	\N	Accounts Team <accounts@standard-plant.co.uk>	Invoices attached from Standard Plant Hire Limited	<PA4PR08MB7458E1180E530A752D03F302A5132@PA4PR08MB7458.eurprd08.prod.outlook.com>	2026-06-03 11:56:58+00	1.000	f	\N	Multi-invoice PDF (4 of 7)	2026-06-17 09:48:37.485467+00	2026-06-17 09:48:37.485467+00	\N	\N	invoice	\N	\N	\N	f	\N	unchecked	\N	\N
d565e10a-ea2c-47c7-9b97-66870cfc0574	pending_review	Standard Plant Hire Ltd	Standard Plant Hire Ltd	P132609	CS4	2026-05-31	2026-05-31	30 days EOM	3 TONNE HYDRAULIC BREAKER TO SUIT REPLACED DAMAGED HOSE\nEXTERNAL PARTS\nEXTERNAL LABOUR\nEXTERNAL CALL OUT CHARGE\n3RD PARTY ENGINEER ATTENDED SITE TO INVESTIGATE THE REPORTED FAULT OF THE LEAKING HOSE. UPON INSPECTION, ENGINEER FOUND THAT THE FITTING ON THE N/S HOSE WAS BENT/ DAMAGED. ENGINEER REPLACED HOSE WITH NEW. TESTED, ALL OK.	GBP	177.22	35.44	212.66	standard_20	Costs/2026/05/Standard Plant Hire Ltd/2026-05-31_Standard Plant Hire Ltd_P132604_P132605_P132606_P132607_P132608_P132609_P132610_multi-7.pdf	Invoices 7459 1759.pdf	\N	Accounts Team <accounts@standard-plant.co.uk>	Invoices attached from Standard Plant Hire Limited	<PA4PR08MB7458E1180E530A752D03F302A5132@PA4PR08MB7458.eurprd08.prod.outlook.com>	2026-06-03 11:56:58+00	1.000	f	\N	Multi-invoice PDF (6 of 7)	2026-06-17 09:48:37.548721+00	2026-06-17 09:48:37.548721+00	\N	\N	invoice	\N	\N	\N	f	\N	unchecked	\N	\N
aea73f93-fdbe-4ef4-81d5-32f1e9a01e68	pending_review	Standard Plant Hire Ltd	Standard Plant Hire Ltd	P132610	CS4	2026-05-31	2026-05-31	30 days EOM	HYDRAULIC OIL\nSUPPLY HYDRAULIC OIL TO SITE AS REQUSTED BY CUSTOMER.	GBP	62.50	12.50	75.00	standard_20	Costs/2026/05/Standard Plant Hire Ltd/2026-05-31_Standard Plant Hire Ltd_P132604_P132605_P132606_P132607_P132608_P132609_P132610_multi-7.pdf	Invoices 7459 1759.pdf	\N	Accounts Team <accounts@standard-plant.co.uk>	Invoices attached from Standard Plant Hire Limited	<PA4PR08MB7458E1180E530A752D03F302A5132@PA4PR08MB7458.eurprd08.prod.outlook.com>	2026-06-03 11:56:58+00	1.000	f	\N	Multi-invoice PDF (7 of 7)	2026-06-17 09:48:37.577307+00	2026-06-17 09:48:37.577307+00	\N	\N	invoice	\N	\N	\N	f	\N	unchecked	\N	\N
f3f2a365-3619-44c5-a962-eab2f1fe78c2	pending_review	Standard Plant Hire Ltd	Standard Plant Hire Ltd	P132608	Woolwich Ferry	2026-05-31	2026-05-31	30 days EOM	5 TONNE HYDRAULIC BREAKER TO SUIT REPLACE DAMAGED HOSE\nEXTERNAL PARTS\nEXTERNAL LABOUR\nEXTERNAL CALL OUT CHARGE\n3RD PARTY ENGINEER ATTENDED SITE TO INVESTIGATE THE REPORTED FAULT OF THE LEAKING COUPLING. UPON INSPECTION, ENGINEER FOUND THAT THE FITTING ON THE N/S HOSE WAS BENT/DAMAGED AND THE FEMALE COUPLING WAS FAULTY. ENGINEER REPLACED HOSE AND COUPLING WITH NEW. TESTED, ALL OK	GBP	182.24	36.45	218.69	standard_20	Costs/2026/05/Standard Plant Hire Ltd/2026-05-31_Standard Plant Hire Ltd_P132604_P132605_P132606_P132607_P132608_P132609_P132610_multi-7.pdf	Invoices 7459 1759.pdf	\N	Accounts Team <accounts@standard-plant.co.uk>	Invoices attached from Standard Plant Hire Limited	<PA4PR08MB7458E1180E530A752D03F302A5132@PA4PR08MB7458.eurprd08.prod.outlook.com>	2026-06-03 11:56:58+00	1.000	f	\N	Multi-invoice PDF (5 of 7)	2026-06-17 09:48:37.516555+00	2026-06-17 09:48:37.516555+00	\N	\N	invoice	\N	\N	\N	f	\N	unchecked	\N	\N
aa5488a9-0c97-475f-84f1-df36ec4e152c	pending_review	Barton Petroleum Limited	Barton Petroleum Limited	FOL7302728	ALEX	2026-06-02	\N	Direct Debit	1548 TP DERV	GBP	2383.15	476.63	2859.78	standard_20	Costs/2026/06/Barton Petroleum Limited/2026-06-02_Barton Petroleum Limited_FOL7302728.pdf	Invoice FOL7302728.pdf	6a15433ce0bbb6703de67a86a341fb149e7e779902eef6a75c23d653ab1edf30	"Barton Petroleum Limited" <accounts@bartonpetroleum.co.uk>	Invoice FOL7302728 to CJB CIVIL ENGINEERING LTD for delivery dated 02/06/2026 [MsgRef: 41208-1088451]	<39f550f5-3973-48b4-a78b-81788c2c84eb@AM3PEPF00009BA0.eurprd04.prod.outlook.com>	2026-06-03 09:42:38+00	1.000	f	\N	\N	2026-06-17 09:49:01.296401+00	2026-06-17 09:49:01.296401+00	\N	\N	invoice	\N	\N	\N	f	\N	unchecked	\N	\N
d5770edd-2c94-4158-a6e5-95d4fb8a5020	pending_review	Holcim UK Limited	Holcim UK Limited	38844126	CS4	2026-06-02	2026-07-31	Strictly net monthly account. Payment due by end of month following month of invoice.	AC 20 dense bin 100/150 BS EN13108-1 NS WMA	GBP	122.06	24.41	146.47	standard_20	Costs/2026/06/Holcim UK Limited/2026-06-02_Holcim UK Limited_38844126.pdf	tradex_I_TEM_L_260603090527_414_38844126.pdf	55b97b457f7110db2ccd456c1cd60247373928c583dafe90a837b352cc0ab1e0	tradexstatus@tradex.causeway.com	Holcim UK have sent you 1 Invoice(s) for 02/06/2026	<1165479502.230388.1780476794115@tradex-svc-6c8c74b656-cc5p9>	2026-06-03 08:53:14+00	1.000	f	\N	\N	2026-06-17 09:49:12.022254+00	2026-06-17 09:49:12.022254+00	\N	\N	invoice	\N	\N	\N	f	\N	unchecked	\N	\N
8ab431a6-f95d-4426-b8e2-0c6469fb0ea3	pending_review	S MEEHAN PLANT HIRE LTD.	S MEEHAN PLANT HIRE LTD.	15047	NA	2026-05-28	2026-06-27	30 DAYS NET	WOOLWICH ROAD 15/5/2026\n1 DAY JCB\nTS 20356	GBP	460.00	92.00	552.00	standard_20	Costs/2026/05/S MEEHAN PLANT HIRE LTD/2026-05-28_S MEEHAN PLANT HIRE LTD._15047.pdf	Invoice 15047 from S. MEEHAN PLANT HIRE LTD.pdf	0c643cc080c7ad5530b9ea119842b8dc002da80dae28e343b6fed5db103c4bc1	Sharon Meehan <sharon@smeehanplanthire.co.uk>	Invoice 15047 from S. MEEHAN PLANT HIRE LTD - 28/05/2026	<CWLP123MB382788568FFC70A48A67BA90E9132@CWLP123MB3827.GBRP123.PROD.OUTLOOK.COM>	2026-06-03 07:31:23+00	1.000	f	\N	\N	2026-06-17 09:50:48.256134+00	2026-06-17 09:50:48.256134+00	\N	\N	invoice	\N	\N	\N	f	\N	unchecked	\N	\N
b611fd06-19ba-43c2-bc76-f014e63e957b	pending_review	Keyline Civils Specialist Limited	Keyline Civils Specialist Limited	1044829847	NA	2026-06-02	2026-07-31	NET MONTHLY	ULTRACRETE M60 BBA/HAPAS APPR FST ST RPDD STRGTH IRNWRK BEDDING MORTAR 25KG.	GBP	101.04	20.21	121.25	standard_20	Costs/2026/06/Keyline Civils Specialist Limited/2026-06-02_Keyline Civils Specialist Limited_1044829847.pdf	1044829847_1.pdf	b26ca67a911eca45d28ce938a95d8ea4922423b9486051ba8953101bf04071e9	Keyline E-Billing <ebilling@keyline.co.uk>	(PR3955) Keyline Invoice (1044829847) Attached	<980301180.156397.1780425865609@smtp.email.uk-london-1.oraclecloud.com>	2026-06-02 18:44:25+00	1.000	f	\N	\N	2026-06-17 10:18:29.388253+00	2026-06-17 10:18:29.388253+00	\N	\N	invoice	\N	\N	\N	f	\N	unchecked	\N	\N
30e8627d-c637-4050-9122-c6a190acb4a6	pending_review	KEITH'S RUBBISH CLEARANCE LIMITED	KEITH'S RUBBISH CLEARANCE LIMITED	INV-5411	NA	2026-06-02	2026-06-02	NA	Cleared one load of rubbish From Euro Storage Yard Ladbroke Grove	GBP	350.00	70.00	420.00	standard_20	Costs/2026/06/KEITH'S RUBBISH CLEARANCE LIMITED/2026-06-02_KEITH'S RUBBISH CLEARANCE LIMITED_INV-5411.pdf	Invoice INV-5411.pdf	eb7c975b0889aa9b43be0740381efc7719b73fdae95778874466a8de1d7e2be8	"keithsrubbishclearance4@gmail.com" <messaging-service@post.xero.com>	Invoice INV-5411 from KEITH'S RUBBISH CLEARANCE LIMITED for CJB CIVIL ENGINEERING LIMITED	<20260602143143.6f69c580125f05dd@post.xero.com>	2026-06-02 14:31:43+00	1.000	f	\N	\N	2026-06-17 10:18:52.5874+00	2026-06-17 10:18:52.5874+00	\N	\N	invoice	\N	\N	\N	f	\N	unchecked	\N	\N
b19c6dd2-2287-4dde-86aa-ff94aa6b6f3f	pending_review	Recycled Material Supplies Ltd	Recycled Material Supplies Ltd	00062608	NA	2026-06-02	2026-07-02	30 Days, from month end	INERT SOIL AND STONE (Job No 00277696); INERT SOIL AND STONE (Job No 00278331); Fuel S/Chg @ \n\n\n\n\n\n\n\n\n\n\n\n\n\n\n\n\n\n\n\n\n\n\n\n\n\n\n\n\n\n\n\n\n\n\n\n\n\n\n\n\n\n\n\n\n\n\n\n\n\n\n\n\n\n\n\n\n\n\n\n\n\n\n\n\n\n\n\n\n\n\n\n\n\n\n\n\n\n\n\n\n\n\n\n\n\n\n\n\n\n\n\n\n\n\n\n\n\n\n\n\n\n\n\n\n\n\n\n\n\n\n\n\n\n\n\n\n\n\n\n\n\n\n\n\n\n\n\n\n\n\n\n\n\n\n\n\n\n\n\n\n\n\n\n\n\n\n\n\n\n\n\n\n\n\n\n\n\n\n\n\n\n\n\n\n\n\n\n\n\n\n\n\n\n\n\n\n\n\n\n\n\n\n\n\n\n\n\n\n\n\n\n\n\n\n\n\n\n\n\n\n\n\n\n\n\n\n\n\n\n\n\n\n\n\n\n\n\n\n\n\n\n\n\n\n\n\n\n\n\n\n\n\n\n\n\n\n\n\n\n\n\n\n\n\n\n\n\n\n\n\n\n\n\n\n\n\n\n\n\n\n\n\n\n\n\n\n\n\n\n\n\n\n\n\n\n\n\n\n\n\n\n\n\n\n\n\n\n\n\n\n\n\n\n\n\n\n\n\n\n\n\n\n\n\n\n\n\n\n\n\n\n\n\n\n\n\n\n\n\n\n\n\n\n\n\n\n\n\n\n\n\n\n\n\n\n\n\n\n\n\n\n\n\n\n\n\n\n\n\n\n\n\n\n\n\n\n\n\n\n\n\n\n\n\n\n\n\n\n\n\n\n\n\n\n\n\n\n\n\n\n\n\n\n\n\n\n\n\n\n\n\n\n\n\n\n\n\n\n\n\n\n\n\n\n\n\n\n\n\n\n\n\n\n\n\n\n\n\n\n\n\n\n\n\n\n\n\n\n\n\n\n\n\n\n\n\n\n\n\n\n\n\n\n\n\n\n\n\n\n\n\n\n\n\n\n\n\n\n\n\n\n\n\n\n\n\n\n\n\n\n\n\n\n\n\n\n\n\n\n\n\n\n\n\n\n\n\n\n\n\n\n\n\n\n\n\n\n\n\n\n\n\n\n\n\n\n\n\n\n\n\n\n\n\n\n\n\n\n\n\n\n\n\n\n\n\n\n\n\n\n\n\n\n\n\n\n\n\n\n\n\n\n\n\n\n\n\n\n\n\n\n\n\n\n\n\n\n\n\n\n\n\n\n\n\n\n\n\n\n\n\n\n\n\n\n\n\n\n\n\n\n\n\n\n\n\n\n\n\n\n\n\n\n\n\n\n\n\n\n\n\n\n\n\n\n\n\n\n\n\n\n\n\n\n\n\n\n\n\n\n\n\n\n\n\n\n\n\n\n\n\n\n\n\n\n\n\n\n\n\n\n\n\n\n\n\n\n\n\n\n\n\n\n\n\n\n\n\n\n\n\n\n\n\n\n\n\n\n\n\n\n\n\n\n\n\n\n\n\n\n\n\n\n\n\n\n\n\n\n\n\n\n\n\n\n\n\n\n\n\n\n\n\n\n\n\n\n\n\n\n\n\n\n\n\n\n\n\n\n\n\n\n\n\n\n\n\n\n\n\n\n\n\n\n\n\n\n\n\n\n\n\n\n\n\n\n\n\n\n\n\n\n\n\n\n\n\n\n\n\n\n\n\n\n\n\n\n\n\n\n\n\n\n\n\n\n\n\n\n\n\n\n\n\n\n\n\n\n\n\n\n\n\n\n\n\n\n\n\n\n\n\n\n\n\n\n\n\n\n\n\n\n\n\n\n\n\n\n\n\n\n\n\n\n\n\n\n\n\n\n\n\n\n\n\n\n\n\n\n\n\n\n\n\n\n\n\n\n\n\n\n\n\n\n\n\n\n\n\n\n\n\n\n\n\n\n\n\n\n\n\n\n\n\n\n\n\n\n\n\n\n\n\n\n\n\n\n\n\n\n\n\n\n\n\n\n\n\n\n\n\n\n\n\n\n\n\n\n\n\n\n\n\n\n\n\n\n\n\n\n\n\n\n\n\n\n\n\n\n\n\n\n\n\n\n\n\n\n\n\n\n\n\n\n\n\n\n\n\n\n\n\n\n\n\n\n\n\n\n\n\n\n\n\n\n\n\n\n\n\n\n\n\n\n\n\n\n\n\n\n\n\n\n\n\n\n\n\n\n\n\n\n\n\n\n\n\n\n\n\n\n\n\n\n\n\n\n\n\n\n\n\n\n\n\n\n\n\n\n\n\n\n\n\n\n\n\n\n\n\n\n\n\n\n\n\n\n\n\n\n\n\n\n\n\n\n\n\n\n\n\n\n\n\n\n\n\n\n\n\n\n\n\n\n\n\n\n\n\n\n\n\n\n\n\n\n\n\n\n\n\n\n\n\n\n\n\n\n\n\n\n\n\n\n\n\n\n\n\n\n\n\n\n\n\n\n\n\n\n\n\n\n\n\n\n\n\n\n\n\n\n\n\n\n\n\n\n\n\n\n\n\n\n\n\n\n\n\n\n\n\n\n\n\n\n\n\n\n\n\n\n\n\n\n\n\n\n\n\n\n\n\n\n\n\n\n\n\n\n\n\n\n\n\n\n\n\n\n\n\n\n\n\n\n\n\n\n\n\n\n\n\n\n\n\n\n\n\n\n\n\n\n\n\n\n\n\n\n\n\n\n\n\n\n\n\n\n\n\n\n\n\n\n\n\n\n\n\n\n\n\n\n\n\n\n\n\n\n\n\n\n\n\n\n\n\n\n\n\n\n\n\n\n\n\n\n\n\n\n\n\n\n\n\n\n\n\n\n\n\n\n\n\n\n\n\n\n\n\n\n\n\n\n\n\n\n\n\n\n\n\n\n\n\n\n\n\n\n\n\n\n\n\n\n\n\n\n\n\n\n\n\n\n\n\n\n\n\n\n\n\n\n\n\n\n\n\n\n\n\n\n\n\n\n\n\n\n\n\n\n\n\n\n\n\n\n\n\n\n\n\n\n\n\n\n\n\n\n\n\n\n\n\n\n\n\n\n\n\n\n\n\n\n\n\n\n\n\n\n\n\n\n\n\n\n\n\n\n\n\n\n\n\n\n\n\n\n\n\n\n\n\n\n\n\n\n\n\n\n\n\n\n\n\n\n\n\n\n\n\n\n\n\n\n\n\n\n\n\n\n\n\n\n\n\n\n\n\n\n\n\n\n\n\n\n\n\n\n\n\n\n\n\n\n\n\n\n\n\n\n\n\n\n\n\n\n\n\n\n\n\n\n\n\n\n\n\n\n\n\n\n\n\n\n\n\n\n\n\n\n\n\n\n\n\n\n\n\n\n\n\n\n\n\n\n\n\n\n\n\n\n\n\n\n\n\n\n\n\n\n\n\n\n\n\n\n\n\n\n\n\n\n\n\n\n\n\n\n\n\n\n\n\n\n\n\n\n\n\n\n\n\n\n\n\n\n\n\n\n\n\n\n\n\n\n\n\n\n\n\n\n\n\n\n\n\n\n\n\n\n\n\n\n\n\n\n\n\n\n\n\n\n\n\n\n\n\n\n\n\n\n\n\n\n\n\n\n\n\n\n\n\n\n\n\n\n\n\n\n\n\n\n\n\n\n\n\n\n\n\n\n\n\n\n\n\n\n\n\n\n\n\n\n\n\n\n\n\n\n\n\n\n\n\n\n\n\n\n\n\n\n\n\n\n\n\n\n\n\n\n\n\n\n\n\n\n\n\n\n\n\n\n\n\n\n\n\n\n\n\n\n\n\n\n\n\n\n\n\n\n\n\n\n\n\n\n\n\n\n\n\n\n\n\n\n\n\n\n\n\n\n\n\n\n\n\n\n\n\n\n\n\n\n\n\n\n\n\n\n\n\n\n\n\n\n\n\n\n\n\n\n\n\n\n\n\n\n\n\n\n\n\n\n\n\n\n\n\n\n\n\n\n\n\n\n\n\n\n\n\n\n\n\n\n\n\n\n\n\n\n\n\n\n\n\n\n\n\n\n\n\n\n\n\n\n\n\n\n\n\n\n\n\n\n\n\n\n\n\n\n\n\n\n\n\n\n\n\n\n\n\n\n\n\n\n\n\n\n\n\n\n\n\n\n\n\n\n\n\n\n\n\n\n\n\n\n\n\n\n\n\n\n\n\n\n\n\n\n\n\n\n\n\n\n\n\n\n\n\n\n\n\n\n\n\n\n\n\n\n\n\n\n\n\n\n\n\n\n\n\n\n\n\n\n\n\n\n\n\n\n\n\n\n\n\n\n\n\n\n\n\n\n\n\n\n\n\n\n\n\n\n\n\n\n\n\n\n\n\n\n\n\n\n\n\n\n\n\n\n\n\n\n\n\n\n\n\n\n\n\n\n\n\n\n\n\n\n\n\n\n\n\n\n\n\n\n\n\n\n\n\n\n\n\n\n\n\n\n\n\n\n\n\n\n\n\n\n\n\n\n\n\n\n\n\n\n\n\n\n\n\n\n\n\n\n\n\n\n\n\n\n\n\n\n\n\n\n\n\n\n\n\n\n\n\n\n\n\n\n\n\n\n\n\n\n\n\n\n\n\n\n\n\n\n\n\n\n\n\n\n\n\n\n\n\n\n\n\n\n\n\n\n\n\n\n\n\n\n\n\n\n\n\n\n\n\n\n\n\n\n\n\n\n\n\n\n\n\n\n\n\n\n\n\n\n\n\n\n\n\n\n\n\n\n\n\n\n\n\n\n\n\n\n\n\n\n\n\n\n\n\n\n\n\n\n\n\n\n\n\n\n\n\n\n\n\n\n\n\n\n\n\n\n\n\n\n\n\n\n\n\n\n\n\n\n\n\n\n\n\n\n\n\n\n\n\n\n\n\n\n\n\n\n\n\n\n\n\n\n\n\n\n\n\n\n\n\n\n\n\n\n\n\n\n\n\n\n\n\n\n\n\n\n\n\n\n\n\n\n\n\n\n\n\n\n\n\n\n\n\n\n\n\n\n\n\n\n\n\n\n\n\n\n\n\n\n\n\n\n\n\n\n\n\n\n\n\n\n\n\n\n\n\n\n\n\n\n\n\n\n\n\n\n\n\n\n\n\n\n\n\n\n\n\n\n\n\n\n\n\n\n\n\n\n\n\n\n\n\n\n\n\n\n\n\n\n\n\n\n\n\n\n\n\n\n\n\n\n\n\n\n\n\n\n\n\n\n\n\n\n\n\n\n\n\n\n\n\n\n\n\n\n\n\n\n\n\n\n\n\n\n\n\n\n\n\n\n\n\n\n\n\n\n\n\n\n\n\n\n\n\n\n\n\n\n\n\n\n\n\n\n\n\n\n\n\n\n\n\n\n\n\n\n\n\n\n\n\n\n\n\n\n\n\n\n\n\n\n\n\n\n\n\n\n\n\n\n\n\n\n\n\n\n\n\n\n\n\n\n\n\n\n\n\n\n\n\n\n\n\n\n\n\n\n\n\n\n\n\n\n\n\n\n\n\n\n\n\n\n\n\n\n\n\n\n\n\n\n\n\n\n\n\n\n\n\n\n\n\n\n\n\n\n\n\n\n\n\n\n\n\n\n\n\n\n\n\n\n\n\n\n\n\n\n\n\n\n\n\n\n\n\n\n\n\n\n\n\n\n\n\n\n\n\n\n\n\n\n\n\n\n\n\n\n\n\n\n\n\n\n\n\n\n\n\n\n\n\n\n\n\n\n\n\n\n\n\n\n\n\n\n\n\n\n\n\n\n\n\n\n\n\n\n\n\n\n\n\n\n\n\n\n\n\n\n\n\n\n\n\n\n\n\n\n\n\n\n\n\n\n\n\n\n\n\n\n\n\n\n\n\n\n\n\n\n\n\n\n\n\n\n\n\n\n\n\n\n\n\n\n\n\n\n\n\n\n\n\n\n\n\n\n\n\n\n\n\n\n\n\n\n\n\n\n\n\n\n\n\n\n\n\n\n\n\n\n\n\n\n\n\n\n\n\n\n\n\n\n\n\n\n\n\n\n\n\n\n\n\n\n\n\n\n\n\n\n\n\n\n\n\n\n\n\n\n\n\n\n\n\n\n\n\n\n\n\n\n\n\n\n\n\n\n\n\n\n\n\n\n\n\n\n\n\n\n\n\n\n\n\n\n\n\n\n\n\n\n\n\n\n\n\n\n\n\n\n\n\n\n\n\n\n\n\n\n\n\n\n\n\n\n\n\n\n\n\n\n\n\n\n\n\n\n\n\n\n\n\n\n\n\n\n\n\n\n\n\n\n\n\n\n\n\n\n\n\n\n\n\n\n\n\n\n\n\n\n\n\n\n\n\n\n\n\n\n\n\n\n\n\n\n\n\n\n\n\n\n\n\n\n\n\n\n\n\n\n\n\n\n\n\n\n\n\n\n\n\n\n\n\n\n\n\n\n\n\n\n\n\n\n\n\n\n\n\n\n\n\n\n\n\n\n\n\n\n\n\n\n\n\n\n\n\n\n\n\n\n\n\n\n\n\n\n\n\n\n\n\n\n\n\n\n\n\n\n\n\n\n\n\n\n\n\n\n\n\n\n\n\n\n\n\n\n\n\n\n\n\n\n\n\n\n\n\n\n\n\n\n\n\n\n\n\n\n\n\n\n\n\n\n\n\n\n\n\n\n\n\n\n\n\n\n\n\text{Invoice No: 00062608 Invoice Date: 02/06/2026 Account Ref: CJB CIVIL Payment Terms 30 Days, from month end. All queris must be notified to the accounts office within 7 days to query@rmseastlondon.co.uk Barclays Bank, Sort Code: 20-78-98 Account No: 33916103	GBP	600.00	120.00	720.00	standard_20	Costs/2026/06/Recycled Material Supplies Ltd/2026-06-02_Recycled Material Supplies Ltd_00062608.pdf	invoice     62608.pdf	2099e822cbdf9d250ee0fc0681984e5422b6be2871d4ba94acfb828b5af87830	invoices@rmseastlondon.co.uk	Invoice from Recycled Material Supplies Ltd Invoice No:     62608	<BEA3784CD57BB6640896F10A2B172FF456BF65D8@HOSTEDTMS07>	2026-06-02 13:32:11+00	1.000	f	\N	All queris must be notified to the accounts office within 7 days to query@rmseastlondon.co.uk	2026-06-17 10:19:57.317009+00	2026-06-17 10:19:57.317009+00	\N	\N	invoice	\N	\N	\N	f	\N	unchecked	\N	\N
5a688541-8e90-496b-8a41-897e79c4732e	pending_review	BBS Natural Stone Specialists Limited	BBS Natural Stone Specialists Limited	764	EMAIL 19/01/26	2026-05-29	2026-06-30	Net Monthly	Silver Grey, sawn all sides, fine picked finish Phase 11G - 17/04/26: K1 Kerb 900 x 150 x 300 as Drg: PTS10282B-K1; K1A Kerb 900 x 150 x 300 as Drg: PTS10282B-K1A; QSE300LH Quadrant, 305 x 305 x 255 as Drg: PTS10282B-QES300 LH; K3 Kerb 900 x 300 x 300 as Drg: PTS10282B-K3; D1 Kerb 900 x 150 x 150 as Drg: PTS10282B-D1; DR2-900 Trans Kerb 900 x 150 x 300/175 as Drg: PTS10282B-DR2-900; DL2-900 Trans Kerb 900 x 150 x 300/175 as Drg: PTS10282B-DL2-900; Phase 5A - 01/06/26: T1-K1-K1A-RH Trans Kerb 900 x 150 x 300 as Drg: PTS10282B-T1-K1-K1A-900; Phase 5C - 21/02/26: K1 Kerb 900 x 150 x 300 as Drg: PTS10282B-K1; Phase 11F - 15/06/26: Q300 Quadrant 305 x 305 x 255 as Drg: PTS10282B-Q300; Phase 21 - 13/06/26: K1 Kerb 900 x 150 x 300 as Drg: PTS10282B-K1; Q300 Quadrant 305 x 305 x 255 as Drg: PTS10282B-Q300; Phase 8D - 09/02/26: K1RExt3.6 Kerb 900 x 150 x 300 as Drg: PTS10282D-K1 Rext3.6; K1RInt3.6 Kerb 900 x 150 x 300 as Drg: PTS10282D-K1 RInt3.6	GBP	7858.53	1571.71	9430.24	standard_20	Costs/2026/05/BBS Natural Stone Specialists Limited/2026-05-29_BBS Natural Stone Specialists Limited_764.pdf	BBS Natural Stone Specialists Limited - Invoice No. 764.pdf	6cdd0e6a64d4bfff8ff3476ebee029055766d25e1c7951f7eddfd5ab832a6495	Sue Milner <s.milner@bbsnaturalstone.co.uk>	BBS Natural Stone Specialists Limited - Invoices No. 764, 767 & 768	<AM0PR08MB4305FB788D3062428934AADFC5122@AM0PR08MB4305.eurprd08.prod.outlook.com>	2026-06-02 13:27:28+00	1.000	f	\N	\N	2026-06-17 10:20:06.65249+00	2026-06-17 10:20:06.65249+00	\N	\N	invoice	\N	\N	\N	f	\N	unchecked	\N	\N
64b609c7-5971-48c1-aa79-fc264cee0271	pending_review	BBS Natural Stone Specialists Limited	BBS Natural Stone Specialists Limited	767	EMAIL 19/01/26	2026-05-29	2026-06-30	Net Monthly	Silver Grey, sawn all sides, fine picked finish Phase 11G; Q300 Quadrant 305 x 305 x 255; RG Rain Garden Inlet Kerb 1210 x 505 x 250; D1 Kerb 900 x 150 x 150; DR2-900 Trans Kerb 900 x 150 x 300/175; DL2-900 Trans Kerb 900 x 150 x 300/175; K5 Kerb 900 x 500 x 200; K1 Kerb 900 x 150 x 300; K3 Kerb 900 x 300 x 300; K3RExt9.0 Kerb 900 x 300 x 300; K3RExt6.5 Kerb 900 x 300 x 300	GBP	8550.65	1710.11	10260.76	standard_20	Costs/2026/05/BBS Natural Stone Specialists Limited/2026-05-29_BBS Natural Stone Specialists Limited_767.pdf	BBS Natural Stone Specialists Limited - Invoice No. 767.pdf	85ee7ee1d0d4bb314e242438d7141f63e11ee06b8cd30008c8dc9ef0fbdbea28	Sue Milner <s.milner@bbsnaturalstone.co.uk>	BBS Natural Stone Specialists Limited - Invoices No. 764, 767 & 768	<AM0PR08MB4305FB788D3062428934AADFC5122@AM0PR08MB4305.eurprd08.prod.outlook.com>	2026-06-02 13:27:28+00	1.000	f	\N	\N	2026-06-17 10:20:14.979153+00	2026-06-17 10:20:14.979153+00	\N	\N	invoice	\N	\N	\N	f	\N	unchecked	\N	\N
a4956ad6-9da0-4015-bd79-d9d15e1ad119	pending_review	BBS Natural Stone Specialists Limited	BBS Natural Stone Specialists Limited	768	EMAIL 19/01/26	2026-05-29	2026-06-30	Net Monthly	Silver Grey, sawn all sides, fine picked finish. Kerb types: D1RExt10, K1RExt6, K1RExt9, K1, K5RExt30, K3, K1.	GBP	8251.85	1650.37	9902.22	standard_20	Costs/2026/05/BBS Natural Stone Specialists Limited/2026-05-29_BBS Natural Stone Specialists Limited_768.pdf	BBS Natural Stone Specialists Limited - Invoice No. 768.pdf	4b667040c7511be8a6ccd44ed87c482d2769407b586e2b36356d6f400bdc48de	Sue Milner <s.milner@bbsnaturalstone.co.uk>	BBS Natural Stone Specialists Limited - Invoices No. 764, 767 & 768	<AM0PR08MB4305FB788D3062428934AADFC5122@AM0PR08MB4305.eurprd08.prod.outlook.com>	2026-06-02 13:27:28+00	1.000	f	\N	\N	2026-06-17 10:20:28.392843+00	2026-06-17 10:20:28.392843+00	\N	\N	invoice	\N	\N	\N	f	\N	unchecked	\N	\N
e96f40f5-7101-4e54-8906-4740f0c77f6b	pending_review	iMix Concrete Ltd	iMix Concrete Ltd	515848	NA	2026-05-21	2026-06-20	30 days (NET)	C30\nFuel Surcharge	GBP	587.50	117.50	705.00	standard_20	Costs/2026/05/iMix Concrete Ltd/2026-05-21_iMix Concrete Ltd_515848.pdf	iMix-Concrete-multiple-pages-9.pdf	7ee7f396e5a908831fe0b20828d20f1b13390d8914373daf06f2d050fd895d3d	Accounts <Accounts@imixconcrete.co.uk>	FW: CJB Civil - Invoices	<LO7P123MB84076EE86258D452EAC04677E8122@LO7P123MB8407.GBRP123.PROD.OUTLOOK.COM>	2026-06-02 10:44:47+00	1.000	f	\N	All invoice queries must be sent via email to accounts@imixconcrete.co.uk within 7 days from date of invoice. Time allowed on site: No waiting time will be charged for the first 30 minutes on site, waiting time applies thereafter unless otherwise agreed prior to delivery. iMix Concrete Ltd reserves the right to charge for any detention in excess of any pre arranged amount.	2026-06-17 10:22:42.851391+00	2026-06-17 10:22:42.851391+00	\N	\N	invoice	\N	\N	\N	f	\N	unchecked	\N	\N
ca4b5ada-89a9-44ab-97fe-2cc2efc51e90	pending_review	iMix Concrete Ltd	iMix Concrete Ltd	515824	NA	2026-05-20	2026-06-19	30 days (NET)	C30 CEM1 (52.5N) 20mm	GBP	567.50	113.50	681.00	standard_20	Costs/2026/05/iMix Concrete Ltd/2026-05-20_iMix Concrete Ltd_515824.pdf	iMix-Concrete-multiple-pages-10.pdf	c47d17257f7f4b86911376f844d2e59624fabc3249ff84bf8b5da6c0a297167a	Accounts <Accounts@imixconcrete.co.uk>	FW: CJB Civil - Invoices	<LO7P123MB84076EE86258D452EAC04677E8122@LO7P123MB8407.GBRP123.PROD.OUTLOOK.COM>	2026-06-02 10:44:47+00	1.000	f	\N	All invoice queries must be sent via email to accounts@imixconcrete.co.uk within 7 days from date of invoice. For any account queries please contact our accounts department on 0800 688 9411. Time allowed on site: No waiting time will be charged for the first 30 minutes on site, waiting time applies thereafter unless otherwise agreed prior to delivery. iMix Concrete Ltd reserves the right to charge for any detention in excess of any pre arranged amount. This sale is subject to our terms and conditions available on our website.	2026-06-17 10:22:54.300143+00	2026-06-17 10:22:54.300143+00	\N	\N	invoice	\N	\N	\N	f	\N	unchecked	\N	\N
3ef4b43b-846b-41bf-98c8-c63e15ba3a40	pending_review	iMix Concrete Ltd	iMix Concrete Ltd	515804	NA	2026-05-19	2026-06-18	30 days (NET)	C30	GBP	794.50	158.90	953.40	standard_20	Costs/2026/05/iMix Concrete Ltd/2026-05-19_iMix Concrete Ltd_515804.pdf	iMix-Concrete-multiple-pages-11.pdf	4d81bf91ca075ae5a8d3e198f70246ab0b9c563c253db868a859ace27bfe0507	Accounts <Accounts@imixconcrete.co.uk>	FW: CJB Civil - Invoices	<LO7P123MB84076EE86258D452EAC04677E8122@LO7P123MB8407.GBRP123.PROD.OUTLOOK.COM>	2026-06-02 10:44:47+00	1.000	f	\N	All invoice queries must be sent via email to accounts@imixconcrete.co.uk within 7 days from date of invoice. For any account queries please contact our accounts department on 0800 688 9411. Time allowed on site: No waiting time will be charged for the first 30 minutes on site, waiting time applies thereafter unless otherwise agreed prior to delivery. iMix Concrete Ltd reserves the right to charge for any detention in excess of any pre arranged amount. This sale is subject to our terms and conditions available on our website.	2026-06-17 10:23:05.627837+00	2026-06-17 10:23:05.627837+00	\N	\N	invoice	\N	\N	\N	f	\N	unchecked	\N	\N
198842ee-0613-4c8b-b5eb-82ed2bca5215	pending_review	iMix Concrete Ltd	iMix Concrete Ltd	515520	NA	2026-05-01	2026-05-31	30 days (NET)	C30	GBP	681.00	136.20	817.20	standard_20	Costs/2026/05/iMix Concrete Ltd/2026-05-01_iMix Concrete Ltd_515520.pdf	iMix-Concrete-multiple-pages-12.pdf	0d3081d6b5a68d8a3b22624cd1ed2298b88b107a18e14a19bab94f45f09446a3	Accounts <Accounts@imixconcrete.co.uk>	FW: CJB Civil - Invoices	<LO7P123MB84076EE86258D452EAC04677E8122@LO7P123MB8407.GBRP123.PROD.OUTLOOK.COM>	2026-06-02 10:44:47+00	1.000	f	\N	All invoice queries must be sent via email to accounts@imixconcrete.co.uk within 7 days from date of invoice. For any account queries please contact our accounts department on 0800 688 9411. Time allowed on site: No waiting time will be charged for the first 30 minutes on site, waiting time applies thereafter unless otherwise agreed prior to delivery. iMix Concrete Ltd reserves the right to charge for any detention in excess of any pre arranged amount. This sale is subject to our terms and conditions available on our website.	2026-06-17 10:23:15.349837+00	2026-06-17 10:23:15.349837+00	\N	\N	invoice	\N	\N	\N	f	\N	unchecked	\N	\N
6b41d882-4c6b-4870-832c-26fff67212c3	pending_review	iMix Concrete Ltd	iMix Concrete Ltd	515755	NA	2026-05-15	2026-06-14	30 days (NET)	C30 concrete, 7.5 quantity at £113.50 per unit	GBP	851.25	170.25	1021.50	standard_20	Costs/2026/06/iMix Concrete Ltd/2026-06-02_iMix Concrete Ltd_515755_multi-2.pdf	iMix-Concrete-multiple-pages-13.pdf	\N	Accounts <Accounts@imixconcrete.co.uk>	FW: CJB Civil - Invoices	<LO7P123MB84076EE86258D452EAC04677E8122@LO7P123MB8407.GBRP123.PROD.OUTLOOK.COM>	2026-06-02 10:44:47+00	1.000	f	\N	All invoice queries must be sent via email to accounts@imixconcrete.co.uk within 7 days from date of invoice. For any account queries please contact our accounts department on 0800 688 9411. Time allowed on site: No waiting time will be charged for the first 30 minutes on site, waiting time applies thereafter unless otherwise agreed prior to delivery. iMix Concrete Ltd reserves the right to charge for any detention in excess of any pre arranged amount.\nMulti-invoice PDF (2 of 2)	2026-06-17 10:23:40.092774+00	2026-06-17 10:23:40.092774+00	\N	\N	invoice	\N	\N	\N	f	\N	unchecked	\N	\N
56c088f5-f04a-42f8-87fa-5e3182374187	pending_review	iMix Concrete Ltd	iMix Concrete Ltd	515732	NA	2026-05-14	2026-06-13	30 days (NET)	C30\nWaiting Time (exceeded by 14 mins)	GBP	822.50	164.50	987.00	standard_20	Costs/2026/05/iMix Concrete Ltd/2026-05-14_iMix Concrete Ltd_515732.pdf	iMix-Concrete-multiple-pages-14.pdf	98192a9b4cf9f2dd9872169808ce9e861dbc07f6e64c9b5a733b50811069b503	Accounts <Accounts@imixconcrete.co.uk>	FW: CJB Civil - Invoices	<LO7P123MB84076EE86258D452EAC04677E8122@LO7P123MB8407.GBRP123.PROD.OUTLOOK.COM>	2026-06-02 10:44:47+00	1.000	f	\N	\N	2026-06-17 10:23:46.923726+00	2026-06-17 10:23:46.923726+00	\N	\N	invoice	\N	\N	\N	f	\N	unchecked	\N	\N
791aa0a4-1c2d-4631-9957-39da2f69c62c	pending_review	iMix Concrete Ltd	iMix Concrete Ltd	515685	NA	2026-05-12	2026-06-11	30 days (NET)	C30	GBP	908.00	181.60	1089.60	standard_20	Costs/2026/05/iMix Concrete Ltd/2026-05-12_iMix Concrete Ltd_515685.pdf	iMix-Concrete-multiple-pages-16.pdf	8316b7e62a218a059e2ca3f685b5425dd86fc8bc5a72ed69b4e2e6015dc16066	Accounts <Accounts@imixconcrete.co.uk>	FW: CJB Civil - Invoices	<LO7P123MB84076EE86258D452EAC04677E8122@LO7P123MB8407.GBRP123.PROD.OUTLOOK.COM>	2026-06-02 10:44:47+00	1.000	f	\N	All invoice queries must be sent via email to accounts@imixconcrete.co.uk within 7 days from date of invoice. For any account queries please contact our accounts department on 0800 688 9411. Time allowed on site: No waiting time will be charged for the first 30 minutes on site, waiting time applies thereafter unless otherwise agreed prior to delivery. iMix Concrete Ltd reserves the right to charge for any detention in excess of any pre arranged amount. This sale is subject to our terms and conditions available on our website.	2026-06-17 10:24:04.2717+00	2026-06-17 10:24:04.2717+00	\N	\N	invoice	\N	\N	\N	f	\N	unchecked	\N	\N
a2c64ce1-c9be-486c-a34a-86501b06183d	pending_review	iMix Concrete Ltd	iMix Concrete Ltd	515705	NA	2026-05-13	2026-06-12	30 days (NET)	C30\nWaiting Time (exceeded by 16 mins)	GBP	940.00	188.00	1128.00	standard_20	Costs/2026/05/iMix Concrete Ltd/2026-05-13_iMix Concrete Ltd_515705.pdf	iMix-Concrete-multiple-pages-15.pdf	9827e48f313d1cac113d656211ae7dace48f7851b0bd1daf06d17d806a46c569	Accounts <Accounts@imixconcrete.co.uk>	FW: CJB Civil - Invoices	<LO7P123MB84076EE86258D452EAC04677E8122@LO7P123MB8407.GBRP123.PROD.OUTLOOK.COM>	2026-06-02 10:44:47+00	0.950	f	\N	All invoice queries must be sent via email to accounts@imixconcrete.co.uk within 7 days from date of invoice. For any account queries please contact our accounts department on 0800 688 9411. Time allowed on site: No waiting time will be charged for the first 30 minutes on site, waiting time applies thereafter unless otherwise agreed prior to delivery. iMix Concrete Ltd reserves the right to charge for any detention in excess of any pre arranged amount. This sale is subject to our terms and conditions available on our website.	2026-06-17 10:23:56.222936+00	2026-06-17 10:23:56.222936+00	\N	\N	invoice	\N	\N	\N	f	\N	unchecked	\N	\N
ca14d8a5-8e93-4e0f-8041-1689af026c85	pending_review	iMix Concrete Ltd	iMix Concrete Ltd	515667	NA	2026-05-11	2026-06-10	30 days (NET)	C30\nWaiting Time (exceeded by 28 mins)	GBP	1020.75	204.15	1224.90	standard_20	Costs/2026/05/iMix Concrete Ltd/2026-05-11_iMix Concrete Ltd_515667.pdf	iMix-Concrete-multiple-pages-17.pdf	4954e40d2286cea020e364dfc35783299a3be254cf243e3dfff665f7a4516553	Accounts <Accounts@imixconcrete.co.uk>	FW: CJB Civil - Invoices	<LO7P123MB84076EE86258D452EAC04677E8122@LO7P123MB8407.GBRP123.PROD.OUTLOOK.COM>	2026-06-02 10:44:47+00	0.950	f	\N	All invoice queries must be sent via email to accounts@imixconcrete.co.uk within 7 days from date of invoice. For any account queries please contact our accounts department on 0800 688 9411. Time allowed on site: No waiting time will be charged for the first 30 minutes on site, waiting time applies thereafter unless otherwise agreed prior to delivery. iMix Concrete Ltd reserves the right to charge for any detention in excess of any pre arranged amount. This sale is subject to our terms and conditions available on our website.	2026-06-17 10:24:13.022963+00	2026-06-17 10:24:13.022963+00	\N	\N	invoice	\N	\N	\N	f	\N	unchecked	\N	\N
68ebf718-f672-4519-873f-663813ce2681	pending_review	iMix Concrete Ltd	iMix Concrete Ltd	515654	123265	2026-05-09	2026-06-08	30 days (NET)	C30 CEM1 (52.5N) 20mm concrete, 8m	GBP	905.20	181.04	1086.24	standard_20	Costs/2026/05/iMix Concrete Ltd/2026-05-09_iMix Concrete Ltd_515654.pdf	iMix-Concrete-multiple-pages-18.pdf	33e199c563b68d27295950bacc2851cef3ec0a55b51e4c94af9f1d0de49017e3	Accounts <Accounts@imixconcrete.co.uk>	FW: CJB Civil - Invoices	<LO7P123MB84076EE86258D452EAC04677E8122@LO7P123MB8407.GBRP123.PROD.OUTLOOK.COM>	2026-06-02 10:44:47+00	1.000	f	\N	All invoice queries must be sent via email to accounts@imixconcrete.co.uk within 7 days from date of invoice. For any account queries please contact our accounts department on 0800 688 9411.	2026-06-17 10:24:22.756695+00	2026-06-17 10:24:22.756695+00	\N	\N	invoice	\N	\N	\N	f	\N	unchecked	\N	\N
2780e831-e6f2-4a7c-aa1f-8ead9ddb337d	pending_review	iMix Concrete Ltd	iMix Concrete Ltd	516204	NA	2026-06-15	2026-07-15	30 days (NET)	C30\nDelivery\nFuel Surcharge	GBP	580.75	116.15	696.90	standard_20	Costs/2026/06/iMix Concrete Ltd/2026-06-15_iMix Concrete Ltd_516204.pdf	A463E24C819550513895F6C58D83FEDB.pdf	0e1597966a5aba65fe5582f100d91b99078a4e5e873771fb4d90156153450b61	iMix Concrete <imix@aggsmart.co.uk>	iMix Concrete Invoice #516204	<81bcf714-cb56-4e18-aaa9-8d351573e8cb@mtasv.net>	2026-06-17 09:54:42+00	1.000	f	\N	\N	2026-06-17 10:49:55.950147+00	2026-06-17 10:49:55.950147+00	\N	\N	invoice	\N	\N	\N	f	\N	unchecked	\N	\N
36dd0bab-949a-429c-93e3-6fb4906c8d2c	pending_review	NAL Limited	NAL Limited	527329	CS4	2026-06-01	2026-07-01	30 days after month end of invoice date	X-Last Bollard: Capital, D150, 1000mm Height, Black, Root Fix, 1 Sign Bollard. C/W 1 x 955 Cycle Only Sign 142mm	GBP	245.63	49.13	294.76	standard_20	Costs/2026/06/NAL Limited/2026-06-01_NAL Limited_527329.pdf	Invoice Attached .pdf	29e538fcec332263804a8e1f429261ab590c84e4d4ab4727e4631f849f3b02b3	noreply@nal.ltd.uk	Sales Invoices - 527329	<E1wU4wL-AIkwcC8ihJF-KvQj@message-id.smtpcorp.com>	2026-06-01 15:52:34+00	1.000	f	\N	\N	2026-06-17 11:01:08.099951+00	2026-06-17 11:01:08.099951+00	\N	\N	invoice	\N	\N	\N	f	\N	unchecked	\N	\N
914fd649-3b7f-40fb-8c30-82c5816756e4	pending_review	Travis Perkins Trading Company Ltd	Travis Perkins Trading Company Ltd	1044679783	CS4	2026-05-31	2026-06-30	NET MONTHLY	VIBRATING POKER HF 57MM - 110V\nLOSS AND DAMAGE WAIVER	GBP	128.87	25.77	154.64	standard_20	Costs/2026/05/Travis Perkins Trading Company Ltd/2026-05-31_Travis Perkins Trading Company Ltd_1044679783.pdf	1044679783_1.pdf	0c8ae1a809e38d7001e721cf390f38c17736cb9c3da188feb70a22728c1896c9	TP E-Billing <ebilling@travisperkins.co.uk>	(HT5272) TP Hire Invoice (1044679783) Attached	<75070132.143117.1780323790145@smtp.email.uk-london-1.oraclecloud.com>	2026-06-01 14:23:10+00	1.000	f	\N	*!REMINDER!* THIS CONTRACT HAS BEEN ON HIRE 8 DAYS HIRE CONTINUES	2026-06-17 11:01:17.946766+00	2026-06-17 11:01:17.946766+00	\N	\N	invoice	\N	\N	\N	f	\N	unchecked	\N	\N
74ee2efd-fefd-4f0f-b0b6-32be99cb5fcf	pending_review	Travis Perkins Trading Company Ltd	Travis Perkins Trading Company Ltd	1044679782	CYCLE WAY 4 X	2026-05-31	2026-06-30	NET MONTHLY	CEMENT MIXER TIP UP - PETROL\nTHIS CONTRACT HAS BEEN ON HIRE 29 DAYS	GBP	80.00	16.00	96.00	standard_20	Costs/2026/05/Travis Perkins Trading Company Ltd/2026-05-31_Travis Perkins Trading Company Ltd_1044679782.pdf	1044679782_1.pdf	ec99788917a4c90207584c5dfd88bb957ab1424352f17543e1c74f60d5c76161	TP E-Billing <ebilling@travisperkins.co.uk>	(HT5272) TP Hire Invoice (1044679782) Attached	<1445883052.143087.1780323785070@smtp.email.uk-london-1.oraclecloud.com>	2026-06-01 14:23:05+00	1.000	f	\N	THIS CONTRACT HAS BEEN ON HIRE 29 DAYS	2026-06-17 11:01:25.759507+00	2026-06-18 05:21:32.914169+00	\N	\N	invoice	\N	\N	\N	f	\N	unchecked	\N	\N
8de48153-2ec6-42ef-8c1c-4a96ba5ff9ef	pending_review	H. Sivyer Transport LTD T/A Holcim UK	H. Sivyer Transport LTD T/A Holcim UK	460127	NA	2026-05-26	2026-05-31	30 DAYS EOM	40MM SHINGLE (17.08 TONNES)40MM SHINGLE (18.38 TONNES)	GBP	1054.94	210.99	1265.93	standard_20	Costs/2026/05/H. Sivyer Transport LTD T A Holcim UK/2026-05-26_H. Sivyer Transport LTD T A Holcim UK_460127.pdf	Invoice - 460127 - 2026-06-01.pdf	2f1841641c9603aed588294ae684498bcbaaffe0fe4b7d65c765198dd21314c3	salesinvoice.recycling@holcim.co.uk	Sales Invoice [Our Ref: 460127]	<6a1d9348.5e65fd5c.e9472.b8c3SMTPIN_ADDED_MISSING@mx.google.com>	2026-06-01 14:12:22+00	1.000	f	\N	COPY POD'S WILL BE CHARGABLE AT \n\n\n£4.00 EACH THIS CHARGE WILL BE ADDED TO THE ACCOUNT	2026-06-17 11:04:10.874344+00	2026-06-17 11:04:10.874344+00	\N	\N	invoice	\N	\N	\N	f	\N	unchecked	\N	\N
66aa5f7e-9b72-4bb0-87fa-e84534b6954d	pending_review	H. Sivyer Transport LTD T/A Holcim UK	H. Sivyer Transport LTD T/A Holcim UK	460124	CS4	2026-05-26	2026-05-31	30 DAYS EOM	10MM PRIMARY SHINGLE	GBP	1361.76	272.35	1634.11	standard_20	Costs/2026/05/H. Sivyer Transport LTD T A Holcim UK/2026-05-26_H. Sivyer Transport LTD T A Holcim UK_460124.pdf	Invoice - 460124 - 2026-06-01.pdf	ad8412760c5040c26b795e6fe7f192f14fb5b378afa00bcbc513ed5d866df5fa	salesinvoice.recycling@holcim.co.uk	Sales Invoice [Our Ref: 460124]	<6a1d9346.142fd1a6.1f651c.2a04SMTPIN_ADDED_MISSING@mx.google.com>	2026-06-01 14:12:20+00	1.000	f	\N	COPY POD'S WILL BE CHARGABLE AT \n£4.00 EACH THIS CHARGE WILL BE ADDED TO THE ACCOUNT. All Invoice Queries must be received by our Credit Control Dept within 14 days.	2026-06-17 11:04:31.911104+00	2026-06-17 11:04:31.911104+00	\N	\N	invoice	\N	\N	\N	f	\N	unchecked	\N	\N
e74b1b80-3c3b-4a23-98bd-586033e35373	pending_review	H. Sivyer Transport LTD T/A Holcim UK	H. Sivyer Transport LTD T/A Holcim UK	460117	CS4	2026-05-26	2026-05-31	30 DAYS EOM	MIXED CONSTRUCTION AND DEMOLITION WASTE 170904-170904 (3 loads)	GBP	900.00	180.00	1080.00	standard_20	Costs/2026/05/H. Sivyer Transport LTD T A Holcim UK/2026-05-26_H. Sivyer Transport LTD T A Holcim UK_460117.pdf	Invoice - 460117 - 2026-06-01.pdf	dd491d9a80fafd65f87dc062e2acd7a88da346736e86ddc018be11d426345eb8	salesinvoice.recycling@holcim.co.uk	Sales Invoice [Our Ref: 460117]	<6a1d9343.9866d9f7.29fb2d.286eSMTPIN_ADDED_MISSING@mx.google.com>	2026-06-01 14:12:18+00	1.000	f	\N	COPY POD'S WILL BE CHARGABLE AT £4.00 EACH THIS CHARGE WILL BE ADDED TO THE ACCOUNT. All Invoice Queries must be received by our Credit Control Dept within 14 days.	2026-06-17 11:04:59.115879+00	2026-06-17 11:04:59.115879+00	\N	\N	invoice	\N	\N	\N	f	\N	unchecked	\N	\N
8f8a62cd-1b85-413f-ba08-039b527e2f3f	pending_review	H. Sivyer Transport LTD T/A Holcim UK	H. Sivyer Transport LTD T/A Holcim UK	460190	CS4	2026-05-26	2026-05-31	30 DAYS EOM	SILICA SAND	GBP	731.20	146.24	877.44	standard_20	Costs/2026/05/H. Sivyer Transport LTD T A Holcim UK/2026-05-26_H. Sivyer Transport LTD T A Holcim UK_460190.pdf	Invoice - 460190 - 2026-06-01.pdf	7e2ef9dc3bf8a07c0819e6afffc39553c1222488632260ce5f6fce9ab1a7b663	salesinvoice.recycling@holcim.co.uk	Sales Invoice [Our Ref: 460190]	<6a1d9342.d01d60aa.35e2cb.78f4SMTPIN_ADDED_MISSING@mx.google.com>	2026-06-01 14:12:17+00	1.000	f	\N	COPY POD'S WILL BE CHARGABLE AT \n\n£4.00 EACH THIS CHARGE WILL BE ADDED TO THE ACCOUNT	2026-06-17 11:05:24.896261+00	2026-06-17 11:05:24.896261+00	\N	\N	invoice	\N	\N	\N	f	\N	unchecked	\N	\N
631bc5bb-e583-4f9e-a901-79a53e4c34a5	pending_review	H. Sivyer Transport LTD T/A Holcim UK	H. Sivyer Transport LTD T/A Holcim UK	460189	NA	2026-05-27	2026-05-31	30 DAYS EOM	SHARP WASHED SAND	GBP	460.50	92.10	552.60	standard_20	Costs/2026/05/H. Sivyer Transport LTD T A Holcim UK/2026-05-27_H. Sivyer Transport LTD T A Holcim UK_460189.pdf	Invoice - 460189 - 2026-06-01.pdf	07ef18e928ede1e4fbac8e361e1f70b0a5e64726118a77d5b8426e4e08a50f54	salesinvoice.recycling@holcim.co.uk	Sales Invoice [Our Ref: 460189]	<6a1d92e2.f81dbbdf.20fe59.0648SMTPIN_ADDED_MISSING@mx.google.com>	2026-06-01 14:10:41+00	1.000	f	\N	COPY POD'S WILL BE CHARGABLE AT \n\n\n£4.00 EACH THIS CHARGE WILL BE ADDED TO THE ACCOUNT	2026-06-17 11:05:43.332846+00	2026-06-17 11:05:43.332846+00	\N	\N	invoice	\N	\N	\N	f	\N	unchecked	\N	\N
c7d5e6a2-c4db-4784-94cc-e7ab312bc373	pending_review	H. Sivyer Transport LTD T/A Holcim UK	H. Sivyer Transport LTD T/A Holcim UK	460371	NA	2026-05-27	2026-05-31	30 DAYS EOM	MIXED CONSTRUCTION AND DEMOLITION WASTE 170904-170904	GBP	300.00	60.00	360.00	standard_20	Costs/2026/05/H. Sivyer Transport LTD T A Holcim UK/2026-05-27_H. Sivyer Transport LTD T A Holcim UK_460371.pdf	Invoice - 460371 - 2026-06-01.pdf	d89e05d726deb638283151dbd7ddc025f309f8f39e081dce0771a25e8d7c33d0	salesinvoice.recycling@holcim.co.uk	Sales Invoice [Our Ref: 460371]	<6a1d92de.71b3d852.35ffdc.f27dSMTPIN_ADDED_MISSING@mx.google.com>	2026-06-01 14:10:37+00	1.000	f	\N	COPY POD'S WILL BE CHARGABLE AT \n\n\n£4.00 EACH THIS CHARGE WILL BE ADDED TO THE ACCOUNT	2026-06-17 11:05:56.984197+00	2026-06-17 11:05:56.984197+00	\N	\N	invoice	\N	\N	\N	f	\N	unchecked	\N	\N
86f1d7d5-c032-49ad-9bc5-160ec8f7c94e	pending_review	H. Sivyer Transport LTD T/A Holcim UK	H. Sivyer Transport LTD T/A Holcim UK	460370	NA	2026-05-28	2026-05-31	30 DAYS EOM	MIXED CONSTRUCTION AND DEMOLITION WASTE 170904-170904\nMIXED CONSTRUCTION AND DEMOLITION WASTE 170904-170904	GBP	600.00	120.00	720.00	standard_20	Costs/2026/05/H. Sivyer Transport LTD T A Holcim UK/2026-05-28_H. Sivyer Transport LTD T A Holcim UK_460370.pdf	Invoice - 460370 - 2026-06-01.pdf	1f89c32baa17182363d1efd02574ee7be39209321487cd3db5ac5be942015da9	salesinvoice.recycling@holcim.co.uk	Sales Invoice [Our Ref: 460370]	<6a1d9294.2a5a9061.2914ec.a6ddSMTPIN_ADDED_MISSING@mx.google.com>	2026-06-01 14:09:22+00	1.000	f	\N	COPY POD'S WILL BE CHARGABLE AT £4.00 EACH THIS CHARGE WILL BE ADDED TO THE ACCOUNT	2026-06-17 11:06:12.11906+00	2026-06-17 11:06:12.11906+00	\N	\N	invoice	\N	\N	\N	f	\N	unchecked	\N	\N
70c0851e-b5da-4c88-a033-c971db91b2fc	pending_review	H. Sivyer Transport LTD T/A Holcim UK	H. Sivyer Transport LTD T/A Holcim UK	460466	NA	2026-05-29	2026-05-31	30 DAYS EOM	MIXED CONSTRUCTION AND DEMOLITION WASTE	GBP	300.00	60.00	360.00	standard_20	Costs/2026/05/H. Sivyer Transport LTD T A Holcim UK/2026-05-29_H. Sivyer Transport LTD T A Holcim UK_460466.pdf	Invoice - 460466 - 2026-06-01.pdf	13681480d2fc74810ecc2adc6680a069404534925d5e8cac5556c5b062227352	salesinvoice.recycling@holcim.co.uk	Sales Invoice [Our Ref: 460466]	<6a1d91d0.ceb82a2b.2ca721.6e93SMTPIN_ADDED_MISSING@mx.google.com>	2026-06-01 14:06:07+00	1.000	f	\N	COPY POD'S WILL BE CHARGABLE AT £4.00 EACH THIS CHARGE WILL BE ADDED TO THE ACCOUNT. All Invoice Queries must be received by our Credit Control Dept within 14 days.	2026-06-17 11:06:59.97033+00	2026-06-17 11:06:59.97033+00	\N	\N	invoice	\N	\N	\N	f	\N	unchecked	\N	\N
3467bd12-efa4-4c4d-ad9c-1132b614b122	pending_review	Keyline Civils Specialist Limited	Keyline Civils Specialist Limited	1044709985	WORKINGHAM	2026-06-01	2026-07-31	NET MONTHLY	POLYPIPE 100MM X 6M RIDGIDRAIN PLAIN ENDED PERFORATED RD100X6PEP\nCASTING 100MM RODDING POINT CASTING FOR PLASTIC SYSTEMS ARP100P\nPOLYPIPE 100MMX100MM 45DEG RIDGIDRAIN JUNCTION\nPOLYPIPE 100MM X 45DEG RIDGIDRAIN BEND BRD100X45\nPOLYPIPE 100MM X 22.5DEG RIDGIDRAIN BEND BRD100X22.5\nPOLYPIPE 100MM BLACK COUPLER CRD100 RIDGIDRAIN	GBP	330.10	66.03	396.13	standard_20	Costs/2026/06/Keyline Civils Specialist Limited/2026-06-01_Keyline Civils Specialist Limited_1044709985.pdf	1044709985_1.pdf	8f251a8cbe66e5f32da28a0adf2883929a695ee7c67d5f4ee0028289b40b3d71	Keyline E-Billing <ebilling@keyline.co.uk>	(PR3955) Keyline Invoice (1044709985) Attached	<1568707419.141317.1780322192028@smtp.email.uk-london-1.oraclecloud.com>	2026-06-01 13:56:32+00	1.000	f	\N	\N	2026-06-17 11:07:19.198425+00	2026-06-17 11:07:19.198425+00	\N	\N	invoice	\N	\N	\N	f	\N	unchecked	\N	\N
8bcd6b28-e6c3-4880-84a1-9f17d63239ae	pending_review	GAP Group Ltd.	GAP Group Ltd.	417417261	CS4	2026-05-31	2026-05-31	30 days net (EOM)	Roller - 28in Walk Behind Single Drum Breaker; Key; Roller Trailer - Single Drum	GBP	434.72	86.94	521.66	standard_20	Costs/2026/05/GAP Group Ltd/2026-05-31_GAP Group Ltd._417367402_to_417440861_multi-16.pdf	EINV_CJBC0001_31052026.pdf	\N	GAP Group Ltd. <lhr@gap-group.co.uk>	GAP Invoice for CJBC0001	<01dcf1b9$Blat.v3.2.24$a443123a$a9e47daf@smtp.eu.mailgun.org>	2026-06-01 11:27:34+00	1.000	f	\N	Multi-invoice PDF (9 of 16)	2026-06-17 11:09:39.479559+00	2026-06-17 11:09:39.479559+00	\N	\N	invoice	\N	\N	\N	f	\N	unchecked	\N	\N
abd0ff86-f159-4927-9b50-0d0f2b06ae19	pending_review	Carboclass Ltd.	Carboclass Ltd.	12175435	08D04415	2026-05-22	2026-06-30	NA	238 PAVING SLAB BS 750 X 600 X 63MM C63 GREY (P17); 51 PAVING SLAB BS 600 X 600 X 63MM B63 GREY (P17); 68 D63 900X600X63 GR 17 (00729); 1 MOL	GBP	2799.17	559.83	3359.00	standard_20	Costs/2026/05/Carboclass Ltd/2026-05-22_Carboclass Ltd._12175435_12176720_multi-2.pdf	CJB001BI2175435_1.pdf	8a2306e46854260617ae0df8666708191c6841ea8344b84926a56346a2b13e5d	creditcontrol@lordsbm.co.uk	Lords Invoices CJB001	<6A1D8BE000005FEF0001.creditcontrol@lordsbm.co.uk>	2026-06-01 13:40:00+00	1.000	f	\N	The Title of these Goods shall not pass to the Purchaser until payment has been received in full. All Goods supplied are subject to our standard conditions of trading. A copy is available on request.\nMulti-invoice PDF (1 of 2)	2026-06-17 11:07:32.001103+00	2026-06-17 11:07:32.001103+00	\N	\N	invoice	\N	\N	\N	f	\N	unchecked	\N	\N
be31d104-7b71-4fde-832c-46b1b22f1308	pending_review	S MEEHAN PLANT HIRE LTD.	S MEEHAN PLANT HIRE LTD.	15000	NA	2026-05-28	2026-06-27	30 DAYS NET	WOOLWICH ROAD 5/5/2026\n1 DAY JCB\nTS INVOICE 20295	GBP	460.00	92.00	552.00	standard_20	Costs/2026/05/S MEEHAN PLANT HIRE LTD/2026-05-28_S MEEHAN PLANT HIRE LTD._15000.pdf	Invoice 15000 from S. MEEHAN PLANT HIRE LTD.pdf	18456dafeb8d96a3dfb0de01535b5daf8907ee74804594b7ab1aeffbffde0592	Sharon Meehan <sharon@smeehanplanthire.co.uk>	Invoice 15000 from S. MEEHAN PLANT HIRE LTD - 28/05/2026	<CWLP123MB382726F0CEA6879AC4676289E9152@CWLP123MB3827.GBRP123.PROD.OUTLOOK.COM>	2026-06-01 12:17:57+00	1.000	f	\N	\N	2026-06-17 11:08:27.706468+00	2026-06-17 11:08:27.706468+00	\N	\N	invoice	\N	\N	\N	f	\N	unchecked	\N	\N
e99c6d9b-30c8-43f7-a5d7-51dcd6ce4c8d	pending_review	GAP Group Ltd.	GAP Group Ltd.	417367402	CS4	2026-05-31	2026-05-31	30 days net (EOM)	Alloy Bow Shackle - 3.25t; Concrete Step Grab - 600kg; Swivel Drop Chain - 3.15t/1m/10mm	GBP	303.58	60.72	364.30	standard_20	Costs/2026/05/GAP Group Ltd/2026-05-31_GAP Group Ltd._417367402_to_417440861_multi-16.pdf	EINV_CJBC0001_31052026.pdf	5b9d090b6444bdc95058531c0408005674ac8fe3d13d80d727454ad0b1bc6d0e	GAP Group Ltd. <lhr@gap-group.co.uk>	GAP Invoice for CJBC0001	<01dcf1b9$Blat.v3.2.24$a443123a$a9e47daf@smtp.eu.mailgun.org>	2026-06-01 11:27:34+00	1.000	f	\N	Multi-invoice PDF (1 of 16)	2026-06-17 11:09:38.891453+00	2026-06-17 11:09:38.891453+00	\N	\N	invoice	\N	\N	\N	f	\N	unchecked	\N	\N
cdf33e80-c52e-4e4e-bbcb-8bab12396007	pending_review	GAP Group Ltd.	GAP Group Ltd.	417367428	CS4	2026-05-31	2026-05-31	30 days net (EOM)	Chain Sling - 3-4 Leg - 4.2t/3m/8mm	GBP	104.88	20.98	125.86	standard_20	Costs/2026/05/GAP Group Ltd/2026-05-31_GAP Group Ltd._417367402_to_417440861_multi-16.pdf	EINV_CJBC0001_31052026.pdf	\N	GAP Group Ltd. <lhr@gap-group.co.uk>	GAP Invoice for CJBC0001	<01dcf1b9$Blat.v3.2.24$a443123a$a9e47daf@smtp.eu.mailgun.org>	2026-06-01 11:27:34+00	1.000	f	\N	Multi-invoice PDF (2 of 16)	2026-06-17 11:09:38.980229+00	2026-06-17 11:09:38.980229+00	\N	\N	invoice	\N	\N	\N	f	\N	unchecked	\N	\N
3bcada40-86e5-4656-909f-da7362aa1c1f	pending_review	GAP Group Ltd.	GAP Group Ltd.	417367808	MARYLEBONE ROAD	2026-05-31	2026-05-31	30 days net (EOM)	Customer Own Transport - On Hire; Vacuum Slab Lifter - 150kg; Battery - Various; Battery Charger	GBP	79.20	15.84	95.04	standard_20	Costs/2026/05/GAP Group Ltd/2026-05-31_GAP Group Ltd._417367402_to_417440861_multi-16.pdf	EINV_CJBC0001_31052026.pdf	\N	GAP Group Ltd. <lhr@gap-group.co.uk>	GAP Invoice for CJBC0001	<01dcf1b9$Blat.v3.2.24$a443123a$a9e47daf@smtp.eu.mailgun.org>	2026-06-01 11:27:34+00	1.000	f	\N	Multi-invoice PDF (3 of 16)	2026-06-17 11:09:39.061423+00	2026-06-17 11:09:39.061423+00	\N	\N	invoice	\N	\N	\N	f	\N	unchecked	\N	\N
e3443337-d4a7-4e19-8c90-7a58c8147c8f	pending_review	GAP Group Ltd.	GAP Group Ltd.	417371907	CANNING TOWN	2026-05-31	2026-05-31	30 days net (EOM)	Road Plate - Anti Slip - 8ft x 4ft x 3/4in; Non Mech Delivery - 26T/HIAB - 11-15 Miles; Temporary Transport Surcharge	GBP	649.50	129.90	779.40	standard_20	Costs/2026/05/GAP Group Ltd/2026-05-31_GAP Group Ltd._417367402_to_417440861_multi-16.pdf	EINV_CJBC0001_31052026.pdf	\N	GAP Group Ltd. <lhr@gap-group.co.uk>	GAP Invoice for CJBC0001	<01dcf1b9$Blat.v3.2.24$a443123a$a9e47daf@smtp.eu.mailgun.org>	2026-06-01 11:27:34+00	1.000	f	\N	Multi-invoice PDF (4 of 16)	2026-06-17 11:09:39.145635+00	2026-06-17 11:09:39.145635+00	\N	\N	invoice	\N	\N	\N	f	\N	unchecked	\N	\N
d143aef8-fdae-47a8-a200-0172ccd97abc	pending_review	GAP Group Ltd.	GAP Group Ltd.	417385100	CS4	2026-05-31	2026-05-31	30 days net (EOM)	Rammer - 2 Stroke Petrol - BS60-2	GBP	79.42	15.88	95.30	standard_20	Costs/2026/05/GAP Group Ltd/2026-05-31_GAP Group Ltd._417367402_to_417440861_multi-16.pdf	EINV_CJBC0001_31052026.pdf	\N	GAP Group Ltd. <lhr@gap-group.co.uk>	GAP Invoice for CJBC0001	<01dcf1b9$Blat.v3.2.24$a443123a$a9e47daf@smtp.eu.mailgun.org>	2026-06-01 11:27:34+00	1.000	f	\N	Multi-invoice PDF (5 of 16)	2026-06-17 11:09:39.234156+00	2026-06-17 11:09:39.234156+00	\N	\N	invoice	\N	\N	\N	f	\N	unchecked	\N	\N
d126db55-5b67-4680-b222-ad55ef6b0e34	pending_review	GAP Group Ltd.	GAP Group Ltd.	417416988	CS4	2026-05-31	2026-05-31	30 days net (EOM)	Forward/Reverse Plate - Diesel - 2540; Floor Saw - Petrol - 18in	GBP	306.66	61.33	367.99	standard_20	Costs/2026/05/GAP Group Ltd/2026-05-31_GAP Group Ltd._417367402_to_417440861_multi-16.pdf	EINV_CJBC0001_31052026.pdf	\N	GAP Group Ltd. <lhr@gap-group.co.uk>	GAP Invoice for CJBC0001	<01dcf1b9$Blat.v3.2.24$a443123a$a9e47daf@smtp.eu.mailgun.org>	2026-06-01 11:27:34+00	1.000	f	\N	Multi-invoice PDF (6 of 16)	2026-06-17 11:09:39.296226+00	2026-06-17 11:09:39.296226+00	\N	\N	invoice	\N	\N	\N	f	\N	unchecked	\N	\N
da6e1651-97ed-4306-935d-980e00cf978b	pending_review	GAP Group Ltd.	GAP Group Ltd.	417417073	WOKINGHAM	2026-05-31	2026-05-31	30 days net (EOM)	Floor Saw - Petrol - 18in; Spanner	GBP	232.00	46.40	278.40	standard_20	Costs/2026/05/GAP Group Ltd/2026-05-31_GAP Group Ltd._417367402_to_417440861_multi-16.pdf	EINV_CJBC0001_31052026.pdf	\N	GAP Group Ltd. <lhr@gap-group.co.uk>	GAP Invoice for CJBC0001	<01dcf1b9$Blat.v3.2.24$a443123a$a9e47daf@smtp.eu.mailgun.org>	2026-06-01 11:27:34+00	1.000	f	\N	Multi-invoice PDF (7 of 16)	2026-06-17 11:09:39.349926+00	2026-06-17 11:09:39.349926+00	\N	\N	invoice	\N	\N	\N	f	\N	unchecked	\N	\N
a58307c7-bd0a-483d-a333-55934e5a6de9	pending_review	GAP Group Ltd.	GAP Group Ltd.	417417088	CS4	2026-05-31	2026-05-31	30 days net (EOM)	Floor Saw - Petrol - 18in; Spanner; Road Breaker - Petrol - 2 Stoke; Point; Chisel	GBP	456.00	91.20	547.20	standard_20	Costs/2026/05/GAP Group Ltd/2026-05-31_GAP Group Ltd._417367402_to_417440861_multi-16.pdf	EINV_CJBC0001_31052026.pdf	\N	GAP Group Ltd. <lhr@gap-group.co.uk>	GAP Invoice for CJBC0001	<01dcf1b9$Blat.v3.2.24$a443123a$a9e47daf@smtp.eu.mailgun.org>	2026-06-01 11:27:34+00	1.000	f	\N	Multi-invoice PDF (8 of 16)	2026-06-17 11:09:39.420783+00	2026-06-17 11:09:39.420783+00	\N	\N	invoice	\N	\N	\N	f	\N	unchecked	\N	\N
1620bf5c-e236-497c-9b2b-f9255032606f	pending_review	Carboclass Ltd.	Carboclass Ltd.	12176720	08D04455	2026-05-29	2026-06-30	\N	PRIORA 200X100X60 BUFF PV3800750 PER M2	GBP	3382.29	676.46	4058.75	standard_20	Costs/2026/05/Carboclass Ltd/2026-05-22_Carboclass Ltd._12175435_12176720_multi-2.pdf	CJB001BI2175435_1.pdf	\N	creditcontrol@lordsbm.co.uk	Lords Invoices CJB001	<6A1D8BE000005FEF0001.creditcontrol@lordsbm.co.uk>	2026-06-01 13:40:00+00	0.950	f	\N	Multi-invoice PDF (2 of 2) — restored after a failed rescan; totals may still be missing a page, awaiting a fresh Gemini rescan	2026-06-17 11:07:32.076173+00	2026-06-18 08:47:21.888132+00	\N	\N	invoice	\N	\N	\N	f	\N	unchecked	\N	\N
9840ca48-6563-422c-a446-ecbcf8dfaa28	pending_review	GAP Group Ltd.	GAP Group Ltd.	417418102	MARYLEBONE ROAD	2026-05-31	2026-05-31	30 days net (EOM)	Forced Action Mixer - Electric; Plant and Tool Delivery - Plant to 3.5T - 21+ Mile per Mile; Temporary Transport Surcharge	GBP	37.56	7.51	45.07	standard_20	Costs/2026/05/GAP Group Ltd/2026-05-31_GAP Group Ltd._417367402_to_417440861_multi-16.pdf	EINV_CJBC0001_31052026.pdf	\N	GAP Group Ltd. <lhr@gap-group.co.uk>	GAP Invoice for CJBC0001	<01dcf1b9$Blat.v3.2.24$a443123a$a9e47daf@smtp.eu.mailgun.org>	2026-06-01 11:27:34+00	1.000	f	\N	Multi-invoice PDF (10 of 16)	2026-06-17 11:09:39.5322+00	2026-06-17 11:09:39.5322+00	\N	\N	invoice	\N	\N	\N	f	\N	unchecked	\N	\N
92fc4854-26cd-4401-92aa-677a077c6cf4	pending_review	GAP Group Ltd.	GAP Group Ltd.	417440856	WOKINGHAM	2026-05-31	2026-05-31	30 days net (EOM)	Welfare Unit - Hybrid ECO - 16ft Open Plan	GBP	1092.00	218.40	1310.40	standard_20	Costs/2026/05/GAP Group Ltd/2026-05-31_GAP Group Ltd._417367402_to_417440861_multi-16.pdf	EINV_CJBC0001_31052026.pdf	\N	GAP Group Ltd. <lhr@gap-group.co.uk>	GAP Invoice for CJBC0001	<01dcf1b9$Blat.v3.2.24$a443123a$a9e47daf@smtp.eu.mailgun.org>	2026-06-01 11:27:34+00	1.000	f	\N	Multi-invoice PDF (15 of 16)	2026-06-17 11:09:39.768776+00	2026-06-17 11:09:39.768776+00	\N	\N	invoice	\N	\N	\N	f	\N	unchecked	\N	\N
d792d903-5186-49f9-967c-17cf9f7603b7	pending_review	Capital Concrete Ltd	Capital Concrete Ltd	41202213	ORDER NO PER COLLECTION	2026-05-31	2026-06-30	STRICTLY NETT MONTHLY	C25/30 SKIP CEMI 20 NO	GBP	215.20	43.04	258.24	standard_20	Costs/2026/05/Capital Concrete Ltd/2026-05-31_Capital Concrete Ltd_41202213.pdf	41202213.PDF	15105e2de063aaf164678404f1d7c24756a6cc3ae6423a5de1e2291a505cb60f	Statements & Invoices <Prism.User@brett.co.uk>	Invoice/Credit from Capital Concrete	<CWLP123MB1892678BB685366076755423D7152@CWLP123MB1892.GBRP123.PROD.OUTLOOK.COM>	2026-06-01 10:08:51+00	1.000	f	\N	\N	2026-06-17 11:09:58.35039+00	2026-06-17 11:09:58.35039+00	\N	\N	invoice	\N	\N	\N	f	\N	unchecked	\N	\N
3cfbc11b-33dc-432f-bb0c-a9200be1755e	pending_review	GAP Group Ltd.	GAP Group Ltd.	417434545	CS4	2026-05-31	2026-05-31	30 days net (EOM)	Signal Generator - CAT 4; Cat Detector - gCAT4+ - EN03	GBP	104.88	20.98	125.86	standard_20	Costs/2026/05/GAP Group Ltd/2026-05-31_GAP Group Ltd._417367402_to_417440861_multi-16.pdf	EINV_CJBC0001_31052026.pdf	\N	GAP Group Ltd. <lhr@gap-group.co.uk>	GAP Invoice for CJBC0001	<01dcf1b9$Blat.v3.2.24$a443123a$a9e47daf@smtp.eu.mailgun.org>	2026-06-01 11:27:34+00	1.000	f	\N	Multi-invoice PDF (11 of 16)	2026-06-17 11:09:39.575266+00	2026-06-17 11:09:39.575266+00	\N	\N	invoice	\N	\N	\N	f	\N	unchecked	\N	\N
5a54ffbc-1755-46b5-beb5-6d6e3ad7029f	pending_review	GAP Group Ltd.	GAP Group Ltd.	417440861	WOKINGHAM	2026-05-31	2026-05-31	30 days net (EOM)	Rehire Steel Security Store 8ft	GBP	50.40	10.08	60.48	standard_20	Costs/2026/05/GAP Group Ltd/2026-05-31_GAP Group Ltd._417367402_to_417440861_multi-16.pdf	EINV_CJBC0001_31052026.pdf	\N	GAP Group Ltd. <lhr@gap-group.co.uk>	GAP Invoice for CJBC0001	<01dcf1b9$Blat.v3.2.24$a443123a$a9e47daf@smtp.eu.mailgun.org>	2026-06-01 11:27:34+00	1.000	f	\N	Multi-invoice PDF (16 of 16)	2026-06-17 11:09:39.814584+00	2026-06-17 11:09:39.814584+00	\N	\N	invoice	\N	\N	\N	f	\N	unchecked	\N	\N
0779f04a-2f5a-4fcb-93c8-b1deb20055fe	pending_review	Capital Concrete Ltd	Capital Concrete Ltd	41202209	CS4	2026-05-31	2026-06-30	STRICTLY NETT MONTHLY	Part Load Charge	GBP	120.00	24.00	144.00	standard_20	Costs/2026/05/Capital Concrete Ltd/2026-05-31_Capital Concrete Ltd_41202209.pdf	41202209.PDF	c8185ecedfa7b7f18214940405aab2103844913e6f59138fff706a3c5b7f16a1	Statements & Invoices <Prism.User@brett.co.uk>	Invoice/Credit from Capital Concrete	<CWLP123MB1892678BB685366076755423D7152@CWLP123MB1892.GBRP123.PROD.OUTLOOK.COM>	2026-06-01 10:08:51+00	1.000	f	\N	\N	2026-06-17 11:10:23.679549+00	2026-06-17 11:10:23.679549+00	\N	\N	invoice	\N	\N	\N	f	\N	unchecked	\N	\N
ed3d512a-d8ab-407a-aea9-1a7d05d0df8f	pending_review	GAP Group Ltd.	GAP Group Ltd.	417434554	CS4	2026-05-31	2026-05-31	30 days net (EOM)	Signal Generator - CAT 4; Cat Detector - CAT4+ Datalogging Strike Alert and CALSafe; Precision Utility Locator	GBP	243.20	48.64	291.84	standard_20	Costs/2026/05/GAP Group Ltd/2026-05-31_GAP Group Ltd._417367402_to_417440861_multi-16.pdf	EINV_CJBC0001_31052026.pdf	\N	GAP Group Ltd. <lhr@gap-group.co.uk>	GAP Invoice for CJBC0001	<01dcf1b9$Blat.v3.2.24$a443123a$a9e47daf@smtp.eu.mailgun.org>	2026-06-01 11:27:34+00	1.000	f	\N	Multi-invoice PDF (12 of 16)	2026-06-17 11:09:39.633091+00	2026-06-17 11:09:39.633091+00	\N	\N	invoice	\N	\N	\N	f	\N	unchecked	\N	\N
fc04f36b-c06a-4123-9222-19cb692d0a66	pending_review	GAP Group Ltd.	GAP Group Ltd.	417434623	MARYLEBONE	2026-05-31	2026-05-31	30 days net (EOM)	Signal Generator - CAT 4; Precision Utility Locator	GBP	104.88	20.98	125.86	standard_20	Costs/2026/05/GAP Group Ltd/2026-05-31_GAP Group Ltd._417367402_to_417440861_multi-16.pdf	EINV_CJBC0001_31052026.pdf	\N	GAP Group Ltd. <lhr@gap-group.co.uk>	GAP Invoice for CJBC0001	<01dcf1b9$Blat.v3.2.24$a443123a$a9e47daf@smtp.eu.mailgun.org>	2026-06-01 11:27:34+00	1.000	f	\N	Multi-invoice PDF (13 of 16)	2026-06-17 11:09:39.677243+00	2026-06-17 11:09:39.677243+00	\N	\N	invoice	\N	\N	\N	f	\N	unchecked	\N	\N
c0be0d79-80f9-43b5-a93c-0e2c311196f2	pending_review	Capital Concrete Ltd	Capital Concrete Ltd	41202211	CS4	2026-05-31	2026-06-30	STRICTLY NETT MONTHLY	ST2 OSAND CIIIA 20 NO 240	GBP	384.00	76.80	460.80	standard_20	Costs/2026/05/Capital Concrete Ltd/2026-05-31_Capital Concrete Ltd_41202211.pdf	41202211.PDF	1a961d2188b559582eace30809f17acda24f8d04a17e7587b59849286940a8ac	Statements & Invoices <Prism.User@brett.co.uk>	Invoice/Credit from Capital Concrete	<CWLP123MB1892678BB685366076755423D7152@CWLP123MB1892.GBRP123.PROD.OUTLOOK.COM>	2026-06-01 10:08:51+00	1.000	f	\N	\N	2026-06-17 11:10:11.379467+00	2026-06-17 11:10:11.379467+00	\N	\N	invoice	\N	\N	\N	f	\N	unchecked	\N	\N
aa4bc3f5-f766-423c-aae6-991a836115b4	pending_review	GAP Group Ltd.	GAP Group Ltd.	417434625	WOKINGHAM	2026-05-31	2026-05-31	30 days net (EOM)	Precision Utility Locator; Signal Generator - CAT 4	GBP	104.88	20.98	125.86	standard_20	Costs/2026/05/GAP Group Ltd/2026-05-31_GAP Group Ltd._417367402_to_417440861_multi-16.pdf	EINV_CJBC0001_31052026.pdf	\N	GAP Group Ltd. <lhr@gap-group.co.uk>	GAP Invoice for CJBC0001	<01dcf1b9$Blat.v3.2.24$a443123a$a9e47daf@smtp.eu.mailgun.org>	2026-06-01 11:27:34+00	1.000	f	\N	Multi-invoice PDF (14 of 16)	2026-06-17 11:09:39.72533+00	2026-06-17 11:09:39.72533+00	\N	\N	invoice	\N	\N	\N	f	\N	unchecked	\N	\N
fe24d89c-aa37-4973-82b2-929674946aa2	pending_review	Capital Concrete Ltd	Capital Concrete Ltd	41202207	Canning Town Alex	2026-05-31	2026-06-30	STRICTLY NETT MONTHLY	Fuel Surcharge	GBP	8.00	1.60	9.60	standard_20	Costs/2026/05/Capital Concrete Ltd/2026-05-31_Capital Concrete Ltd_41202207.pdf	41202207.PDF	b4ad4cf2a39ba3f59ee39a079a2ea1c1e6782dfbde25461c97b78e0be2d2ee38	Statements & Invoices <Prism.User@brett.co.uk>	Invoice/Credit from Capital Concrete	<CWLP123MB1892678BB685366076755423D7152@CWLP123MB1892.GBRP123.PROD.OUTLOOK.COM>	2026-06-01 10:08:51+00	1.000	f	\N	\N	2026-06-17 11:09:51.441285+00	2026-06-17 11:09:51.441285+00	\N	\N	invoice	\N	\N	\N	f	\N	unchecked	\N	\N
1728f6e3-42c1-444c-9b49-ba5686f89b02	pending_review	Capital Concrete Ltd	Capital Concrete Ltd	41202212	ORDER NO PER COLLECTION	2026-05-31	2026-06-30	STRICTLY NETT MONTHLY	Fuel Surcharge	GBP	2.00	0.40	2.40	standard_20	Costs/2026/05/Capital Concrete Ltd/2026-05-31_Capital Concrete Ltd_41202212.pdf	41202212.PDF	924a0f85ff26ccdb49f7563891c3c7dcfbdda70ab0b00384fdec611258f75f79	Statements & Invoices <Prism.User@brett.co.uk>	Invoice/Credit from Capital Concrete	<CWLP123MB1892678BB685366076755423D7152@CWLP123MB1892.GBRP123.PROD.OUTLOOK.COM>	2026-06-01 10:08:51+00	1.000	f	\N	\N	2026-06-17 11:10:03.93656+00	2026-06-17 11:10:03.93656+00	\N	\N	invoice	\N	\N	\N	f	\N	unchecked	\N	\N
4bba17f8-2b20-457e-816b-69d0100e29b0	pending_review	Capital Concrete Ltd	Capital Concrete Ltd	41202210	CS4	2026-05-31	2026-06-30	STRICTLY NETT MONTHLY	Fuel Surcharge	GBP	4.00	0.80	4.80	standard_20	Costs/2026/05/Capital Concrete Ltd/2026-05-31_Capital Concrete Ltd_41202210.pdf	41202210.PDF	106ac2c920c2db09190d3026b8e9836517515e4a4d8213e540e0ac5dabc9d045	Statements & Invoices <Prism.User@brett.co.uk>	Invoice/Credit from Capital Concrete	<CWLP123MB1892678BB685366076755423D7152@CWLP123MB1892.GBRP123.PROD.OUTLOOK.COM>	2026-06-01 10:08:51+00	1.000	f	\N	\N	2026-06-17 11:10:17.847776+00	2026-06-17 11:10:17.847776+00	\N	\N	invoice	\N	\N	\N	f	\N	unchecked	\N	\N
be526bbe-61cd-499a-bb4c-1d448478c7ce	pending_review	Capital Concrete Ltd	Capital Concrete Ltd	41202208	Canning Town Alex	2026-05-31	2026-06-30	STRICTLY NETT MONTHLY	C25/30 SKIP CIIIA 20 SP\nPolypropylene Fibres	GBP	880.00	176.00	1056.00	standard_20	Costs/2026/05/Capital Concrete Ltd/2026-05-31_Capital Concrete Ltd_41202208.pdf	41202208.PDF	8fa9d5d6643e328ccb5570c34eb0c9b317398eae7fb057d2e4e3c792c852344c	Statements & Invoices <Prism.User@brett.co.uk>	Invoice/Credit from Capital Concrete	<CWLP123MB1892678BB685366076755423D7152@CWLP123MB1892.GBRP123.PROD.OUTLOOK.COM>	2026-06-01 10:08:51+00	1.000	f	\N	\N	2026-06-17 11:10:30.837493+00	2026-06-17 11:10:30.837493+00	\N	\N	invoice	\N	\N	\N	f	\N	unchecked	\N	\N
232c2951-c22c-4f55-89e1-b3547cc5c995	pending_review	iMix Concrete Ltd	iMix Concrete Ltd	515606	NA	2026-05-07	2026-06-06	30 days (NET)	C30	GBP	678.90	135.78	814.68	standard_20	Costs/2026/05/iMix Concrete Ltd/2026-05-07_iMix Concrete Ltd_515606.pdf	iMix-Concrete-multiple-pages-20.pdf	6bcf44277492762602b644d03079d29ff00a38c146abd414decf4cdc861bd9f1	Accounts <Accounts@imixconcrete.co.uk>	FW: CJB Civil - Invoices	<LO7P123MB84076EE86258D452EAC04677E8122@LO7P123MB8407.GBRP123.PROD.OUTLOOK.COM>	2026-06-02 10:44:47+00	1.000	f	\N	All invoice queries must be sent via email to accounts@imixconcrete.co.uk within 7 days from date of invoice. For any account queries please contact our accounts department on 0800 688 9411. Time allowed on site: No waiting time will be charged for the first 30 minutes on site, waiting time applies thereafter unless otherwise agreed prior to delivery. iMix Concrete Ltd reserves the right to charge for any detention in excess of any pre arranged amount. This sale is subject to our terms and conditions available on our website.	2026-06-17 11:51:07.271165+00	2026-06-17 11:51:07.271165+00	\N	\N	invoice	\N	\N	\N	f	\N	unchecked	\N	\N
3ee33d73-5380-43cf-907a-d10bc9b8b29a	pending_review	iMix Concrete Ltd	iMix Concrete Ltd	515957	123656	2026-05-29	2026-06-28	30 days (NET)	C30\nFuel Surcharge	GBP	1041.50	208.30	1249.80	standard_20	Costs/2026/05/iMix Concrete Ltd/2026-05-29_iMix Concrete Ltd_515957.pdf	iMix-Concrete-multiple-pages-3.pdf	b8d2b2b89379694be68997425c9030e51c2a0578fa774f5047a43c6160195a7a	Accounts <Accounts@imixconcrete.co.uk>	FW: CJB Civil - Invoices	<LO7P123MB84076EE86258D452EAC04677E8122@LO7P123MB8407.GBRP123.PROD.OUTLOOK.COM>	2026-06-02 10:44:47+00	1.000	f	\N	All invoice queries must be sent via email to accounts@imixconcrete.co.uk within 7 days from date of invoice. For any account queries please contact our accounts department on 0800 688 9411. Time allowed on site: No waiting time will be charged for the first 30 minutes on site, waiting time applies thereafter unless otherwise agreed prior to delivery. iMix Concrete Ltd reserves the right to charge for any detention in excess of any pre arranged amount.	2026-06-17 11:51:39.282852+00	2026-06-17 11:51:39.282852+00	\N	\N	invoice	\N	\N	\N	f	\N	unchecked	\N	\N
91f42612-c77d-4cc2-9289-9f1943012035	pending_review	iMix Concrete Ltd	iMix Concrete Ltd	515891	NA	2026-05-23	2026-06-22	30 days (NET)	C30 (8.5 units)\nFuel Surcharge (1 unit)\nRequested Amount: 8m\nType: C30 CEM1 (52.5N) 20mm	GBP	984.75	196.95	1181.70	standard_20	Costs/2026/05/iMix Concrete Ltd/2026-05-23_iMix Concrete Ltd_515891.pdf	iMix-Concrete-multiple-pages-7.pdf	6a686de7f74b41498f59cca67106f05af77ec9d62d3ec5b1ef42e9c90c6dbe66	Accounts <Accounts@imixconcrete.co.uk>	FW: CJB Civil - Invoices	<LO7P123MB84076EE86258D452EAC04677E8122@LO7P123MB8407.GBRP123.PROD.OUTLOOK.COM>	2026-06-02 10:44:47+00	1.000	f	\N	All invoice queries must be sent via email to accounts@imixconcrete.co.uk within 7 days from date of invoice. For any account queries please contact our accounts department on 0800 688 9411. Time allowed on site: No waiting time will be charged for the first 30 minutes on site, waiting time applies thereafter unless otherwise agreed prior to delivery. iMix Concrete Ltd reserves the right to charge for any detention in excess of any pre arranged amount. This sale is subject to our terms and conditions available on our website.	2026-06-17 11:52:06.368546+00	2026-06-17 11:52:06.368546+00	\N	\N	invoice	\N	\N	\N	f	\N	unchecked	\N	\N
13336593-4e3e-4d80-934d-7adc1295ede3	pending_review	iMix Concrete Ltd	iMix Concrete Ltd	515781	NA	2026-05-18	2026-06-17	30 days (NET)	C30	GBP	624.25	124.85	749.10	standard_20	Costs/2026/05/iMix Concrete Ltd/2026-05-18_iMix Concrete Ltd_515781.pdf	iMix-Concrete-multiple-pages-1.pdf	65a957b0c473e4ef56979554b1c4a08d350c671ba888636addfc7a5bcc9b43a2	Accounts <Accounts@imixconcrete.co.uk>	FW: CJB Civil - Invoices	<LO7P123MB84076EE86258D452EAC04677E8122@LO7P123MB8407.GBRP123.PROD.OUTLOOK.COM>	2026-06-02 10:44:47+00	1.000	f	\N	All invoice queries must be sent via email to accounts@imixconcrete.co.uk within 7 days from date of invoice. For any account queries please contact our accounts department on 0800 688 9411. Time allowed on site: No waiting time will be charged for the first 30 minutes on site, waiting time applies thereafter unless otherwise agreed prior to delivery. iMix Concrete Ltd reserves the right to charge for any detention in excess of any pre arranged amount. This sale is subject to our terms and conditions available on our website.	2026-06-17 11:51:24.415037+00	2026-06-17 11:51:24.415037+00	\N	\N	invoice	\N	\N	\N	f	\N	unchecked	\N	\N
30684e41-138a-4397-bba2-8a45278294fa	pending_review	iMix Concrete Ltd	iMix Concrete Ltd	515636	123264	2026-05-08	2026-06-07	30 days (NET)	C30	GBP	792.05	158.41	950.46	standard_20	Costs/2026/05/iMix Concrete Ltd/2026-05-08_iMix Concrete Ltd_515636.pdf	iMix-Concrete-multiple-pages-19.pdf	c28fe1b806692e221ad5802a0c73bc4543514b9ceeae3712f98735b27b1e912e	Accounts <Accounts@imixconcrete.co.uk>	FW: CJB Civil - Invoices	<LO7P123MB84076EE86258D452EAC04677E8122@LO7P123MB8407.GBRP123.PROD.OUTLOOK.COM>	2026-06-02 10:44:47+00	1.000	f	\N	\N	2026-06-17 11:50:59.397153+00	2026-06-17 11:50:59.397153+00	\N	\N	invoice	\N	\N	\N	f	\N	unchecked	\N	\N
289e4b6f-0e9d-4f6c-b210-3c77d387dff7	pending_review	iMix Concrete Ltd	iMix Concrete Ltd	515588	NA	2026-05-06	2026-06-05	30 days (NET)	C30	GBP	1131.50	226.30	1357.80	standard_20	Costs/2026/05/iMix Concrete Ltd/2026-05-06_iMix Concrete Ltd_515588.pdf	iMix-Concrete-multiple-pages-21.pdf	31b0d75b72b950d4b0a86a2f7fe5b50d88684f061fe43936e4eda6ae89b51344	Accounts <Accounts@imixconcrete.co.uk>	FW: CJB Civil - Invoices	<LO7P123MB84076EE86258D452EAC04677E8122@LO7P123MB8407.GBRP123.PROD.OUTLOOK.COM>	2026-06-02 10:44:47+00	1.000	f	\N	All invoice queries must be sent via email to accounts@imixconcrete.co.uk within 7 days from date of invoice. For any account queries please contact our accounts department on 0800 688 9411. Time allowed on site: No waiting time will be charged for the first 30 minutes on site, waiting time applies thereafter unless otherwise agreed prior to delivery. iMix Concrete Ltd reserves the right to charge for any detention in excess of any pre arranged amount. This sale is subject to our terms and conditions available on our website.	2026-06-17 11:51:16.02614+00	2026-06-17 11:51:16.02614+00	\N	\N	invoice	\N	\N	\N	f	\N	unchecked	\N	\N
5448b384-f025-4a4d-b931-ae811db14805	pending_review	iMix Concrete Ltd	iMix Concrete Ltd	515921	NA	2026-05-27	2026-06-26	30 days (NET)	C30\nFuel Surcharge	GBP	395.00	79.00	474.00	standard_20	Costs/2026/05/iMix Concrete Ltd/2026-05-27_iMix Concrete Ltd_515921.pdf	iMix-Concrete-multiple-pages-2.pdf	1c1926384c9295336bfd2e015f69c8f897dcc0942b677a57c45f26d8e0506c5b	Accounts <Accounts@imixconcrete.co.uk>	FW: CJB Civil - Invoices	<LO7P123MB84076EE86258D452EAC04677E8122@LO7P123MB8407.GBRP123.PROD.OUTLOOK.COM>	2026-06-02 10:44:47+00	1.000	f	\N	All invoice queries must be sent via email to accounts@imixconcrete.co.uk within 7 days from date of invoice. For any account queries please contact our accounts department on 0800 688 9411. Time allowed on site: No waiting time will be charged for the first 30 minutes on site, waiting time applies thereafter unless otherwise agreed prior to delivery. iMix Concrete Ltd reserves the right to charge for any detention in excess of any pre arranged amount. This sale is subject to our terms and conditions available on our website.	2026-06-17 11:51:33.261064+00	2026-06-17 11:51:33.261064+00	\N	\N	invoice	\N	\N	\N	f	\N	unchecked	\N	\N
fcb9c03c-5284-422e-8b96-703d997cb9e3	pending_review	iMix Concrete Ltd	iMix Concrete Ltd	515937	NA	2026-05-28	2026-06-27	30 days (NET)	C30\nWaiting Time (exceeded by 36 mins)\nFuel Surcharge	GBP	1238.35	247.67	1486.02	standard_20	Costs/2026/05/iMix Concrete Ltd/2026-05-28_iMix Concrete Ltd_515937.pdf	iMix-Concrete-multiple-pages-4.pdf	e4f40ff6a76a613f27f6b403b07ae11b25a67dec06dce7a552f04150c1d8c27d	Accounts <Accounts@imixconcrete.co.uk>	FW: CJB Civil - Invoices	<LO7P123MB84076EE86258D452EAC04677E8122@LO7P123MB8407.GBRP123.PROD.OUTLOOK.COM>	2026-06-02 10:44:47+00	1.000	f	\N	\N	2026-06-17 11:51:44.589563+00	2026-06-17 11:51:44.589563+00	\N	\N	invoice	\N	\N	\N	f	\N	unchecked	\N	\N
a45377ea-3330-48b4-ab55-5b49dcdce499	pending_review	iMix Concrete Ltd	iMix Concrete Ltd	515913	NA	2026-05-27	2026-06-26	30 days (NET)	C30\nFuel Surcharge	GBP	395.00	79.00	474.00	standard_20	Costs/2026/05/iMix Concrete Ltd/2026-05-27_iMix Concrete Ltd_515913.pdf	iMix-Concrete-multiple-pages-5.pdf	8c25c2309a2c44263716d9a7b1c489b9b0ba0df74fa45e90277e91862de36a83	Accounts <Accounts@imixconcrete.co.uk>	FW: CJB Civil - Invoices	<LO7P123MB84076EE86258D452EAC04677E8122@LO7P123MB8407.GBRP123.PROD.OUTLOOK.COM>	2026-06-02 10:44:47+00	1.000	f	\N	All invoice queries must be sent via email to accounts@imixconcrete.co.uk within 7 days from date of invoice. For any account queries please contact our accounts department on 0800 688 9411. Time allowed on site: No waiting time will be charged for the first 30 minutes on site, waiting time applies thereafter unless otherwise agreed prior to delivery. iMix Concrete Ltd reserves the right to charge for any detention in excess of any pre arranged amount.	2026-06-17 11:51:50.487196+00	2026-06-17 11:51:50.487196+00	\N	\N	invoice	\N	\N	\N	f	\N	unchecked	\N	\N
a949f12c-8869-428d-b00f-0516c400f5df	pending_review	iMix Concrete Ltd	iMix Concrete Ltd	515901	NA	2026-05-26	2026-06-25	30 days (NET)	C30, Fuel Surcharge	GBP	133.50	26.70	160.20	standard_20	Costs/2026/05/iMix Concrete Ltd/2026-05-26_iMix Concrete Ltd_515901.pdf	iMix-Concrete-multiple-pages-6.pdf	7b6c264b6d7a8a6a128f2e718cfab5673c27ab68582e6c278fa615e32cc5ef79	Accounts <Accounts@imixconcrete.co.uk>	FW: CJB Civil - Invoices	<LO7P123MB84076EE86258D452EAC04677E8122@LO7P123MB8407.GBRP123.PROD.OUTLOOK.COM>	2026-06-02 10:44:47+00	1.000	f	\N	All invoice queries must be sent via email to accounts@imixconcrete.co.uk within 7 days from date of invoice. For any account queries please contact our accounts department on 0800 688 9411. Time allowed on site: No waiting time will be charged for the first 30 minutes on site, waiting time applies thereafter unless otherwise agreed prior to delivery. iMix Concrete Ltd reserves the right to charge for any detention in excess of any pre arranged amount.	2026-06-17 11:51:57.804212+00	2026-06-17 11:51:57.804212+00	\N	\N	invoice	\N	\N	\N	f	\N	unchecked	\N	\N
80a18963-d5d2-4707-bf6b-cc07fb2c8b5b	pending_review	Hanson Quarry Products Europe Limited	Hanson Quarry Products Europe Limited	2032236198	Wokingham	2026-06-17	2026-07-28	\N	Type 1 Limestone (15.660 TO @ 22.87)\nType 1 Limestone (7.640 TO @ 22.87)\nType 1 Limestone (7.880 TO @ 22.87)	GBP	713.09	142.62	855.71	standard_20	Costs/2026/06/Hanson Quarry Products Europe Limited/2026-06-17_Hanson Quarry Products Europe Limited_2032236198.pdf	0019460821_20189_G_1.pdf	c5be35fe7c5325c74fa598eecb3e088ed624abdf03048b486fe9d7f09ea6df2c	<noreply_edi@hanson.biz>	Hanson Aggregates - 0019460821 - CJB Civil Engineering Ltd	<5b3243d4-6169-418d-893e-985f4860d1d9@GRPSEFRAN1531.grouphc.net>	2026-06-19 15:31:19+00	0.950	f	\N	\N	2026-06-19 17:30:34.673883+00	2026-06-21 02:04:59.238764+00	\N	\N	invoice	\N	\N	\N	f	\N	unchecked	\N	\N
7ce7d95c-3009-4968-9bfc-cac8fa70e659	pending_review	iMix Concrete Ltd	iMix Concrete Ltd	515870	NA	2026-05-22	2026-06-21	30 days (NET)	C30\nFuel Surcharge	GBP	1041.50	208.30	1249.80	standard_20	Costs/2026/05/iMix Concrete Ltd/2026-05-22_iMix Concrete Ltd_515870.pdf	iMix-Concrete-multiple-pages-8.pdf	486fa49bc30f2f1fb253f6845cefaf008cd40d93a312f0665f9d83de811cfc60	Accounts <Accounts@imixconcrete.co.uk>	FW: CJB Civil - Invoices	<LO7P123MB84076EE86258D452EAC04677E8122@LO7P123MB8407.GBRP123.PROD.OUTLOOK.COM>	2026-06-02 10:44:47+00	1.000	f	\N	All invoice queries must be sent via email to accounts@imixconcrete.co.uk within 7 days from date of invoice. For any account queries please contact our accounts department on 0800 688 9411. Time allowed on site: No waiting time will be charged for the first 30 minutes on site, waiting time applies thereafter unless otherwise agreed prior to delivery. iMix Concrete Ltd reserves the right to charge for any detention in excess of any pre arranged amount. This sale is subject to our terms and conditions available on our website.	2026-06-17 11:52:13.508639+00	2026-06-17 11:52:13.508639+00	\N	\N	invoice	\N	\N	\N	f	\N	unchecked	\N	\N
4086afb3-6596-490f-af04-04e1a62a9eed	pending_review	P F Cusack (Tools Supplies) Ltd	P F Cusack (Tools Supplies) Ltd	0001738199	0001545581	2026-06-02	2026-07-31	NETT MONTHLY	Oxford Strongwall BASE	GBP	1640.00	328.00	1968.00	standard_20	Costs/2026/06/P F Cusack (Tools Supplies) Ltd/2026-06-02_P F Cusack (Tools Supplies) Ltd_0001738199.pdf	Invoice 0001738199.PDF	1e36a5fa30d351cd60599d2d0c829a8068743d4eefc67efa9ca2b95e26019866	Susan Madden <SMadden@cusack.co.uk>	Invoice 0001738199 from PF Cusack (Tool Supplies) Ltd	<LOAP123MB85096CDA64BF08A5E873325B90122@LOAP123MB8509.GBRP123.PROD.OUTLOOK.COM>	2026-06-02 10:43:17+00	1.000	f	\N	ALL SIGNS MANUFACTURED IN ACCORDANCE TO NATIONAL HIGHWAY SECTOR SCHEME 9a	2026-06-17 11:52:42.375439+00	2026-06-17 11:52:42.375439+00	\N	\N	invoice	\N	\N	\N	f	\N	unchecked	\N	\N
6af375d9-c3c5-4a0e-8db0-d97e5463966d	pending_review	George Killoughery LTD	George Killoughery LTD	92479	CS4	2026-05-29	2026-06-28	Strictly 30 Days	12 Yard Skip	GBP	330.00	66.00	396.00	standard_20	Costs/2026/05/George Killoughery LTD/2026-05-29_George Killoughery LTD_92479.pdf	GK-C0080-92479.pdf	f730e92078a8ff398840aa73c8960fdb0ab4cf81ac1543a03501cff38607a7d6	George Killoughery <accounts@killoughery.co.uk>	Invoice attached - 92479	<7e00630e-ef45-43c8-a3dd-9f2b5febbb35@smtp.office365.com>	2026-06-02 08:03:21+00	1.000	f	\N	\N	2026-06-17 11:52:50.935763+00	2026-06-17 11:52:50.935763+00	\N	\N	invoice	\N	\N	\N	f	\N	unchecked	\N	\N
3c1e41a7-5bec-4f23-ae21-e3da05da0062	pending_review	Carboclass Ltd.	Carboclass Ltd.	12177330	08D04438	2026-06-01	2026-07-31	NA	CYC TACT 400X400X50 BF 34 (46888)Small Load ChargeMOL	GBP	2986.00	597.20	3583.20	standard_20	Costs/2026/06/Carboclass Ltd/2026-06-01_Carboclass Ltd._12177330.pdf	CJB001BI2177330_1.pdf	22be6d67c87ae48113828ba1777b93ac8d865f1c6fdef7f3695f9b03ee200cc0	creditcontrol@lordsbm.co.uk	Lords Invoices CJB001	<6A1E8838000068230001.creditcontrol@lordsbm.co.uk>	2026-06-02 07:37:00+00	1.000	f	\N	\N	2026-06-17 11:53:14.00823+00	2026-06-17 11:53:14.00823+00	\N	\N	invoice	\N	\N	\N	f	\N	unchecked	\N	\N
46f5d333-cd07-4e0a-91d0-6fdcdece5d6b	pending_review	FM Conway Ltd	FM Conway Ltd	926335	NA	2026-06-01	2026-07-30	EOM +30	AC 20 Dense Bin 70/100 LS	GBP	259.94	51.99	311.93	standard_20	Costs/2026/06/FM Conway Ltd/2026-06-01_FM Conway Ltd_926335.pdf	926335_20181.pdf	39d8e1205d345062b71e80e5196e19963ccc8c1394a99e037689a9fa13a06ac5	aacreditcontrol@fmconway.co.uk	FM Conway Ltd. Invoice Number 926335	<828952607.61.1780369566036@smtp.office365.com>	2026-06-02 03:06:05+00	1.000	f	\N	Any query to be advised within 14 days to aacreditcontrol@fmconway.co.uk. For BACS payments please quote our Invoice number. Bank: Coutts Bank, Sort Code: 180002, Account: 07426585. All sales are subject to our standard terms and conditions which are available on request.	2026-06-17 11:53:30.510101+00	2026-06-17 11:53:30.510101+00	\N	\N	invoice	\N	\N	\N	f	\N	unchecked	\N	\N
db5fac3a-967e-4de3-800a-299eb37214bf	pending_review	iMix Concrete Ltd	iMix Concrete Ltd	516226	NA	2026-06-16	2026-07-16	30 days (NET)	C30\nFuel Surcharge	GBP	928.00	185.60	1113.60	standard_20	Costs/2026/06/iMix Concrete Ltd/2026-06-16_iMix Concrete Ltd_516226.pdf	A463E24C81955051A8FDD7AF0E9C9BFE.pdf	c2d162a6feac47bc58bb66f7f1ab026722c77918ba9bf8922989911f84c9876c	iMix Concrete <imix@aggsmart.co.uk>	iMix Concrete Invoice #516226	<b2f4c3b1-ff33-49cf-b414-6c932a7ce449@mtasv.net>	2026-06-17 12:07:47+00	1.000	f	\N	\N	2026-06-17 13:31:49.091443+00	2026-06-17 13:31:49.091443+00	\N	\N	invoice	\N	\N	\N	f	\N	unchecked	\N	\N
45ad4714-2e8d-4b78-810a-eb6dc87f5a70	pending_review	H. Sivyer Transport LTD T/A Holcim UK	H. Sivyer Transport LTD T/A Holcim UK	462089	NA	2026-06-16	2026-06-30	30 DAYS EOM	SHARP WASHED SAND	GBP	389.50	77.90	467.40	standard_20	Costs/2026/06/H. Sivyer Transport LTD T A Holcim UK/2026-06-16_H. Sivyer Transport LTD T A Holcim UK_462089.pdf	Invoice - 462089 - 2026-06-17.pdf	4d6f1728984cfcf41be90e0ae59bfc822a59e643c0a0f72d641a349854e81d14	salesinvoice.recycling@holcim.co.uk	Sales Invoice [Our Ref: 462089]	<6a32b0e2.e0fd0490.4dbea.c2ddSMTPIN_ADDED_MISSING@mx.google.com>	2026-06-17 14:36:16+00	1.000	f	\N	COPY POD'S WILL BE CHARGABLE AT \n\n\n£4.00 EACH THIS CHARGE WILL BE ADDED TO THE ACCOUNT	2026-06-17 15:30:25.840174+00	2026-06-17 15:30:25.840174+00	\N	\N	invoice	\N	\N	\N	f	\N	unchecked	\N	\N
96d25abe-4ef7-4087-b9cd-f82812336d60	pending_review	Hanson Quarry Products Europe Limited	Hanson Quarry Products Europe Limited	2032228217	A24 Merington Way	2026-06-13	2026-07-28	\N	Out of Hours Delivery	GBP	10.50	2.10	12.60	standard_20	Costs/2026/06/Hanson Quarry Products Europe Limited/2026-06-13_Hanson Quarry Products Europe Limited_2032228217_2032228218.pdf	0019460821_20189_G_1.pdf	cdcfc87a7c9e0e108e812ced4e8962b9c5227f87dc88ea61e978230bb2f2812d	<noreply_edi@hanson.biz>	Hanson Aggregates - 0019460821 - CJB Civil Engineering Ltd	<5a848c85-0df7-4265-8e78-d41afde6861a@GRPSEFRAN1532.grouphc.net>	2026-06-17 14:34:10+00	0.950	f	\N	AGGREGATES TAX IS INCLUDED AT THE PREVAILING RATE WHERE APPROPRIATE. Please refer queries to: Heidelberg Materials UK Quarry Products PO Box 1828 - BS37 6WA Tel: 0330 123 9055 E-mail: customer.accounts@uk.heidelbergmaterials.com. Hanson Quarry Products Europe Ltd standard conditions of sale apply to this order, a copy of which can be obtained from www.heidelbergmaterials.co.uk. Heidelberg Materials UK Quarry Products is a trading name of Hanson Quarry Products Europe Limited, a private limited company incorporated in England and Wales with registered number 00300002 and with registered address Second Floor, Arena Court, Crown Lane, Maidenhead, Berkshire SL6 8QZ. Hanson Quarry Products Europe Limited is a member of the group headed by Heidelberg Materials AG.\nMulti-invoice PDF (1 of 2)	2026-06-17 15:30:55.948812+00	2026-06-19 18:17:42.44591+00	\N	\N	invoice	\N	\N	\N	f	\N	unchecked	\N	\N
77ff4a15-6e8b-4810-9eab-c82389106d05	pending_review	Keyline Civils Specialist Limited	Keyline Civils Specialist Limited	1045785581	CS4	2026-06-17	2026-07-31	NET MONTHLY	BS CONCRETE TRANSITION KERB 125X255 HALF BATTERED-BULLNOSE LEFT HAND TL.\nCONCRETE KERB BULLNOSED 305X255MM QUADRANT QBN	GBP	51.63	10.33	61.96	standard_20	Costs/2026/06/Keyline Civils Specialist Limited/2026-06-17_Keyline Civils Specialist Limited_1045785581.pdf	1045785581_1.pdf	d51973b4438dd44bdd916d13cbd3e1cca60093e88b6929d24652f4279b9aa382	Keyline E-Billing <ebilling@keyline.co.uk>	(PR3955) Keyline Invoice (1045785581) Attached	<1846746742.473674.1781721657923@smtp.email.uk-london-1.oraclecloud.com>	2026-06-17 18:40:57+00	1.000	f	\N	\N	2026-06-17 19:30:32.921194+00	2026-06-17 19:30:32.921194+00	\N	\N	invoice	\N	\N	\N	f	\N	unchecked	\N	\N
9f177aad-f81e-403b-9670-cff57f59216f	pending_review	Keyline Civils Specialist Limited	Keyline Civils Specialist Limited	1045785580	CS4 ROUND ABOUT	2026-06-17	2026-07-31	NET MONTHLY	BS CONCRETE KERB BULL NOSED 125 X 255 X 915MM BULL NOSE RK0350000\nBS CONCRETE QUADRANT 305X255 QHB RK4720000\nBS CONCRETE KERB HALF BATTERED 125x255x915MM HB2 RK0300000	GBP	86.10	17.22	103.32	standard_20	Costs/2026/06/Keyline Civils Specialist Limited/2026-06-17_Keyline Civils Specialist Limited_1045785580.pdf	1045785580_1.pdf	9dbc483965c3a2a45f88563b457bf0d5bb7f669be8b4029c325596a6df649ce6	Keyline E-Billing <ebilling@keyline.co.uk>	(PR3955) Keyline Invoice (1045785580) Attached	<897531559.473672.1781721657319@smtp.email.uk-london-1.oraclecloud.com>	2026-06-17 18:40:57+00	1.000	f	\N	\N	2026-06-17 19:30:41.194428+00	2026-06-17 19:30:41.194428+00	\N	\N	invoice	\N	\N	\N	f	\N	unchecked	\N	\N
8923dfe5-e747-4dc9-8dbf-f0683c53395b	pending_review	Travis Perkins Trading Company Ltd	Travis Perkins Trading Company Ltd	1045786367	CANNING TOWN FIRE STATION	2026-06-17	2026-07-31	NET MONTHLY	ROM CONCRETE REINFORCEMENT STEEL FABRIC A142 SAFETY 2.42MX1.22M\nC16 KILN DRIED REGULARISED TIMBER TREATED 47X75MMX2.4M\nULTI-MATE STICK-FIT WOODSCREWS 5.0 X 90 MM (ZINC & YELLOW) 100\nBUILDERS TUB BLACK 40L.	GBP	199.68	39.94	239.62	standard_20	Costs/2026/06/Travis Perkins Trading Company Ltd/2026-06-17_Travis Perkins Trading Company Ltd_1045786367.pdf	1045786367_1.pdf	272bf975d5230f2f45aa182269f68ee950bd87799e3ce67cd860c02d5615f92a	TP E-Billing <ebilling@travisperkins.co.uk>	(HT5272) TP Invoice (1045786367) Attached	<1136616661.493361.1781721444478@smtp.email.uk-london-1.oraclecloud.com>	2026-06-17 18:37:24+00	1.000	f	\N	PEFC marked products are 70% PEFC Certified - INT-PEFC-COC-002744	2026-06-17 19:30:48.510076+00	2026-06-17 19:30:48.510076+00	\N	\N	invoice	\N	\N	\N	f	\N	unchecked	\N	\N
48a2a778-8f26-4a19-815e-aa6f5c241188	pending_review	Tarmac Trading Limited	Tarmac Trading Limited	9051252395	294744	2026-06-15	2026-07-31	Net Monthly	AC 20 DENSE BIN 100/150 DES (EN13108-1) CS4\nAC 20 DENSE BIN 100/150 DES (EN13108-1) CS4	GBP	255.79	51.15	306.94	standard_20	Costs/2026/06/Tarmac Trading Limited/2026-06-15_Tarmac Trading Limited_9051252395.pdf	Tarmac invoice 9051252395.pdf	92ee60372288e83fc0d93dd101d52e634117b06ef890aa61920cd56fa8589435	Tarmac Invoice <lt.invoice@tarmac.com>	Tarmac invoice 9051252395	<ADR51000001169018001000D3ABD75791FE19AD7442CADAA27E8@tarmac.com>	2026-06-18 02:03:30+00	1.000	f	\N	\N	2026-06-18 03:30:15.575891+00	2026-06-18 03:30:15.575891+00	\N	\N	invoice	\N	\N	\N	f	\N	unchecked	\N	\N
35f94959-5230-4578-b413-4149a7690c94	pending_review	Tarmac Trading Limited	Tarmac Trading Limited	9051252394	294744	2026-06-12	2026-07-31	Net Monthly	AC 10 CLOSE SURF 100/150 H/S (EN13108-1) CS4\nAC 10 CLOSE SURF 100/150 H/S (EN13108-1) CS4	GBP	281.46	56.29	337.75	standard_20	Costs/2026/06/Tarmac Trading Limited/2026-06-12_Tarmac Trading Limited_9051252394.pdf	Tarmac invoice 9051252394.pdf	f8f77dd1c8d53fb6a3c35b194e12f90419d2ba24451f7c8d3bf6a485f832b0ae	Tarmac Invoice <lt.invoice@tarmac.com>	Tarmac invoice 9051252394	<ADR51000001169017001000D3ABD75791FE19AD7440F41D8A7E8@tarmac.com>	2026-06-18 02:03:29+00	1.000	f	\N	\N	2026-06-18 03:30:21.228908+00	2026-06-18 03:30:21.228908+00	\N	\N	invoice	\N	\N	\N	f	\N	unchecked	\N	\N
10fd4d60-5d03-45bd-b0c0-2bd8ffff5ff2	pending_review	Tarmac Trading Limited	Tarmac Trading Limited	9051252393	294744	2026-06-12	2026-07-31	Net Monthly	AC 20 DENSE BIN 100/150 DES (EN13108-1)	GBP	638.29	127.65	765.94	standard_20	Costs/2026/06/Tarmac Trading Limited/2026-06-12_Tarmac Trading Limited_9051252393.pdf	Tarmac invoice 9051252393.pdf	01ceadf39243086f380e613b49543c20ac025b33973781e20992fbbba85dc4cc	Tarmac Invoice <lt.invoice@tarmac.com>	Tarmac invoice 9051252393	<ADR51000001169016001000D3ABD75791FE19AD7440F41D827E8@tarmac.com>	2026-06-18 02:03:29+00	1.000	f	\N	\N	2026-06-18 03:30:27.091482+00	2026-06-18 03:30:27.091482+00	\N	\N	invoice	\N	\N	\N	f	\N	unchecked	\N	\N
6b8c9758-3482-4f3b-89d3-2f9f1b1b6e81	pending_review	Travis Perkins Trading Company Ltd	Travis Perkins Trading Company Ltd	1044925345	MARYLEBONE	2026-06-03	2026-07-31	NET MONTHLY	HIRED: 26/05/2026 AM to 03/06/2026 PM PLATE COMPACTOR L/D - PETROL	GBP	74.36	14.87	89.23	standard_20	Costs/2026/06/Travis Perkins Trading Company Ltd/2026-06-03_Travis Perkins Trading Company Ltd_1044925345.pdf	1044925345_1.pdf	0412b8090a0ee57717f47c3c3ded19ca31dae0135ce53dd4f98466bec901552b	TP E-Billing <ebilling@travisperkins.co.uk>	(HT5272) TP Hire Invoice (1044925345) Attached	<1083023542.232466.1780518745888@smtp.email.uk-london-1.oraclecloud.com>	2026-06-03 20:32:25+00	1.000	f	\N	\N	2026-06-17 09:42:54.842738+00	2026-06-18 05:21:33.8482+00	\N	\N	invoice	\N	\N	\N	f	\N	unchecked	\N	\N
d7ff3c1f-de17-4f00-9782-a3b4a7bd7096	pending_review	Travis Perkins Trading Company Ltd	Travis Perkins Trading Company Ltd	1044909278	WOODLANDS AVENUE	2026-06-03	2026-07-31	NET MONTHLY	MOT TYPE 1 BULK BAG.\nBLUE CIRCLE EXTRA RAPID 25KG	GBP	128.10	25.62	153.72	standard_20	Costs/2026/06/Travis Perkins Trading Company Ltd/2026-06-03_Travis Perkins Trading Company Ltd_1044909278.pdf	1044909278_1.pdf	7b009450927d5ede42c3359e59f4758c8e369f867d15408dfde3a43ebe160c12	TP E-Billing <ebilling@travisperkins.co.uk>	(HT5272) TP Invoice (1044909278) Attached	<969816486.189410.1780508598662@smtp.email.uk-london-1.oraclecloud.com>	2026-06-03 17:43:18+00	1.000	f	\N	\N	2026-06-17 09:44:23.259563+00	2026-06-18 05:21:50.112638+00	\N	\N	invoice	\N	\N	\N	f	\N	unchecked	\N	\N
99c2f4f6-ceaa-44f4-8143-e252a8014089	pending_review	Travis Perkins Trading Company Ltd	Travis Perkins Trading Company Ltd	1045420111	CS4	2026-06-11	2026-07-31	NET MONTHLY	MOT TYPE 1 BULK BAG.	GBP	53.85	10.77	64.62	standard_20	Costs/2026/06/Travis Perkins Trading Company Ltd/2026-06-11_Travis Perkins Trading Company Ltd_1045420111.pdf	1045420111_1.pdf	2b51c0888b38b06fa7cd566da4dfc05406272cee3628ef693274eef648c69880	TP E-Billing <ebilling@travisperkins.co.uk>	(HT5272) TP Invoice (1045420111) Attached	<1563904277.405426.1781207233488@smtp.email.uk-london-1.oraclecloud.com>	2026-06-11 19:47:13+00	1.000	f	\N	\N	2026-06-17 04:50:20.270254+00	2026-06-18 05:21:35.424524+00	\N	\N	invoice	\N	\N	\N	f	\N	unchecked	\N	\N
f1bc931a-0cc8-4559-95e0-f015519705b2	pending_review	Travis Perkins Trading Company Ltd	Travis Perkins Trading Company Ltd	1044844947	WOODLANDS AVE	2026-06-02	2026-07-31	NET MONTHLY	KRONOBUILD OSB3 2440 X 1220 X 11MM	GBP	45.08	9.02	54.10	standard_20	Costs/2026/06/Travis Perkins Trading Company Ltd/2026-06-02_Travis Perkins Trading Company Ltd_1044844947.pdf	1044844947_1.pdf	672c109fd1f2c8e329f372799c89aff5a90ec592e59c48ab4262f49075f704bb	TP E-Billing <ebilling@travisperkins.co.uk>	(HT5272) TP Invoice (1044844947) Attached	<1840048255.189999.1780433273837@smtp.email.uk-london-1.oraclecloud.com>	2026-06-02 20:47:53+00	1.000	f	\N	FSC marked products are FSC Mix 70% - INT-COC-002744	2026-06-17 10:18:22.829148+00	2026-06-18 05:21:36.595494+00	\N	\N	invoice	\N	\N	\N	f	\N	unchecked	\N	\N
c04e6f30-5ddd-4f1d-b197-92e4b4a264c9	pending_review	Travis Perkins Trading Company Ltd	Travis Perkins Trading Company Ltd	1044927552	H15272	2026-06-03	2026-07-31	NETT MONTHLY	ULTRAGRIME HUGE INDUSTRIAL WIPES PACK OF 100\nOSMADRAIN DRAINAGE 110 SINGLE SOCKET SHORT RADIUS BEND 45DEG 4D163	GBP	23.51	4.70	28.21	standard_20	Costs/2026/06/Travis Perkins Trading Company Ltd/2026-06-03_Travis Perkins Trading Company Ltd_1044927552.pdf	1044927552_1.pdf	3a85b35208caa463e0813561f1c492b0745c40febbb820df677d8c148e61edf4	TP E-Billing <ebilling@travisperkins.co.uk>	(HT5272) TP Invoice (1044927552) Attached	<1422560360.199986.1780519717280@smtp.email.uk-london-1.oraclecloud.com>	2026-06-03 20:48:37+00	1.000	f	\N	\N	2026-06-17 09:42:35.529976+00	2026-06-18 05:21:49.555404+00	\N	\N	invoice	\N	\N	\N	f	\N	unchecked	\N	\N
4f045a74-b959-492a-ac16-f43ef9862b49	pending_review	H. Sivyer Transport LTD T/A Holcim UK	H. Sivyer Transport LTD T/A Holcim UK	461510	CS4	2026-06-10	2026-06-30	30 DAYS EOM	MIXED CONSTRUCTION AND DEMOLITION WASTE 170904-170904\nMIXED CONSTRUCTION AND DEMOLITION WASTE 170904-170904	GBP	600.00	120.00	720.00	standard_20	Costs/2026/06/H. Sivyer Transport LTD T A Holcim UK/2026-06-10_H. Sivyer Transport LTD T A Holcim UK_461510.pdf	Invoice - 461510 - 2026-06-11.pdf	a19953e655e523c28c1def2a71c6dbb82b7fd097feb1fa166e28ca8ffc8c5a59	salesinvoice.recycling@holcim.co.uk	Sales Invoice [Our Ref: 461510]	<6a2ac803.da766eca.bd51b.880aSMTPIN_ADDED_MISSING@mx.google.com>	2026-06-11 14:36:48+00	1.000	f	\N	COPY POD'S WILL BE CHARGABLE AT \n\n\n\n\n\n\n\n\n\n\n\n\n\n\n\n\n\n\n\n\n\n\n\n\n\n\n\n\n\n\n\n\n\n\n\n\n\n\n\n\n\n\n\n\n\n\n\n\n\n\n\n\n\n\n\n\n\n\n\n\n\n\n\n\n\n\n\n\n\n\n\n\n\n\n\n\n\n\n\n\n\n\n\n\n\n\n\n\n\n\n\n\n\n\n\n\n\n\n\n\n\n\n\n\n\n\n\n\n\n\n\n\n\n\n\n\n\n\n\n\n\n\n\n\n\n\n\n\n\n\n\n\n\n\n\n\n\n\n\n\n\n\n\n\n\n\n\n\n\n\n\n\n\n\n\n\n\n\n\n\n\n\n\n\n\n\n\n\n\n\n\n\n\n\n\n\n\n\n\n\n\n\n\n\n\n\n\n\n\n\n\n\n\n\n\n\n\n\n\n\n\n\n\n\n\n\n\n\n\n\n\n\n\n\n\n\n\n\n\n\n\n\n\n\n\n\n\n\n\n\n\n\n\n\n\n\n\n\n\n\n\n\n\n\n\n\n\n\n\n\n\n\n\n\n\n\n\n\n\n\n\n\n\n\n\n\n\n\n\n\n\n\n\n\n\n\n\n\n\n\n\n\n\n\n\n\n\n\n\n\n\n\n\n\n\n\n\n\n\n\n\n\n\n\n\n\n\n\n\n\n\n\n\n\n\n\n\n\n\n\n\n\n\n\n\n\n\n\n\n\n\n\n\n\n\n\n\n\n\n\n\n\n\n\n\n\n\n\n\n\n\n\n\n\n\n\n\n\n\n\n\n\n\n\n\n\n\n\n\n\n\n\n\n\n\n\n\n\n\n\n\n\n\n\n\n\n\n\n\n\n\n\n\n\n\n\n\n\n\n\n\n\n\n\n\n\n\n\n\n\n\n\n\n\n\n\n\n\n\n\n\n\n\n\n\n\n\n\n\n\n\n\n\n\n\n\n\n\n\n\n\n\n\n\n\n\n\n\n\n\n\n\n\n\n\n\n\n\n\n\n\n\n\n\n\n\n\n\n\n\n\n\n\n\n\n\n\n\n\n\n\n\n\n\n\n\n\n\n\n\n\n\n\n\n\n\n\n\n\n\n\n\n\n\n\n\n\n\n\n\n\n\n\n\n\n\n\n\n\n\n\n\n\n\n\n\n\n\n\n\n\n\n\n\n\n\n\n\n\n\n\n\n\n\n\n\n\n\n\n\n\n\n\n\n\n\n\n\n\n\n\n\n\n\n\n\n\n\n\n\n\n\n\n\n\n\n\n\n\n\n\n\n\n\n\n\n\n\n\n\n\n\n\n\n\n\n\n\n\n\n\n\n\n\n\n\n\n\n\n\n\n\n\n\n\n\n\n\n\n\n\n\n\n\n\n\n\n\n\n\n\n\n\n\n\n\n\n\n\n\n\n\n\n\n\n\n\n\n\n\n\n\n\n\n\n\n\n\n\n\n\n\n\n\n\n\n\n\n\n\n\n\n\n\n\n\n\n\n\n\n\n\n\n\n\n\n\n\n\n\n\n\n\n\n\n\n\n\n\n\n\n\n\n\n\n\n\n\n\n\n\n\n\n\n\n\n\n\n\n\n\n\n\n\n\n\n\n\n\n\n\n\n\n\n\n\n\n\n\n\n\n\n\n\n\n\n\n\n\n\n\n\n\n\n\n\n\n\n\n\n\n\n\n\n\n\n\n\n\n\n\n\n\n\n\n\n\n\n\n\n\n\n\n\n\n\n\n\n\n\n\n\n\n\n\n\n\n\n\n\n\n\n\n\n\n\n\n\n\n\n\n\n\n\n\n\n\n\n\n\n\n\n\n\n\n\n\n\n\n\n\n\n\n\n\n\n\n\n\n\n\n\n\n\n\n\n\n\n\n\n\n\n\n\n\n\n\n\n\n\n\n\n\n\n\n\n\n\n\n\n\n\n\n\n\n\n\n\n\n\n\n\n\n\n\n\n\n\n\n\n\n\n\n\n\n\n\n\n\n\n\n\n\n\n\n\n\n\n\n\n\n\n\n\n\n\n\n\n\n\n\n\n\n\n\n\n\n\n\n\n\n\n\n\n\n\n\n\n\n\n\n\n\n\n\n\n\n\n\n\n\n\n\n\n\n\n\n\n\n\n\n\n\n\n\n\n\n\n\n\n\n\n\n\n\n\n\n\n\n\n\n\n\n\n\n\n\n\n\n\n\n\n\n\n\n\n\n\n\n\n\n\n\n\n\n\n\n\n\n\n\n\n\n\n\n\n\n\n\n\n\n\n\n\n\n\n\n\n\n\n\n\n\n\n\n\n\n\n\n\n\n\n\n\n\n\n\n\n\n\n\n\n\n\n\n\n\n\n\n\n\n\n\n\n\n\n\n\n\n\n\n\n\n\n\n\n\n\n\n\n\n\n\n\n\n\n\n\n\n\n\n\n\n\n\n\n\n\n\n\n\n\n\n\n\n\n\n\n\n\n\n\n\n\n\n\n\n\n\n\n\n\n\n\n\n\n\n\n\n\n\n\n\n\n\n\n\n\n\n\n\n\n\n\n\n\n\n\n\n\n\n\n\n\n\n\n\n\n\n\n\n\n\n\n\n\n\n\n\n\n\n\n\n\n\n\n\n\n\n\n\n\n\n\n\n\n\n\n\n\n\n\n\n\n\n\n\n\n\n\n\n\n\n\n\n\n\n\n\n\n\n\n\n\n\n\n\n\n\n\n\n\n\n\n\n\n\n\n\n\n\n\n\n\n\n\n\n\n\n\n\n\n\n\n\n\n\n\n\n\n\n\n\n\n\n\n\n\n\n\n\n\n\n\n\n\n\n\n\n\n\n\n\n\n\n\n\n\n\n\n\n\n\n\n\n\n\n\n\n\n\n\n\n\n\n\n\n\n\n\n\n\n\n\n\n\n\n\n\n\n\n\n\n\n\n\n\n\n\n\n\n\n\n\n\n\n\n\n\n\n\n\n\n\n\n\n\n\n\n\n\n\n\n\n\n\n\n\n\n\n\n\n\n\n\n\n\n\n\n\n\n\n\n\n\n\n\n\n\n\n\n\n\n\n\n\n\n\n\n\n\n\n\n\n\n\n\n\n\n\n\n\n\n\n\n\n\n\n\n\n\n\n\n\n\n\n\n\n\n\n\n\n\n\n\n\n\n\n\n\n\n\n\n\n\n\n\n\n\n\n\n\n\n\n\n\n\n\n\n\n\n\n\n\n\n\n\n\n\n\n\n\n\n\n\n\n\n\n\n\n\n\n\n\n\n\n\n\n\n\n\n\n\n\n\n\n\n\n\n\n\n\n\n\n\n\n\n\n\n\n\n\n\n\n\n\n\n\n\n\n\n\n\n\n\n\n\n\n\n\n\n\n\n\n\n\n\n\n\n\n\n\n\n\n\n\n\n\n\n\n\n\n\n\n\n\n\n\n\n\n\n\n\n\n\n\n\n\n\n\n\n\n\n\n\n\n\n\n\n\n\n\n\n\n\n\n\n\n\n\n\n\n\n\n\n\n\n\n\n\n\n\n\n\n\n\n\n\n\n\n\n\n\n\n\n\n\n\n\n\n\n\n\n\n\n\n\n\n\n\n\n\n\n\n\n\n\n\n\n\n\n\n\n\n\n\n\n\n\n\n\n\n\n\n\n\n\n\n\n\n\n\n\n\n\n\n\n\n\n\n\n\n\n\n\n\n\n\n\n\n\n\n\n\n\n\n\n\n\n\n\n\n\n\n\n\n\n\n\n\n\n\n\n\n\n\n\n\n\n\n\n\n\n\n\n\n\n\n\n\n\n\n\n\n\n\n\n\n\n\n\n\n\n\n\n\n\n\n\n\n\n\n\n\n\n\n\n\n\n\n\n\n\n\n\n\n\n\n\n\n\n\n\n\n\n\n\n\n\n\n\n\n\n\n\n\n\n\n\n\n\n\n\n\n\n\n\n\n\n\n\n\n\n\n\n\n\n\n\n\n\n\n\n\n\n\n\n\n\n\n\n\n\n\n\n\n\n\n\n\n\n\n\n\n\n\n\n\n\n\n\n\n\n\n\n\n\n\n\n\n\n\n\n\n\n\n\n\n\n\n\n\n\n\n\n\n\n\n\n\n\n\n\n\n\n\n\n\n\n\n\n\n\n\n\n\n\n\n\n\n\n\n\n\n\n\n\n\n\n\n\n\n\n\n\n\n\n\n\n\n\n\n\n\n\n\n\n\n\n\n\n\n\n\n\n\n\n\n\n\n\n\n\n\n\n\n\n\n\n\n\n\n\n\n\n\n\n\n\n\n\n\n\n\n\n\n\n\n\n\n\n\n\n\n\n\n\n\n\n\n\n\n\n\n\n\n\n\n\n\n\n\n\n\n\n\n\n\n\n\n\n\n\n\n\n\n\n\n\n\n\n\n\n\n\n\n\n\n\n\n\n\n\n\n\n\n\n\n\n\n\n\n\n\n\n\n\n\n\n\n\n\n\n\n\n\n\n\n\n\n\n\n\n\n\n\n\n\n\n\n\n\n\n\n\n\n\n\n\n\n\n\n\n\n\n\n\n\n\n\n\n\n\n\n\n\n\n\n\n\n\n\n\n\n\n\n\n\n\n\n\n\n\n\n\n\n\n\n\n\n\n\n\n\n\n\n\n\n\n\n\n\n\n\n\n\n\n\n\n\n\n\n\n\n\n\n\n\n\n\n\n\n\n\n\n\n\n\n\n\n\n\n\n\n\n\n\n\n\n\n\n\n\n\n\n\n\n\n\n\n\n\n\n\n\n\n\n\n\n\n\n\n\n\n\n\n\n\n\n\n\n\n\n\n\n\n\n\n\n\n\n\n\n\n\n\n\n\n\n\n\n\n\n\n\n\n\n\n\n\n\n\n\n\n\n\n\n\n\n\n\n\n\n\n\n\n\n\n\n\n\n\n\n\n\n\n\n\n\n\n\n\n\n\n\n\n\n\n\n\n\n\n\n\n\n\n\n\n\n\n\n\n\n\n\n\n\n\n\n\n\n\n\n\n\n\n\n\n\n\n\n\n\n\n\n\n\n\n\n\n\n\n\n\n\n\n\n\n\n\n\n\n\n\n\n\n\n\n\n\n\n\n\n\n\n\n\n\n\n\n\n\n\n\n\n\n\n\n\n\n\n\n\n\n\n\n\n\n\n\n\n\n\n\n\n\n\n\n\n\n\n\n\n\n\n\n\n\n\n\n\n\n\n\n\n\n\n\n\n\n\n\n\n\n\n\n\n\n\n\n\n\n\n\n\n\n\n\n\n\n\n\n\n\n\n\n\n\n\n\n\n\n\n\n\n\n\n\n\n\n\n\n\n\n\n\n\n\n\n\n\n\n\n\n\n\n\n\n\n\n\n\n\n\n\n\n\n\n\n\n\n\n\n\n\n\n\n\n\n\n\n\n\n\n\n\n\n\n\n\n\n\n\n\n\n\n\n\n\n\n\n\n\n\n\n\n\n\n\n\n\n\n\n\n\n\n\n\n\n\n\n\n\n\n\n\n\n\n\n\n\n\n\n\n\n\n\n\n\n\n\n\n\n\n\n\n\n\n\n\n\n\n\n\n\n\n\n\n\n\n\n\n\n\n\n\n\n\n\n\n\n\n\n\n\n\n\n\n\n\n\n\n\n\n\n\n\n\n\n\n\n\n\n\n\n\n\n\n\n\n\n\n\n\n\n\n\n\n\n\n\n\n\n\n\n\n\n\n\n\n\n\n\n\n\n\n\n\n\n\n\n\n\n\n\n\n\n\n\n\n\n\n\n\n\n\n\n\n\n\n\n\n\n\n\n\n\n\n\n\n\n\n\n\n\n\n\n\n\n\n\n\n\n\n\n\n\n\n\n\n\n\n\n\n\n\n\n\n\n\n\n\n\n\n\n\n\n\n\n\n\n\n\n\n\n\n\n\n\n\n\n\n\n\n\n\n\n\n\n\n\n\n\n\n\n\n\n\n\n\n\n\n\n\n\n\n\n\n\n\n\n\n\n\n\n\n\n\n\n\n\n\n\n\n\n\n\n\n\n\n\n\n\n\n\n\n\n\n\n\n\n\n\n\n\n\n\n\n\n\n\n\n\n\n\n\n\n\n\n\n\n\n\n\n\n\n\n\n\n\n\n\n\n\n\n\n\n\n\n\n\n\n\n\n\n\n\n\n\n\n\n\n\n\n\n\n\n\n\n\n\n\n\n\n\n\n\n\n\n\n\n\n\n\n\n\n\n\n\n\n\n\n\n\n\n\n\n\n\n\n\n\n\n\n\n\n\n\n\n\n\n\n\n\n\n\n\n\n\n\n\n\n\n\n\n\n\n\n\n\n\n\n\n\n\n\n\n\n\n\n\n\n\n\n\n\n\n\n\n\n\n\n\n\n\n\n\n\n\n\n\n\n\n\n\n\n\n\n\n\n\n\n\n\n\n\n\n\n\n\n\n\n\n\n\n\n\n\n\n\n\n\n\n\n\n\n\n\n\n\n\n\n\n\n\n\n\n\n\n\n\n\n\n\n\n\n\n\n\n\n\n\n\n\n\n\n\n\n\n\n\n\n\n\n\n\n\n\n\n\n\n\n\n\n\n\n\n\n\n\n\n\n\n\n\n\n\n\n\n\n\n\n\n\n\n\n\n\n\n\n\n\n\n\n\n\n\n\n\n\n\n\n\n\n\n\n\n\n\n\n\n\n\n\n\n\n\n\n\n\n\n\n\n\n\n\n\n\n\n\n\n\n\n\n\n\n\n\n\n\n\n\n\n\n\n\n\n\n\n\n\n\n\n\n\n\n\n\n\n\n\n\n\n\n\n\n\n\n\n\n\n\n\n\n\n\n\n\n\n\n\n\n\n\n\n\n\n\n\n\n\n\n\n\n\n\n\n\n\n\n\n\n\n\n\n\n\n\n\n\n\n\n\n\n\n\n\n\n\n\n\n\n\n\n\n\n\n\n\n\n\n\n\n\n\n\n\n\n\n\n\n\n\n\n\n\n\n\n\n\n\n\n\n\n\n\n\n\n\n\n\n\n\n\n\n\n\n\n\n\n\n\n\n\n\n\n\n\n\n\n\n\n\n\n\n\n\n\n\n\n\n\n\n\n\n\n\n\n\n\n\n\n\n\n\n\n\n\n\n\n\n\n\n\n\n\n\n\n\n\n\n\n\n\n\n\n\n\n\n\n\n\n\n\n\n\n\n\n\n\n\n\n\n\n\n\n\n\n\n\n\n\n\n\n\n\n\n\n\n\n\n\n\n\n\n\n\n\n\n\n\n\n\n\n\n\n\n\n\n\n\n\n\n\n\n\n\n\n\n\n\n\n\n\n\n\n\n\n\n\n\n\n\n\n\n\n\n\n\n\n\n\n\n\n\n\n\n\n\n\n\n\n\n\n\n\n\n\n\n\n\n\n\n\n\n\n\n\n\n\n\n\n\n\n\n\n\n\n\n\n\n\n\n\n\n\n\n\n\n\n\n\n\n\n\n\n\n\n\n\n\n\n\n\n\n\n\n\n\n\n\n\n\n\n\n\n\n\n\n\n\n\n\n\n\n\n\n\n\n\n\n\n\n\n\n\n\n\n\n\n\n\n\n\n\n\n\n\n\n\n\n\n\n\n\n\n\n\n\n\n\n\n\n\n\n\n\n\n\n\n\n\n\n\n\n\n\n\n\n\n\n\n\n\n\n\n\n\n\n\n\n\n\n\n\n\n\n\n\n\n\n\n\n\n\n\n\n\n\n\n\n\n\n\n\n\n\n\n\n\n\n\n\n\n\n\n\n\n\n\n\n\n\n\n\n\n\n\n\n\n\n\n\n\n\n\n\n\n\n\n\n\n\n\n\n\n\n\n\n\n\n\n\n\n\n\n\n\n\n\n\n\n\n\n\n\n\n\n\n\n\n\n\n\n\n\n\n\n\n\n\n\n\n\n\n\n\n\n\n\n\n\n\n\n\n\n\n\n\n\n\n\n\n\n\n\n\n\n\n\n\n\n\n\n\n\n\n\n\n\n\n\n\n\n\n\n\n\n\n\n\n\n\n\n\n\n\n\n\n\n\n\n\n\n\n\n\n\n\n\n\n\n\n\n\n\n\n\n\n\n\n\n\n\n\n\n\n\n\n\n\n\n\n\n\n\n\n\n\n\n\n\n\n\n\n\n\n\n\n\n\n\n\n\n\n\n\n\n\n\n\n\n\n\n\n\n\n\n\n\n\n\n\n\n\n\n\n\n\n\n\n\n\n\n\n\n\n\n\n\n\n\n\n\n\n\n\n\n\n\n\n\n\n\n\n\n\n\n\n\n\n\n\n\n\n\n\n\n\n\n\n\n\n\n\n\n\n\n\n\n\n\n\n\n\n\n\n\n\n\n\n\n\n\n\n\n\n\n\n\n\n\n\n\n\n\n\n\n\n\n\n\n\n\n\n\n\n\n\n\n\n\n\n\n\n\n\n\n\n\n\n\n\n\n\n\n\n\n\n\n\n\n\n\n\n\n\n\n\n\n\n\n\n\n\n\n\n\n\n\n\n\n\n\n\n\n\n\n\n\n\n\n\n\n\n\n\n\n\n\n\n\n\n\n\n\n\n\n\n\n\n\n\n\n\n\n\n\n\n\n\n\n\n\n\n\n\n\n\n\n\n\n\n\n\n\n\n\n\n\n\n\n\n\n\n\n\n\n\n\n\n\n\n\n\n\n\n\n\n\n\n\n\n\n\n\n\n\n\n\n\n\n\n\n\n\n\n\n\n\n\n\n\n\n\n\n\n\n\n\n\n\n\n\n\n\n\n\n\n\n\n\n\n\n\n\n\n\n\n\n\n\n\n\n\n\n\n\n\n\n\n\n\n\n\n\n\n\n\n\n\n\n\n\n\n\n\n\n\n\n\n\n\n\n\n\n\n\n\n\n\n\n\n\n\n\n\n\n\n\n\n\n\n\n\n\n\n\n\n\n\n\n\n\n\n\n\n\n\n\n\n\n\n\n\n\n\n\n\n\n\n\n\n\n\n\n\n\n\n\n\n\n\n\n\n\n\n\n\n\n\n\n\n\n\n\n\n\n\n\n\n\n\n\n\n\n\n\n\n\n\n\n\n\n\n\n\n\n\n\n\n\n\n\n\n\n\n\n\n\n\n\n\n\n\n\n\n\n\n\n\n\n\n\n\n\n\n\n\n\n\n\n\n\n\n\n\n\n\n\n\n\n\n\n\n\n\n\n\n\n\n\n\n\n\n\n\n\n\n\n\n\n\n\n\n\n\n\n\n\n\n\n\n\n\n\n\n\n\n\n\n\n\n\n\n\n\n\n\n\n\n\n\n\n\n\n\n\n\n\n\n\n\n\n\n\n\n\n\n\n\n\n\n\n\n\n\n\n\n\n\n\n\n\n\n\n\n\n\n\n\n\n\n\n\n\n\n\n\n\n\n\n\n\n\n\n\n\n\n\n\n\n\n\n\n\n\n\n\n\n\n\n\n\n\n\n\n\n\n\n\n\n\n\n\n\n\n\n\n\n\n\n\n\n\n\n\n\n\n\n\n\n\n\n\n\n\n\n\n\n\n\n\n\n\n\n\n\n\n\n\n\n\n\n\n\n\n\n\n\n\n\n\n\n\n\n\n\n\n\n\n\n\n\n\n\n\n\n\n\n\n\n\n\n\n\n\n\n\n\n\n\n\n\n\n\n\n\n\n\n\n\n\n\n\n\n\n\n\n\n\n\n\n\n\n\n\n\n\n\n\n\n\n\n\n\n\n\n\n\n\n\n\n\n\n\n\n\n\n\n\n\n\n\n\n\n\n\n\n\n\n\n\n\n\n\n\n\n\n\n\n\n\n\n\n\n\n\n\n\n\n\n\n\n\n\n\n\n\n\n\n\n\n\n\n\n\n\n\n\n\n\n\n\n\n\n\n\n\n\n\n\n\n\n\n\n\n\n\n\n\n\n\n\n\n\n\n\n\n\n\n\n\n\n\n\n\n\n\n\n\n\n\n\n\n\n\n\n\n\n\n\n\n\n\n\n\n\n\n\n\n\n\n\n\n\n\n\n\n\n\n\n\n\n\n\n\n\n\n\n\n\n\n\n\n\n\n\n\n\n\n\n\n\n\n\n\n\n\n\n\n\n\n\n\n\n\n\n\n\n\n\n\n\n\n\n\n\n\n\n\n\n\n\n\n\n\n\n\n\n\n\n\n\n\n\n\n\n\n\n\n\n\n\n\n\n\n\n\n\n\n\n\n\n\n\n\n\n\n\n\n\n\n\n\n\n\n\n\n\n\n\n\n\n\n\n\n\n\n\n\n\n\n\n\n\n\n\n\n\n\n\n\n\n\n\n\n\n\n\n\n\n\n\n\n\n\n\n\n\n\n\n\n\n\n\n\n\n\n\n\n\n\n\n\n\n\n\n\n\n\n\n\n\n\n\n\n\n\n\n\n\n\n\n\n\n\n\n\n\n\n\n\n\n\n\n\n\n\n\n\n\n\n\n\n\n\n\n\n\n\n\n\n\n\n\n\n\n\n\n\n\n\n\n\n\n\n\n\n\n\n\n\n\n\n\n\n\n\n\n\n\n\n\n\n\n\n\n\n\n\n\n\n\n\n\n\n\n\n\n\n\n\n\n\n\n\n\n\n\n\n\n\n\n\n\n\n\n\n\n\n\n\n\n\n\n\n\n\n\n\n\n\n\n\n\n\n\n\n\n\n\n\n\n\n\n\n\n\n\n\n\n\n\n\n\n\n\n\n\n\n\n\n\n\n\n\n\n\n\n\n\n\n\n\n\n\n\n\n\n\n\n\n\n\n\n\n\n\n\n\n\n\n\n\n\n\n\n\n\n\n\n\n\n\n\n\n\n\n\n\n\n\n\n\n\n\n\n\n\n\n\n\n\n\n\n\n\n\n\n\n\n\n\n\n\n\n\n\n\n\n\n\n\n\n\n\n\n\n\n\n\n\n\n\n\n\n\n\n\n\n\n\n\n\n\n\n\n\n\n\n\n\n\n\n\n\n\n\n\n\n\n\n\n\n\n\n\n\n\n\n\n\n\n\n\n\n\n\n\n\n\n\n\n\n\n\n\n\n\n\n\n\n\n\n\n\n\n\n\n\n\n\n\n\n\n\n\n\n\n\n\n\n\n\n\n\n\n\n\n\n\n\n\n\n\n\n\n\n\n\n\n\n\n\n\n\n\n\n\n\n\n\n\n\n\n\n\n\n\n\n\n\n\n\n\n\n\n\n\n\n\n\n\n\n\n\n\n\n\n\n\n\n\n\n\n\n\n\n\n\n\n\n\n\n\n\n\n\n\n\n\n\n\n\n\n\n\n\n\n\n\n\n\n\n\n\n\n\n\n\n\n\n\n\n\n\n\n\n\n\n\n\n\n\n\n\n\n\n\n\n\n\n\n\n\n\n\n\n\n\n\n\n\n\n\n\n\n\n\n\n\n\n\n\n\n\n\n\n\n\n\n\n\n\n\n\n\n\n\n\n\n\n\n\n\n\n\n\n\n\n\n\n\n\n\n\n\n\n\n\n\n\n\n\n\n\n\n\n\n\n\n\n\n\n\n\n\n\n\n\n\n\n\n\n\n\n\n\n\n\n\n\n\n\n\n\n\n\n\n\n\n\n\n\n\n\n\n\n\n\n\n\n\n\n\n\n\n\n\n\n\n\n\n\n\n\n\n\n\n\n\n\n\n\n\n\n\n\n\n\n\n\n\n\n\n\n\n\n\n\n\n\n\n\n\n\n\n\n\n\n\n\n\n\n\n\n\n\n\n\n\n\n\n\n\n\n\n\n\n\n\n\n\n\n\n\n\n\n\n\n\n\n\n\n\n\n\n\n\n\n\n\n\n\n\n\n\n\n\n\n\n\n\n\n\n\n\n\n\n\n\n\n\n\n\n\n\n\n\n\n\n\n\n\n\n\n\n\n\n\n\n\n\n\n\n\n\n\n\n\n\n\n\n\n\n\n\n\n\n\n\n\n\n\n\n\n\n\n\n\n\n\n\n\n\n\n\n\n\n\n\n\n\n\n\n\n\n\n\n\n\n\n\n\n\n\n\n\n\n\n\n\n\n\n\n\n\n\n\n\n\n\n\n\n\n\n\n\n\n\n\n\n\n\n\n\n\n\n\n\n\n\n\n\n\n\n\n\n\n\n\n\n\n\n\n\n\n\n\n\n\n\n\n\n\n\n\n\n\n\n\n\n\n\n\n\n\n\n\n\n\n\n\n\n\n\n\n\n\n\n\n\n\n\n\n\n\n\n\n\n\n\n\n\n\n\n\n\n\n\n\n\n\n\n\n\n\n\n\n\n\n\n\n\n\n\n\n\n\n\n\n\n\n\n\n\n\n\n\n\n\n\n\n\n\n\n\n\n\n\n\n\n\n\n\n\n\n\n\n\n\n\n\n\n\n\n\n\n\n\n\n\n\n\n\n\n\n\n\n\n\n\n\n\n\n\n\n\n\n\n\n\n\n\n\n\n\n\n\n\n\n\n\n\n\n\n\n\n\n\n\n\n\n\n\n\n\n\n\n\n\n\n\n\n\n\n\n\n\n\n\n\n\n\n\n\n\n\n\n\n\n\n\n\n\n\n\n\n\n\n\n\n\n\n\n\n\n\n\n\n\n\n\n\n\n\n\n\n\n\n\n\n\n\n\n\n\n\n\n\n\n\n\n\n\n\n\n\n\n\n\n\n\n\n\n\n\n\n\n\n\n\n\n\n\n\n\n\n\n\n\n\n\n\n\n\n\n\n\n\n\n\n\n\n\n\n\n\n\n\n\n\n\n\n\n\n\n\n\n\n\n\n\n\n\n\n\n\n\n\n\n\n\n\n\n\n\n\n\n\n\n\n\n\n\n\n\n\n\n\n\n\n\n\n\n\n\n\n\n\n\n\n\n\n\n\n\n\n\n\n\n\n\n\n\n\n\n\n\n\n\n\n\n\n\n\n\n\n\n\n\n\n\n\n\n\n\n\n\n\n\n\n\n\n\n\n\n\n\n\n\n\n\n\n\n\n\n\n\n\n\n\n\n\n\n\n\n\n\n\n\n\n\n\n\n\n\n\n\n\n\n\n\n\n\n\n\n\n\n\n\n\n\n\n\n\n\n\n\n\n\n\n\n\n\n\n\n\n\n\n\n\n\n\n\n\n\n\n\n\n\n\n\n\n\n\n\n\n\n\n\n\n\n\n\n\n\n\n\n\n\n\n\n\n\n\n\n\n\n\n\n\n\n\n\n\n\n\n\n\n\n\n\n\n\n\n\n\n\n\n\n\n\n\n\n\n\n\n\n\n\n\n\n\n\n\n\n\n\n\n\n\n\n\n\n\n\n\n\n\n\n\n\n\n\n\n\n\n\n\n\n\n\n\n\n\n\n\n\n\n\n\n\n\n\n\n\n\n\n\n\n\n\n\n\n\n\n\n\n\n\n\n\n\n\n\n\n\n\n\n\n\n\n\n\n\n\n\n\n\n\n\n\n\n\n\n\n\n\n\n\n\n\n\n\n\n\n\n\n\n\n\n\n\n\n\n\n\n\n\n\n\n\n\n\n\n\n\n\n\n\n\n\n\n\n\n\n\n\n\n\n\n\n\n\n\n\n\n\n\n\n\n\n\n\n\n\n\n\n\n\n\n\n\n\n\n\n\n\n\n\n\n\n\n\n\n\n\n\n\n\n\n\n\n\n\n\n\n\n\n\n\n\n\n\n\n\n\n\n\n\n\n\n\n\n\n\n\n\n\n\n\n\n\n\n\n\n\n\n\n\n\n\n\n\n\n\n\n\n\n\n\n\n\n\n\n\n\n\n\n\n\n\n\n\n\n\n\n\n\n\n\n\n\n\n\n\n\n\n\n\n\n\n\n\n\n\n\n\n\n\n\n\n\n\n\n\n\n\n\n\n\n\n\n\n\n\n\n\n\n\n\n\n\n\n\n\n\n\n\n\n\n\n\n\n\n\n\n\n\n\n\n\n\n\n\n\n\n\n\n\n\n\n\n\n\n\n\n\n\n\n\n\n\n\n\n\n\n\n\n\n\n\n\n\n\n\n\n\n\n\n\n\n\n\n\n\n\n\n\n\n\n\n\n\n\n\n\n\n\n\n\n\n\n\n\n\n\n\n\n\n\n\n\n\n\n\n\n\n\n\n\n\n\n\n\n\n\n\n\n\n\n\n\n\n\n\n\n\n\n\n\n\n\n\n\n\n\n\n\n\n\n\n\n\n\n\n\n\n\n\n\n\n\n\n\n\n\n\n\n\n\n\n\n\n\n\n\n\n\n\n\n\n\n\n\n\n\n\n\n\n\n\n\n\n\n\n\n\n\n\n\n\n\n\n\n\n\n\n\n\n\n\n\n\n\n\n\n\n\n\n\n\n\n\n\n\n\n\n\n\n\n\n\n\n\n\n\n\n\n\n\n\n\n\n\n\n\n\n\n\n\n\n\n\n\n\n\n\n\n\n\n\n\n\n\n\n\n\n\n\n\n\n\n\n\n\n\n\n\n\n\n\n\n\n\n\n\n\n\n\n\n\n\n\n\n\n\n\n\n\n\n\n\n\n\n\n\n\n\n\n\n\n\n\n\n\n\n\n\n\n\n\n\n\n\n\n\n\n\n\n\n\n\n\n\n\n\n\n\n\n\n\n\n\n\n\n\n\n\n\n\n\n\n\n\n\n\n\n\n\n\n\n\n\n\n\n\n\n\n\n\n\n\n\n\n\n\n\n\n\n\n\n\n\n\n\n\n\n\n\n\n\n\n\n\n\n\n\n\n\n\n\n\n\n\n\n\n\n\n\n\n\n\n\n\n\n\n\n\n\n\n\n\n\n\n\n\n\n\n\n\n\n\n\n\n\n\n\n\n\n\n\n\n\n\n\n\n\n\n\n\n\n\n\n\n\n\n\n\n\n\n\n\n\n\n\n\n\n\n\n\n\n\n\n\n\n\n\n\n\n\n\n\n\n\n\n\n\n\n\n\n\n\n\n\n\n\n\n\n\n\n\n\n\n\n\n\n\n\n\n\n\n\n\n\n\n\n\n\n\n\n\n\n\n\n\n\n\n\n\n\n\n\n\n\n\n\n\n\n\n\n\n\n\n\n\n\n\n\n\n\n\n\n\n\n\n\n\n\n\n\n\n\n\n\n\n\n\n\n\n\n\n\n\n\n\n\n\n\n\n\n\n\n\n\n\n\n\n\n\n\n\n\n\n\n\n\n\n\n\n\n\n\n\n\n\n\n\n\n\n\n\n\n\n\n\n\n\n\n\n\n\n\n\n\n\n\n\n\n\n\n\n\n\n\n\n\n\n\n\n\n\n\n\n\n\n\n\n\n\n\n\n\n\n\n\n\n\n\n\n\n\n\n\n\n\n\n\n\n\n\n\n\n\n\n\n\n\n\n\n\n\n\n\n\n\n\n\n\n\n\n\n\n\n\n\n\n\n\n\n\n\n\n\n\n\n\n\n\n\n\n\n\n\n\n\n\n\n\n\n\n\n\n\n\n\n\n\n\n\n\n\n\n\n\n\n\n\n\n\n\n\n\n\n\n\n\n\n\n\n\n\n\n\n\n\n\n\n\n\n\n\n\n\n\n\n\n\n\n\n\n\n\n\n\n\n\n\n\n\n\n\n\n\n\n\n\n\n\n\n\n\n\n\n\n\n\n\n\n\n\n\n\n\n\n\n\n\n\n\n\n\n\n\n\n\n\n\n\n\n\n\n\n\n\n\n\n\n\n\n\n\n\n\n\n\n\n\n\n\n\n\n\n\n\n\n\n\n\n\n\n\n\n\n\n\n\n\n\n\n\n\n\n\n\n\n\n\n\n\n\n\n\n\n\n\n\n\n\n\n\n\n\n\n\n\n\n\n\n\n\n\n\n\n\n\n\n\n\n\n\n\n\n\n\n\n\n\n\n\n\n\n\n\n\n\n\n\n\n\n\n\n\n\n\n\n\n\n\n\n\n\n\n\n\n\n\n\n\n\n\n\n\n\n\n\n\n\n\n\n\n\n\n\n\n\n\n\n\n\n\n\n\n\n\n\n\n\n\n\n\n\n\n\n\n\n\n\n\n\n\n\n\n\n\n\n\n\n\n\n\n\n\n\n\n\n\n\n\n\n\n\n\n\n\n\n\n\n\n\n\n\n\n\n\n\n\n\n\n\n\n\n\n\n\n\n\n\n\n\n\n\n\n\n\n\n\n\n\n\n\n\n\n\n\n\n\n\n\n\n\n\n\n\n\n\n\n\n\n\n\n\n\n\n\n\n\n\n\n\n\n\n\n\n\n\n\n\n\n\n\n\n\n\n\n\n\n\n\n\n\n\n\n\n\n\n\n\n\n\n\n\n\n\n\n\n\n\n\n\n\n\n\n\n\n\n\n\n\n\n\n\n\n\n\n\n\n\n\n\n\n\n\n\n\n\n\n\n\n\n\n\n\n\n\n\n\n\n\n\n\n\n\n\n\n\n\n\n\n\n\n\n\n\n\n\n\n\n\n\n\n\n\n\n\n\n\n\n\n\n\n\n\n\n\n\n\n\n\n\n\n\n\n\n\n\n\n\n\n\n\n\n\n\n\n\n\n\n\n\n\n\n\n\n\n\n\n\n\n\n\n\n\n\n\n\n\n\n\n\n\n\n\n\n\n\n\n\n\n\n\n\n\n\n\n\n\n\n\n\n\n\n\n\n\n\n\n\n\n\n\n\n\n\n\n\n\n\n\n\n\n\n\n\n\n\n\n\n\n\n\n\n\n\n\n\n\n\n\n\n\n\n\n\n\n\n\n\n\n\n\n\n\n\n\n\n\n\n\n\n\n\n\n\n\n\n\n\n\n\n\n\n\n\n\n\n\n\n\n\n\n\n\n\n\n\n\n\n\n\n\n\n\n\n\n\n\n\n\n\n\n\n\n\n\n\n\n\n\n\n\n\n\n\n\n\n\n\n\n\n\n\n\n\n\n\n\n\n\n\n\n\n\n\n\n\n\n\n\n\n\n\n\n\n\n\n\n\n\n\n\n\n\n\n\n\n\n\n\n\n\n\n\n\n\n\n\n\n\n\n\n\n\n\n\n\n\n\n\n\n\n\n\n\n\n\n\n\n\n\n\n\n\n\n\n\n\n\n\n\n\n\n\n\n\n\n\n\n\n\n\n\n\n\n\n\n\n\n\n\n\n\n\n\n\n\n\n\n\n\n\n\n\n\n\n\n\n\n\n\n\n\n\n\n\n\n\n\n\n\n\n\n\n\n\n\n\n\n\n\n\n\n\n\n\n\n\n\n\n\n\n\n\n\n\n\n\n\n\n\n\n\n\n\n\n\n\n\n\n\n\n\n\n\n\n\n\n\n\n\n\n\n\n\n\n\n\n\n\n\n\n\n\n\n\n\n\n\n\n\n\n\n\n\n\n\n\n\n\n\n\n\n\n\n\n\n\n\n\n\n\n\n\n\n\n\n\n\n\n\n\n\n\n\n\n\n\n\n\n\n\n\n\n\n\n\n\n\n\n\n\n\n\n\n\n\n\n\n\n\n\n\n\n\n\n\n\n\n\n\n\n\n\n\n\n\n\n\n\n\n\n\n\n\n\n\n\n\n\n\n\n\n\n\n\n\n\n\n\n\n\n\n\n\n\n\n\n\n\n\n\n\n\n\n\n\n\n\n\n\n\n\n\n\n\n\n\n\n\n\n\n\n\n\n\n\n\n\n\n\n\n\n\n\n\n\n\n\n\n\n\n\n\n\n\n\n\n\n\n\n\n\n\n\n\n\n\n\n\n\n\n\n\n\n\n\n\n\n\n\n\n\n\n\n\n\n\n\n\n\n\n\n\n\n\n\n\n\n\n\n\n\n\n\n\n\n\n\n\n\n\n\n\n\n\n\n\n\n\n\n\n\n\n\n\n\n\n\n\n\n\n\n\n\n\n\n\n\n\n\n\n\n\n\n\n\n\n\n\n\n\n\n\n\n\n\n\n\n\n\n\n\n\n\n\n\n\n\n\n\n\n\n\n\n\n\n\n\n\n\n\n\n\n\n\n\n\n\n\n\n\n\n\n\n\n\n\n\n\n\n\n\n\n\n\n\n\n\n\n\n\n\n\n\n\n\n\n\n\n\n\n\n\n\n\n\n\n\n\n\n\n\n\n\n\n\n\n\n\n\n\n\n\n\n\n\n\n\n\n\n\n\n\n\n\n\n\n\n\n\n\n\n\n\n\n\n\n\n\n\n\n\n\n\n\n\n\n\n\n\n\n\n\n\n\n\n\n\n\n\n\n\n\n\n\n\n\n\n\n\n\n\n\n\n\n\n\n\n\n\n\n\n\n\n\n\n\n\n\n\n\n\n\n\n\n\n\n\n\n\n\n\n\n\n\n\n\n\n\n\n\n\n\n\n\n\n\n\n\n\n\n\n\n\n\n\n\n\n\n\n\n\n\n\n\n\n\n\n\n\n\n\n\n\n\n\n\n\n\n\n\n\n\n\n\n\n\n\n\n\n\n\n\n\n\n\n\n\n\n\n\n\n\n\n\n\n\n\n\n\n\n\n\n\n\n\n\n\n\n\n\n\n\n\n\n\n\n\n\n\n\n\n\n\n\n\n\n\n\n\n\n\n\n\n\n\n\n\n\n\n\n\n\n\n\n\n\n\n\n\n\n\n\n\n\n\n\n\n\n\n\n\n\n\n\n\n\n\n\n\n\n\n\n\n\n\n\n\n\n\n\n\n\n\n\n\n\n\n\n\n\n\n\n\n\n\n\n\n\n\n\n\n\n\n\n\n\n\n\n\n\n\n\n\n\n\n\n\n\n\n\n\n\n\n\n\n\n\n\n\n\n\n\n\n\n\n\n\n\n\n\n\n\n\n\n\n\n\n\n\n\n\n\n\n\n\n\n\n\n\n\n\n\n\n\n\n\n\n\n\n\n\n\n\n\n\n\n\n\n\n\n\n\n\n\n\n\n\n\n\n\n\n\n\n\n\n\n\n\n\n\n\n\n\n\n\n\n\n\n\n\n\n\n\n\n\n\n\n\n\n\n\n\n\n\n\n\n\n\n\n\n\n\n\n\n\n\n\n\n\n\n\n\n\n\n\n\n\n\n\n\n\n\n\n\n\n\n\n\n\n\n\n\n\n\n\n\n\n\n\n\n\n\n\n\n\n\n\n\n\n\n\n\n\n\n\n\n\n\n\n\n\n\n\n\n\n\n\n\n\n\n\n\n\n\n\n\n\n\n\n\n\n\n\n\n\n\n\n\n\n\n\n\n\n\n\n\n\n\n\n\n\n\n\n\n\n\n\n\n\n\n\n\n\n\n\n\n\n\n\n\n\n\n\n\n\n\n\n\n\n\n\n\n\n\n\n\n\n\n\n\n\n\n\n\n\n\n\n\n\n\n\n\n\n\n\n\n\n\n\n\n\n\n\n\n\n\n\n\n\n\n\n\n\n\n\n\n\n\n\n\n\n\n\n\n\n\n\n\n\n\n\n\n\n\n\n\n\n\n\n\n\n\n\n\n\n\n\n\n\n\n\n\n\n\n\n\n\n\n\n\n\n\n\n\n\n\n\n\n\n\n\n\n\n\n\n\n\n\n\n\n\n\n\n\n\n\n\n\n\n\n\n\n\n\n\n\n\n\n\n\n\n\n\n\n\n\n\n\n\n\n\n\n\n\n\n\n\n\n\n\n\n\n\n\n\n\n\n\n\n\n\n\n\n\n\n\n\n\n\n\n\n\n\n\n\n\n\n\n\n\n\n\n\n\n\n\n\n\n\n\n\n\n\n\n\n\n\n\n\n\n\n\n\n\n\n\n\n\n\n\n\n\n\n\n\n\n\n\n\n\n\n\n\n\n\n\n\n\n\n\n\n\n\n\n\n\n\n\n\n\n\n\n\n\n\n\n\n\n\n\n\n\n\n\n\n\n\n\n\n\n\n\n\n\n\n\n\n\n\n\n\n\n\n\n\n\n\n\n\n\n\n\n\n\n\n\n\n\n\n\n\n\n\n\n\n\n\n\n\n\n\n\n\n\n\n\n\n\n\n\n\n\n\n\n\n\n\n\n\n\n\n\n\n\n\n\n\n\n\n\n\n\n\n\n\n\n\n\n\n\n\n\n\n\n\n\n\n\n\n\n\n\n\n\n\n\n\n\n\n\n\n\n\n\n\n\n\n\n\n\n\n\n\n\n\n\n\n\n\n\n\n\n\n\n\n\n\n\n\n\n\n\n\n\n\n\n\n\n\n\n\n\n\n\n\n\n\n\n\n\n\n\n\n\n\n\n\n\n\n\n\n\n\n\n\n\n\n\n\n\n\n\n\n\n\n\n\n\n\n\n\n\n\n\n\n\n\n\n\n\n\n\n\n\n\n\n\n\n\n\n\n\n\n\n\n\n\n\n\n\n\n\n\n\n\n\n\n\n\n\n\n\n\n\n\n\n\n\n\n\n\n\n\n\n\n\n\n\n\n\n\n\n\n\n\n\n\n\n\n\n\n\n\n\n\n\n\n\n\n\n\n\n\n\n\n\n\n\n\n\n\n\n\n\n\n\n\n\n\n\n\n\n\n\n\n\n\n\n\n\n\n\n\n\n\n\n\n\n\n\n\n\n\n\n\n\n\n\n\n\n\n\n\n\n\n\n\n\n\n\n\n\n\n\n\n\n\n\n\n\n\n\n\n\n\n\n\n\n\n\n\n\n\n\n\n\n\n\n\n\n\n\n\n\n\n\n\n\n\n\n\n\n\n\n\n\n\n\n\n\n\n\n\n\n\n\n\n\n\n\n\n\n\n\n\n\n\n\n\n\n\n\n\n\n\n\n\n\n\n\n\n\n\n\n\n\n\n\n\n\n\n\n\n\n\n\n\n\n\n\n\n\n\n\n\n\n\n\n\n\n\n\n\n\n\n\n\n\n\n\n\n\n\n\n\n\n\n\n\n\n\n\n\n\n\n\n\n\n\n\n\n\n\n\n\n\n\n\n\n\n\n\n\n\n\n\n\n\n\n\n\n\n\n\n\n\n\n\n\n\n\n\n\n\n\n\n\n\n\n\n\n\n\n\n\n\n\n\n\n\n\n\n\n\n\n\n\n\n\n\n\n\n\n\n\n\n\n\n\n\n\n\n\n\n\n\n\n\n\n\n\n\n\n\n\n\n\n\n\n\n\n\n\n\n\n\n\n\n\n\n\n\n\n\n\n\n\n\n\n\n\n\n\n\n\n\n\n\n\n\n\n\n\n\n\n\n\n\n\n\n\n\n\n\n\n\n\n\n\n\n\n\n\n\n\n\n\n\n\n\n\n\n\n\n\n\n\n\n\n\n\n\n\n\n\n\n\n\n\n\n\n\n\n\n\n\n\n\n\n\n\n\n\n\n\n\n\n\n\n\n\n\n\n\n\n\n\n\n\n\n\n\n\n\n\n\n\n\n\n\n\n\n\n\n\n\n\n\n\n\n\n\n\n\n\n\n\n\n\n\n\n\n\n\n\n\n\n\n\n\n\n\n\n\n\n\n\n\n\n\n\n\n\n\n\n\n\n\n\n\n\n\n\n\n\n\n\n\n\n\n\n\n\n\n\n\n\n\n\n\n\n\n\n\n\n\n\n\n\n\n\n\n\n\n\n\n\n\n\n\n\n\n\n\n\n\n\n\n\n\n\n\n\n\n\n\n\n\n\n\n\n\n\n\n\n\n\n\n\n\n\n\n\n\n\n\n\n\n\n\n\n\n\n\n\n\n\n\n\n\n\n\n\n\n\n\n\n\n\n\n\n\n\n\n\n\n\n\n\n\n\n\n\n\n\n\n\n\n\n\n\n\n\n\n\n\n\n\n\n\n\n\n\n\n\n\n\n\n\n\n\n\n\n\n\n\n\n\n\n\n\n\n\n\n\n\n\n\n\n\n\n\n\n\n\n\n\n\n\n\n\n\n\n\n\n\n\n\n\n\n\n\n\n\n\n\n\n\n\n\n\n\n\n\n\n\n\n\n\n\n\n\n\n\n\n\n\n\n\n\n\n\n\n\n\n\n\n\n\n\n\n\n\n\n\n\n\n\n\n\n\n\n\n\n\n\n\n\n\n\n\n\n\n\n\n\n\n\n\n\n\n\n\n\n\n\n\n\n\n\n\n\n\n\n\n\n\n\n\n\n\n\n\n\n\n\n\n\n\n\n\n\n\n\n\n\n\n\n\n\n\n\n\n\n\n\n\n\n\n\n\n\n\n\n\n\n\n\n\n\n\n\n\n\n\n\n\n\n\n\n\n\n\n\n\n\n\n\n\n\n\n\n\n\n\n\n\n\n\n\n\n\n\n\n\n\n\n\n\n\n\n\n\n\n\n\n\n\n\n\n\n\n\n\n\n\n\n\n\n\n\n\n\n\n\n\n\n\n\n\n\n\n\n\n\n\n\n\n\n\n\n\n\n\n\n\n\n\n\n\n\n\n\n\n\n\n\n\n\n\n\n\n\n\n\n\n\n\n\n\n\n\n\n\n\n\n\n\n\n\n\n\n\n\n\n\n\n\n\n\n\n\n\n\n\n\n\n\n\n\n\n\n\n\n\n\n\n\n\n\n\n\n\n\n\n\n\n\n\n\n\n\n\n\n\n\n\n\n\n\n\n\n\n\n\n\n\n\n\n\n\n\n\n\n\n\n\n\n\n\n\n\n\n\n\n\n\n\n\n\n\n\n\n\n\n\n\n\n\n\n\n\n\n\n\n\n\n\n\n\n\n\n\n\n\n\n\n\n\n\n\n\n\n\n\n\n\n\n\n\n\n\n\n\n\n\n\n\n\n\n\n\n\n\n\n\n\n\n\n\n\\n\n\n\n\n\n\n\n\n\n\n\n\n\n\n\n\n\n\n\n\n\n\n\n\n\n\n\n\n\n\n\n\n\n\n\n\n\n\n\n\n\n\n\n\n\n\n\n\n\n\n\n\n\n\n\n\n\n\n\n\n\n\n\n\n\n\n\n\n\n\n\n\n\n\n\n\n\n\n\n\n\n\n\n\n\n\n\n\n\n\n\n\n\n\n\n\n\n\n\n\n\n\n\n\n\n\n\n\n\n\n\n\n\n\n\n\n\n\n\n\n\n\n\n\n\n\n\n\n\n\n\n\n\n\n\n\n\n\n\n\n\n\n\n\n\n\n\n\n\n\n\n\n\n\n\n\n\n\n\n\n\n\n\n\n\n\n\n\n\n\n\n\n\n\n\n\n\n\n\n\n\n\n\n\n\n\n\n\n\n\n\n\n\n\n\n\n\n\n\n\n\n\n\n\n\n\n\n\n\n\n\n\n\n\n\n\n\n\n\n\n\n\n\n\n\n\n\n\n\n\n\n\n\n\n\n\n\n\n\n\n\n\n\n\n\n\n\n\n\n\n\n\n\n\n\n\n\n\n\n\n\n\n\n\n\n\n\n\n\n\n\n\n\n\n\n\n\n\n\n\n\n\n\n\n\n\n\n\n\n\n\n\n\n\n\n\n\n\n\n\n\n\n\n\n\n\n\n\n\n\n\n\n\n\n\n\n\n\n\n\n\n\n\n\n\n\n\n\n\n\n\n\n\n\n\n\n\n\n\n\n\n\n\n\n\n\n\n\n\n\n\n\n\n\n\n\n\n\n\n\n\n\n\n\n\n\n\n\n\n\n\n\n\n\n\n\n\n\n\n\n\n\n\n\n\n\n\n\n\n\n\n\n\n\n\n\n\n\n\n\n\n\n\n\n\n\n\n\n\n\n\n\n\n\n\n\n\n\n\n\n\n\n\n\n\n\n\n\n\n\n\n\n\n\n\n\n\n\n\n\n\n\n\n\n\n\n\n\n\n\n\n\n\n\n\n\n\n\n\n\n\n\n\n\n\n\n\n\n\n\n\n\n\n\n\n\n\n\n\n\n\n\n\n\n\n\n\n\n\n\n\n\n\n\n\n\n\n\n\n\n\n\n\n\n\n\n\n\n\n\n\n\n\n\n\n\n\n\n\n\n\n\n\n\n\n\n\n\n\n\n\n\n\n\n\n\n\n\n\n\n\n\n\n\n\n\n\n\n\n\n\n\n\n\n\n\n\n\n\n\n\n\n\n\n\n\n\n\n\n\n\n\n\n\n\n\n\n\n\n\n\n\n\n\n\n\n\n\n\n\n\n\n\n\n\n\n\n\n\n\n\n\n\n\n\n\n\n\n\n\n\n\n\n\n\n\n\n\n\n\n\n\n\n\n\n\n\n\n\n\n\n\n\n\n\n\n\n\n\n\n\n\n\n\n\n\n\n\n\n\n\n\n\n\n\n\n\n\n\n\n\n\n\n\n\n\n\n\n\n\n\n\n\n\n\n\n\n\n\n\n\n\n\n\n\n\n\n\n\n\n\n\n\n\n\n\n\n\n\n\n\n\n\n\n\n\n\n\n\n\n\n\n\n\n\n\n\n\n\n\n\n\n\n\n\n\n\n\n\n\n\n\n\n\n\n\n\n\n\n\n\n\n\n\n\n\n\n\n\n\n\n\n\n\n\n\n\n\n\n\n\n\n\n\n\n\n\n\n\n\n\n\n\n\n\n\text{	2026-06-17 04:54:38.83645+00	2026-06-18 06:45:50.09044+00	\N	\N	invoice	\N	\N	\N	f	\N	unchecked	\N	\N
a2628cf1-d77b-4c44-8cbe-450b754cb7cb	pending_review	SEL Environmental Ltd	SEL Environmental Ltd	17153	CS4	2026-06-16	2026-07-16	30 days after date of invoice	600mm Dia x 1.5m dp 4x150mm 300mm sump Stepped Invert Removable Adjustable WaStop Chamber\n600mm Dia x 1.5m dp 4x150mm 100mm sump Stepped Invert Removable Adjustable WaStop Chamber\nDelivery Charge Per Pallet	GBP	7101.60	1420.32	8521.92	standard_20	Costs/2026/06/SEL Environmental Ltd/2026-06-16_SEL Environmental Ltd_17153.pdf	Invoice 17153.pdf	24549bff668b4c84101b161fd7d18b6449e4a75fc17ef3c8ae3da6f80f22b9ae	SEL Accounts <accounts@selenvironmental.com>	Invoices/Credits  from SEL Environmental Limited	<AM7PR07MB66919C5C65EAF7155C90B1BBA5E32@AM7PR07MB6691.eurprd07.prod.outlook.com>	2026-06-18 08:13:59+00	1.000	f	\N	Unless previously agreed in writing, goods and services are sold as our standard terms and conditions and all invoices are due for payment 30 days after date of invoice. Any shortages/damages must be notified within 7 days. Materials supplied will remain the property of SEL Environmental Ltd until paid for in full.	2026-06-18 08:55:12.84974+00	2026-06-18 08:55:12.84974+00	\N	\N	invoice	\N	\N	\N	f	\N	unchecked	\N	\N
a9c1c0a6-f6fc-4927-9ff8-fce777e60519	pending_review	Keltic Traffic Management Limited	Keltic Traffic Management Limited	24532	K11605 - Roehampton Lane	2026-06-12	2026-07-12	NA	CAD TM PLAN - £110.00 Each - 05/06/2026	GBP	110.00	0.00	110.00	reverse_charge	Costs/2026/06/Keltic Traffic Management Limited/2026-06-12_Keltic Traffic Management Limited_24532.pdf	Invoice 24532.pdf	9b1b85d58b71fd26efedf512605b8c44b3be160db4773bd87dbfb1bfaec2f78c	<colm.beckwith@cjbce.co.uk>	FW: Keltic TM Invoices	<016001dcfef6$069a07c0$13ce1740$@cjbce.co.uk>	2026-06-18 07:42:32+00	0.980	f	\N	\N	2026-06-18 08:56:25.355035+00	2026-06-18 08:56:25.355035+00	\N	\N	invoice	\N	\N	\N	f	\N	unchecked	\N	\N
658457af-3e6f-4182-bd2b-94e12142b17b	pending_review	Keltic Traffic Management Limited	Keltic Traffic Management Limited	24533	K11624 - Aubyn Square	2026-06-12	2026-07-12	NA	CAD TM PLAN - £110.00 Each - 05/06/2026	GBP	110.00	0.00	110.00	reverse_charge	Costs/2026/06/Keltic Traffic Management Limited/2026-06-12_Keltic Traffic Management Limited_24533.pdf	Invoice 24533.pdf	f77e447cb4760ac18e015594169e4cc6627c5a22030c1bf41d409b5122896be5	<colm.beckwith@cjbce.co.uk>	FW: Keltic TM Invoices	<016001dcfef6$069a07c0$13ce1740$@cjbce.co.uk>	2026-06-18 07:42:32+00	0.950	f	\N	Reverse charge applies to items marked with 'Domestic reverse charge'. Customers need to account for VAT on these items to HMRC, at the rate shown.	2026-06-18 08:56:37.576942+00	2026-06-18 08:56:37.576942+00	\N	\N	invoice	\N	\N	\N	f	\N	unchecked	\N	\N
8c38587b-eb40-4b3c-8374-a8007984a7b2	pending_review	iMix Concrete Ltd	iMix Concrete Ltd	112473	123912	2026-06-18	\N	NA	Waiting Time Charge Total time on site 111 mins	GBP	-102.00	-20.40	-122.40	standard_20	Costs/2026/06/iMix Concrete Ltd/CN_2026-06-18_iMix Concrete Ltd_112473.pdf	112473.pdf	8f8db1bb761aa6806e04522cdd8ed69c9f775e0df4ce7a3108e90643d115698f	Accounts <Accounts@imixconcrete.co.uk>	RE: iMix Concrete Invoice #516193	<LO8P123MB8401C45C8FF52800C4F49586E8E32@LO8P123MB8401.GBRP123.PROD.OUTLOOK.COM>	2026-06-18 10:09:18+00	1.000	f	\N	\N	2026-06-18 11:30:35.241647+00	2026-06-18 11:30:35.241647+00	\N	\N	credit_note	\N	\N	\N	f	\N	unchecked	\N	\N
062336e5-0f30-4c08-815a-5292c302818a	pending_review	Standard Plant Hire Ltd	Standard Plant Hire Ltd	P133458	CANNNG TOWN BUS STATION	2026-06-12	2026-06-30	30 days EOM	9M MT933 TELEHANDLER (SPH-FL-31). £300.00 per week for 2 weeks (hire complete)\n1 x KEY\n1 x LED FLASHING BEACON\n1 x GREEN SEAT BELT BEACON\n1 x TOW PIN\n1 x TRACKER\nCollection\nFUEL CHARGE (GASOILS). 31 @ £2.20	GBP	768.20	153.64	921.84	standard_20	Costs/2026/06/Standard Plant Hire Ltd/2026-06-12_Standard Plant Hire Ltd_P133458.pdf	Invoices 7481 1759.pdf	ae3048bdcf42d3a0d8ddb7dc0eaf04204cb4af028694a9e36ae11dc1d2a0e920	Accounts Team <accounts@standard-plant.co.uk>	Invoices attached from Standard Plant Hire Limited	<AS4PR08MB747748D226C9454B14838BD4A5E32@AS4PR08MB7477.eurprd08.prod.outlook.com>	2026-06-18 15:10:40+00	0.950	f	\N	\N	2026-06-18 15:31:03.462781+00	2026-06-18 15:31:03.462781+00	\N	\N	invoice	\N	\N	\N	f	\N	unchecked	\N	\N
bea6fb63-ce6e-48ce-baf3-a1be7859bc34	pending_review	Pave Recruit Ltd	Pave Recruit Ltd	1645185	NA	2026-06-19	2026-07-19	30 Days Date of Invoice	Jordan Best Supervisor - Day Rate BR (5.00 units @ 250.00); Patrick Goodier Site Engineer - Day Rate BR (5.00 units @ 250.00)	GBP	2500.00	500.00	3000.00	standard_20	Costs/2026/06/Pave Recruit Ltd/2026-06-19_Pave Recruit Ltd_1645185.pdf	419_1645185.pdf	c6cc249b13f8bd8d98c8fdde3be0907ce490482ad3aca619f9e393b41bd612c0	info@quba.solutions	Invoices processed this week	<QQOL9VT8KTU4.09OLRB7JVMH03@CLIP-APP01>	2026-06-18 14:09:04+00	1.000	f	\N	The debt represented by this invoice has been purchased by and assigned to and is to be paid to Quba Solutions Limited, Concept House, Stoneycroft Rise, Chandlers Ford, Eastleigh SO53 3LD. Please make payment to the below bank details: Account Name: Quba Solutions Ltd Sort Code: 600846 Account No: 76789691 To ensure funds are allocated promptly, please quote your Account Number when making payment and send a remittance to remittances@quba.solutions Please direct any queries to our Credit Control team on 0333 049 1099 or email credit@quba.solutions Registered Office: Pave Recruit Ltd. 197 Victoria Street, London, N22 7XH Company No: 07491361 VAT No: 119213537	2026-06-18 15:31:44.893221+00	2026-06-18 15:31:44.893221+00	\N	\N	invoice	\N	\N	\N	f	\N	unchecked	\N	\N
9400a0b9-c5f3-4fda-aa22-447021c155c5	pending_review	H. Sivyer Transport LTD T/A Holcim UK	H. Sivyer Transport LTD T/A Holcim UK	462164	CS4	2026-06-15	2026-06-30	30 DAYS EOM	BIO RETENTION SOIL	GBP	687.24	137.45	824.69	standard_20	Costs/2026/06/H. Sivyer Transport LTD T A Holcim UK/2026-06-15_H. Sivyer Transport LTD T A Holcim UK_462164.pdf	Invoice - 462164 - 2026-06-18.pdf	2d1367bcfd5441cee8c6c8215e5beeb42b349595c11eb103f1b4e63cd6bc882e	salesinvoice.recycling@holcim.co.uk	Sales Invoice [Our Ref: 462164]	<6a33fb96.11956089.3a0586.9808SMTPIN_ADDED_MISSING@mx.google.com>	2026-06-18 14:07:16+00	0.980	f	\N	COPY POD'S WILL BE CHARGABLE AT £4.00 EACH THIS CHARGE WILL BE ADDED TO THE ACCOUNT	2026-06-18 15:32:36.248357+00	2026-06-18 15:32:36.248357+00	\N	\N	invoice	\N	\N	\N	f	\N	unchecked	\N	\N
191ddf19-6d2f-4863-b43f-a03d846cbc70	pending_review	H. Sivyer Transport LTD T/A Holcim UK	H. Sivyer Transport LTD T/A Holcim UK	462163	NA	2026-06-16	2026-06-30	30 DAYS EOM	MIXED CONSTRUCTION AND DEMOLITION WASTE (Ticket: 1619556)\nMIXED CONSTRUCTION AND DEMOLITION WASTE (Ticket: 1619555)\nMIXED CONSTRUCTION AND DEMOLITION WASTE (Ticket: 1619552)	GBP	900.00	180.00	1080.00	standard_20	Costs/2026/06/H. Sivyer Transport LTD T A Holcim UK/2026-06-16_H. Sivyer Transport LTD T A Holcim UK_462163.pdf	Invoice - 462163 - 2026-06-18.pdf	11a44a9fa10422a7406d5395fd4f044a55ad68dea9dbb2f306c7dcba3d634163	salesinvoice.recycling@holcim.co.uk	Sales Invoice [Our Ref: 462163]	<6a33fb8d.60bd2c5d.2fe67.284cSMTPIN_ADDED_MISSING@mx.google.com>	2026-06-18 14:07:07+00	0.950	f	\N	\N	2026-06-18 15:33:09.587694+00	2026-06-18 15:33:09.587694+00	\N	\N	invoice	\N	\N	\N	f	\N	unchecked	\N	\N
a3fa4871-70e2-43b2-aed2-fcd77627f94c	pending_review	H. Sivyer Transport LTD T/A Holcim UK	H. Sivyer Transport LTD T/A Holcim UK	462216	NA	2026-06-17	2026-06-30	30 DAYS EOM	MIXED CONSTRUCTION AND DEMOLITION WASTE 170904-170904\nMIXED CONSTRUCTION AND DEMOLITION WASTE 170904-170904	GBP	600.00	120.00	720.00	standard_20	Costs/2026/06/H. Sivyer Transport LTD T A Holcim UK/2026-06-17_H. Sivyer Transport LTD T A Holcim UK_462216.pdf	Invoice - 462216 - 2026-06-18.pdf	2f03894c9d803ad415aa6b4852068b324a60019e73fe72927e0104f296497397	salesinvoice.recycling@holcim.co.uk	Sales Invoice [Our Ref: 462216]	<6a33fad0.5c36673c.e12a3.76c6SMTPIN_ADDED_MISSING@mx.google.com>	2026-06-18 14:03:57+00	0.950	f	\N	COPY POD'S WILL BE CHARGABLE AT £4.00 EACH THIS CHARGE WILL BE ADDED TO THE ACCOUNT. All Invoice Queries must be received by our Credit Control Dept within 14 days.	2026-06-18 15:34:24.180666+00	2026-06-18 15:34:24.180666+00	\N	\N	invoice	\N	\N	\N	f	\N	unchecked	\N	\N
c1303eb8-1017-4582-b1f6-6ca433b7018c	pending_review	H. Sivyer Transport LTD T/A Holcim UK	H. Sivyer Transport LTD T/A Holcim UK	462165	NA	2026-06-11	2026-06-30	30 DAYS EOM	PRIMARY TYPE ONE	GBP	400.40	80.08	480.48	standard_20	Costs/2026/06/H. Sivyer Transport LTD T A Holcim UK/2026-06-11_H. Sivyer Transport LTD T A Holcim UK_462165.pdf	Invoice - 462165 - 2026-06-18.pdf	c81d33f5f05cf7539a948d306abeb60163e3be4a27c01ec53ba9255fa8d293dd	salesinvoice.recycling@holcim.co.uk	Sales Invoice [Our Ref: 462165]	<6a33fba3.5e65fd5c.1fb3e6.3423SMTPIN_ADDED_MISSING@mx.google.com>	2026-06-18 14:07:28+00	0.990	f	\N	COPY POD'S WILL BE CHARGABLE AT £4.00 EACH THIS CHARGE WILL BE ADDED TO THE ACCOUNT	2026-06-18 15:32:02.002716+00	2026-06-21 13:03:26.199172+00	\N	\N	invoice	\N	\N	\N	f	\N	unchecked	\N	\N
9d931995-3377-4978-ba6f-55c479ef5869	pending_review	iMix Concrete Ltd	iMix Concrete Ltd	516242	124312	2026-06-17	2026-07-17	30 days (NET)	C30 concrete\nDelivery\nFuel Surcharge	GBP	460.00	92.00	552.00	standard_20	Costs/2026/06/iMix Concrete Ltd/2026-06-17_iMix Concrete Ltd_516242.pdf	A463E24C81955051003F08B51E99E7D3.pdf	df1817550318f1f30456c96860b1ca30b4c0fb2d2ef3701a047a91ed06323f6b	iMix Concrete <imix@aggsmart.co.uk>	iMix Concrete Invoice #516242	<157707da-8361-49ab-a99b-0df1f579cabf@mtasv.net>	2026-06-18 13:48:49+00	1.000	f	\N	All invoice queries must be sent via email to accounts@imixconcrete.co.uk within 7 days from date of invoice. For any account queries please contact our accounts department on 0800 688 9411. Time allowed on site: No waiting time will be charged for the first 30 minutes on site, waiting time applies thereafter unless otherwise agreed prior to delivery. iMix Concrete Ltd reserves the right to charge for any detention in excess of any pre arranged amount. This sale is subject to our terms and conditions available on our website.	2026-06-18 15:34:44.307473+00	2026-06-18 15:34:44.307473+00	\N	\N	invoice	\N	\N	\N	f	\N	unchecked	\N	\N
4e9f33cf-85ca-4354-a81a-b1c787f4dedc	pending_review	Travis Perkins Trading Company Ltd	Travis Perkins Trading Company Ltd	1045865413	CS4	2026-06-18	2026-07-31	NET MONTHLY	BLUE CIRCLE POSTCRETE 20KG	GBP	31.10	6.22	37.32	standard_20	Costs/2026/06/Travis Perkins Trading Company Ltd/2026-06-18_Travis Perkins Trading Company Ltd_1045865413.pdf	1045865413_1.pdf	fd1f26c0e0d73876902929c0c9ffbb568c1796062811b61a6d1742029d2e3693	TP E-Billing <ebilling@travisperkins.co.uk>	(HT5272) TP Invoice (1045865413) Attached	<21697157.484998.1781804268173@smtp.email.uk-london-1.oraclecloud.com>	2026-06-18 17:37:48+00	1.000	f	\N	\N	2026-06-18 19:31:17.023151+00	2026-06-18 19:31:17.023151+00	\N	\N	invoice	\N	\N	\N	f	\N	unchecked	\N	\N
8c06a6fb-f336-4e39-a7ee-0f4f4d79ddbf	pending_review	FM Conway Ltd	FM Conway Ltd	930574	WOKINGHAM	2026-06-18	2026-07-30	EOM +30	AC 10 Close Surf 70/100 HS. Dispatched from Reading Asphalt Plant.	GBP	1519.44	303.89	1823.33	standard_20	Costs/2026/06/FM Conway Ltd/2026-06-18_FM Conway Ltd_930574.pdf	930574_20181.pdf	81c062e3bc49542e076edf8fbcef530fe3a5a6579ab112d27e6cd34b92e456d0	aacreditcontrol@fmconway.co.uk	FM Conway Ltd. Invoice Number 930574	<1754910972.63.1781838365348@smtp.office365.com>	2026-06-19 03:06:05+00	0.990	f	\N	Any query to be advised within 14 days to aacreditcontrol@fmconway.co.uk	2026-06-19 03:31:23.872352+00	2026-06-19 03:31:23.872352+00	\N	\N	invoice	\N	\N	\N	f	\N	unchecked	\N	\N
37c13569-183f-46c4-8583-50b753d0b389	pending_review	Carboclass Ltd.	Carboclass Ltd.	12191427	08D04436	2026-06-02	2026-07-31	NA	136 CYC TACT 400X400X50 BF 34 (46888)\n120 BLISTER 400X400X65 BU 30 (46874)\n512 F65 400X400X65C GR 32 (46867)\n300 BLISTER 400X400X65 RE 30 (46875)\n1 MOL	GBP	4913.80	982.76	5896.56	standard_20	Costs/2026/06/Carboclass Ltd/2026-06-02_Carboclass Ltd._12191427.pdf	CJB001BI2191427_1.pdf	957c0a150043ac12f0d7505d6fe9861f1048f516432cfc77d9c005c73fd97bbd	creditcontrol@lordsbm.co.uk	Lords Invoices CJB001	<6A351AFA00006E390001.creditcontrol@lordsbm.co.uk>	2026-06-19 10:33:00+00	1.000	f	\N	\N	2026-06-19 11:31:47.748251+00	2026-06-19 11:31:47.748251+00	\N	\N	invoice	\N	\N	\N	f	\N	unchecked	\N	\N
ef3d3c53-49c8-4c51-a884-9aa1c4b068b7	pending_review	iMix Concrete Ltd	iMix Concrete Ltd	516262	NA	2026-06-18	2026-07-18	30 days (NET)	C30 concrete and Fuel Surcharge	GBP	814.50	162.90	977.40	standard_20	Costs/2026/06/iMix Concrete Ltd/2026-06-18_iMix Concrete Ltd_516262.pdf	A463E24C81955051DEA2DFFA6F98E19B.pdf	226a397b6588b9628ecec0852c5431193a053988f9ac9793da867cadef043406	iMix Concrete <imix@aggsmart.co.uk>	iMix Concrete Invoice #516262	<da853ef0-2bed-47d3-9c3f-d8a8d056a230@mtasv.net>	2026-06-19 10:16:44+00	1.000	f	\N	All invoice queries must be sent via email to accounts@imixconcrete.co.uk within 7 days from date of invoice. For any account queries please contact our accounts department on 0800 688 9411. Time allowed on site: No waiting time will be charged for the first 30 minutes on site, waiting time applies thereafter unless otherwise agreed prior to delivery. iMix Concrete Ltd reserves the right to charge for any detention in excess of any pre arranged amount.	2026-06-19 11:32:45.18823+00	2026-06-19 11:32:45.18823+00	\N	\N	invoice	\N	\N	\N	f	\N	unchecked	\N	\N
ff801e7b-7a6f-4f79-a3a6-5cb3380bced2	pending_review	CMT Equipment Limited	CMT Equipment Limited	1489243	CS4 10.06.26	2026-06-12	2026-07-12	30 days	Site Sign - Rigid PVC - 200x300mm (A4) - Ear Protection Must Be Worn\nCMT Maggie Rebar Solutions Flyer 2026 - A4\nCMT Utilities Special Offer Flyer 2026 - A4\nCMT World Cup Poster - A1 Folded to A4\nDelivery: London DC Next Day Std	GBP	75.45	15.09	90.54	standard_20	Costs/2026/06/CMT Equipment Limited/2026-06-12_CMT Equipment Limited_1489243.pdf	invoice_1489243_CJB002_2026-06-12.pdf	068542ceb248b3a66174ddbfef32eebbdb2e8224818a523db49586e1133b5860	"CMT Documents" <documents@cmt.co.uk>	Consolidated documents for your Invoice  number: 1489243 from CMT Group	<D09DC1A550C523A04E439AD4A5005A87FCA0B94F@VM0DG0UKS001>	2026-06-19 10:02:49+00	1.000	f	\N	CMT Terms and Conditions apply in exclusion of all others - cmt.co.uk/terms-and-conditions/	2026-06-19 11:33:31.839393+00	2026-06-19 16:05:54.337251+00	\N	\N	invoice	\N	\N	\N	f	\N	unchecked	\N	\N
7010b836-adfa-44c9-bf3d-2a07fb2ca4f5	pending_review	H. Sivyer Transport LTD T/A Holcim UK	H. Sivyer Transport LTD T/A Holcim UK	462437	NA	2026-06-18	2026-06-30	30 DAYS EOM	- MIXED CONSTRUCTION AND DEMOLITION WASTE (Ticket: 1620397)\n- MIXED CONSTRUCTION AND DEMOLITION WASTE (Ticket: 1620396)\n- MIXED CONSTRUCTION AND DEMOLITION WASTE (Ticket: 1620393)	GBP	900.00	180.00	1080.00	standard_20	Costs/2026/06/H. Sivyer Transport LTD T A Holcim UK/2026-06-18_H. Sivyer Transport LTD T A Holcim UK_462437.pdf	Invoice - 462437 - 2026-06-19.pdf	8a56515ccabb457b66a000c13ee36ad1307e13eb0a45f111805b487d39b6dd3e	salesinvoice.recycling@holcim.co.uk	Sales Invoice [Our Ref: 462437]	<6a354ed4.f9a3664d.23580.2618SMTPIN_ADDED_MISSING@mx.google.com>	2026-06-19 14:14:42+00	0.950	f	\N	\N	2026-06-19 15:31:29.304968+00	2026-06-19 15:31:29.304968+00	\N	\N	invoice	\N	\N	\N	f	\N	unchecked	\N	\N
3774c9f1-cdbd-4a1f-986e-df8155db2338	pending_review	CMT Equipment Limited	CMT Equipment Limited	1491059	1950558	2026-06-19	2026-07-19	30 days	- JSP M632 FFP3 Valved Moulded Disposable Mask - Pack of 10\n- Tarmac Lute c/w Handle & Stay\n- 25 Litre Plastic Container Complete With Lid\n- Sand Bags - White Polypropylene - 750 x 330 Each/Single bag\n- CMT Maggie Rebar Solutions Flyer 2026 - A4\n- CMT Utilities Special Offer Flyer 2026 - A4	GBP	719.80	143.96	863.76	standard_20	Costs/2026/06/CMT Equipment Limited/2026-06-19_CMT Equipment Limited_1491059.pdf	invoice_1491059_CJB002_2026-06-19.pdf	81f473629e857b67c13b781efb42f0d8f665791c314a8c217e3828093e5f145e	"CMT Documents" <documents@cmt.co.uk>	Consolidated documents for your Invoice  number: 1491059 from CMT Group	<CB4F0E1BF0C8F2CE88A2B89CD61DF856C6F9286A@VM0DG0UKS001>	2026-06-19 15:01:05+00	0.950	f	\N	\N	2026-06-19 15:31:12.309047+00	2026-06-19 16:01:32.427479+00	\N	\N	invoice	\N	\N	\N	f	\N	unchecked	\N	\N
4478cdc6-4791-43c5-afe0-1bba1a653748	pending_review	Travis Perkins Trading Company Ltd	Travis Perkins Trading Company Ltd	1045960818	CS4	2026-06-20	2026-07-31	NET MONTHLY	HIRED: 25/05/2026 PM to 19/06/2026 PM\n1 x VIBRATING POKER HF 57MM - 110V\n1 x LOSS AND DAMAGE WAIVER	GBP	489.69	97.94	587.63	standard_20	Costs/2026/06/Travis Perkins Trading Company Ltd/2026-06-20_Travis Perkins Trading Company Ltd_1045960818.pdf	1045960818_1.pdf	7cd38bad6acf5bc0e92b3747cd4b61d627b82e0988d8260aad28f034042e6fdc	TP E-Billing <ebilling@travisperkins.co.uk>	(HT5272) TP Hire Invoice (1045960818) Attached	<191384175.3186.1781946150862@smtp.email.uk-london-1.oraclecloud.com>	2026-06-20 09:02:30+00	1.000	f	\N	\N	2026-06-20 09:30:17.31234+00	2026-06-21 02:04:26.697316+00	\N	\N	invoice	\N	\N	\N	f	\N	unchecked	\N	\N
744b2bef-1204-4e12-ba03-7b7cb708f165	pending_review	Keyline Civils Specialist Limited	Keyline Civils Specialist Limited	1045919578	CS4	2026-06-19	2026-07-31	NET MONTHLY	BS CONCRETE KERB BULL NOSED 125 X 255 X 915MM BULL NOSE RK0350000\nTRANSITION KERB 125X255 HB-BN RH	GBP	40.95	8.19	49.14	standard_20	Costs/2026/06/Keyline Civils Specialist Limited/2026-06-19_Keyline Civils Specialist Limited_1045919578.pdf	1045919578_1.pdf	a4cae7ea41b4658f6794b1d1da1ed5087a9d6058cdcfcd35ce6fb90d74221cea	Keyline E-Billing <ebilling@keyline.co.uk>	(PR3955) Keyline Invoice (1045919578) Attached	<363025629.24345.1781876002993@smtp.email.uk-london-1.oraclecloud.com>	2026-06-19 13:33:22+00	1.000	f	\N	\N	2026-06-19 15:31:58.755981+00	2026-06-21 02:05:22.826607+00	\N	\N	invoice	\N	\N	\N	f	\N	unchecked	\N	\N
5febc0eb-0ddd-4dea-9809-ce9005f8d607	pending_review	H. Sivyer Transport LTD T/A Holcim UK	H. Sivyer Transport LTD	462252	CS4	2026-06-17	2026-06-30	30 DAYS EOM	PRIMARY TYPE ONE (15.00 TONNES @ £31.00)	GBP	465.00	93.00	558.00	standard_20	Costs/2026/06/H. Sivyer Transport LTD T A Holcim UK/2026-06-17_H. Sivyer Transport LTD T A Holcim UK_462252.pdf	Invoice - 462252 - 2026-06-18.pdf	498abae819457d0f8141869f9b47c02f6d9ad1e370410656e812b7d432ac8daf	salesinvoice.recycling@holcim.co.uk	Sales Invoice [Our Ref: 462252]	<6a33fad1.3f37ad9a.23998e.fe17SMTPIN_ADDED_MISSING@mx.google.com>	2026-06-18 14:03:59+00	0.950	f	\N	COPY POD'S WILL BE CHARGABLE AT £4.00 EACH THIS CHARGE WILL BE ADDED TO THE ACCOUNT. All Invoice Queries must be received by our Credit Control Dept within 14 days.	2026-06-18 15:34:05.756815+00	2026-06-21 02:28:37.937311+00	\N	\N	invoice	\N	\N	\N	f	\N	unchecked	\N	\N
da18c22e-7e35-4412-982e-6e40e890424b	pending_review	H. Sivyer Transport LTD T/A Holcim UK	H. Sivyer Transport LTD	460369	NA	2026-05-28	2026-05-31	30 DAYS EOM	BUILDING SAND - Ticket Ref: 1612286 - Qty: 18.76 TONNES\nBUILDING SAND - Ticket Ref: 1612285 - Qty: 18.48 TONNES	GBP	1228.92	245.79	1474.71	standard_20	Costs/2026/05/H. Sivyer Transport LTD T A Holcim UK/2026-05-28_H. Sivyer Transport LTD T A Holcim UK_460369.pdf	Invoice - 460369 - 2026-06-01.pdf	63426e1ec9e6961fed030616b9b03ab037760afd8ca1040d6b5a51d9e0481636	salesinvoice.recycling@holcim.co.uk	Sales Invoice [Our Ref: 460369]	<6a1d9292.370fad37.329a26.1dd1SMTPIN_ADDED_MISSING@mx.google.com>	2026-06-01 14:09:21+00	0.950	f	\N	\N	2026-06-19 17:25:36.216557+00	2026-06-21 02:28:37.473491+00	\N	\N	invoice	\N	\N	\N	f	\N	unchecked	\N	\N
a94689bc-b94a-431f-93a3-7df57b0f2222	pending_review	Hanson Quarry Products Europe Limited	Hanson Quarry Products Europe Limited	2032197892	CS4	2026-05-29	2026-06-28	\N	ST2 CEMI S1 20LST\nC25/30 CEMI S1 20LST	GBP	399.30	79.86	479.16	standard_20	Costs/2026/05/Hanson Quarry Products Europe Limited/2026-05-28_Hanson Quarry Products Europe Limited_2032195056_2032195057_2032195058_2032195059_2032197892_2032197893.pdf	0019460821_20189_G_1.pdf	\N	<noreply_edi@hanson.biz>	Hanson Aggregates - 0019460821 - CJB Civil Engineering Ltd	<4d5ae490-84e7-4fb2-9ee5-c4fe4b81fc90@GRPSEFRAN1532.grouphc.net>	2026-06-01 16:27:21+00	0.950	f	\N	Multi-invoice PDF (5 of 6)	2026-06-17 11:01:00.872045+00	2026-06-21 02:28:38.60091+00	\N	\N	invoice	\N	\N	\N	f	\N	unchecked	\N	\N
e823092b-b1d7-4157-9fcb-7406ce970138	pending_review	Hanson Quarry Products Europe Limited	Hanson Quarry Products Europe Limited	2032197893	VOLKER	2026-05-29	2026-06-28	\N	AC 10 close surf 100/150 rec HB	GBP	90.21	18.04	108.25	standard_20	Costs/2026/05/Hanson Quarry Products Europe Limited/2026-05-28_Hanson Quarry Products Europe Limited_2032195056_2032195057_2032195058_2032195059_2032197892_2032197893.pdf	0019460821_20189_G_1.pdf	\N	<noreply_edi@hanson.biz>	Hanson Aggregates - 0019460821 - CJB Civil Engineering Ltd	<4d5ae490-84e7-4fb2-9ee5-c4fe4b81fc90@GRPSEFRAN1532.grouphc.net>	2026-06-01 16:27:21+00	0.990	f	\N	Multi-invoice PDF (6 of 6)	2026-06-17 11:01:00.960576+00	2026-06-21 02:28:38.60091+00	\N	\N	invoice	\N	\N	\N	f	\N	unchecked	\N	\N
fd6e1d30-15e6-44c6-b7b6-cc9ea088b86f	pending_review	Hanson Quarry Products Europe Limited	Hanson Quarry Products Europe Limited	2032195056	Wokingham	2026-05-28	2026-06-28	\N	AC 10 close surf 100/150 rec HB	GBP	1449.07	289.81	1738.88	standard_20	Costs/2026/05/Hanson Quarry Products Europe Limited/2026-05-28_Hanson Quarry Products Europe Limited_2032195056_2032195057_2032195058_2032195059_2032197892_2032197893.pdf	0019460821_20189_G_1.pdf	e2030bbc9ef2641728b3ea649e436fe92eded8a823f925d83f0f8ab4baf18ca5	<noreply_edi@hanson.biz>	Hanson Aggregates - 0019460821 - CJB Civil Engineering Ltd	<4d5ae490-84e7-4fb2-9ee5-c4fe4b81fc90@GRPSEFRAN1532.grouphc.net>	2026-06-01 16:27:21+00	0.950	f	\N	Multi-invoice PDF (1 of 6)	2026-06-17 11:01:00.587584+00	2026-06-21 02:28:38.60091+00	\N	\N	invoice	\N	\N	\N	f	\N	unchecked	\N	\N
0bb8cab5-e19d-4ded-9074-1d1e468f4d75	pending_review	Hanson Quarry Products Europe Limited	Hanson Quarry Products Europe Limited	2032195057	WOKINGHMA	2026-05-28	2026-06-28	\N	AC 6 dense surf 100/150 rec HB\nAC 20 dense bin 100/150 des LB	GBP	1255.48	251.10	1506.58	standard_20	Costs/2026/05/Hanson Quarry Products Europe Limited/2026-05-28_Hanson Quarry Products Europe Limited_2032195056_2032195057_2032195058_2032195059_2032197892_2032197893.pdf	0019460821_20189_G_1.pdf	\N	<noreply_edi@hanson.biz>	Hanson Aggregates - 0019460821 - CJB Civil Engineering Ltd	<4d5ae490-84e7-4fb2-9ee5-c4fe4b81fc90@GRPSEFRAN1532.grouphc.net>	2026-06-01 16:27:21+00	0.950	f	\N	Multi-invoice PDF (2 of 6)	2026-06-17 11:01:00.66398+00	2026-06-21 02:28:38.60091+00	\N	\N	invoice	\N	\N	\N	f	\N	unchecked	\N	\N
0af08d3c-4007-412c-b86f-11dde873549a	pending_review	Hanson Quarry Products Europe Limited	Hanson Quarry Products Europe Limited	2032195058	SCS4	2026-05-28	2026-06-28	\N	ST2 CEMI S1 20LST	GBP	394.80	78.96	473.76	standard_20	Costs/2026/05/Hanson Quarry Products Europe Limited/2026-05-28_Hanson Quarry Products Europe Limited_2032195056_2032195057_2032195058_2032195059_2032197892_2032197893.pdf	0019460821_20189_G_1.pdf	\N	<noreply_edi@hanson.biz>	Hanson Aggregates - 0019460821 - CJB Civil Engineering Ltd	<4d5ae490-84e7-4fb2-9ee5-c4fe4b81fc90@GRPSEFRAN1532.grouphc.net>	2026-06-01 16:27:21+00	0.950	f	\N	Multi-invoice PDF (3 of 6)	2026-06-17 11:01:00.744981+00	2026-06-21 02:28:38.60091+00	\N	\N	invoice	\N	\N	\N	f	\N	unchecked	\N	\N
5e5ab3bb-deca-4125-9062-491aba2c285d	pending_review	Hanson Quarry Products Europe Limited	Hanson Quarry Products Europe Limited	2032195059	AVI volker	2026-05-28	2026-06-28	\N	AC 10 close surf 100/150 rec HB	GBP	104.31	20.86	125.17	standard_20	Costs/2026/05/Hanson Quarry Products Europe Limited/2026-05-28_Hanson Quarry Products Europe Limited_2032195056_2032195057_2032195058_2032195059_2032197892_2032197893.pdf	0019460821_20189_G_1.pdf	\N	<noreply_edi@hanson.biz>	Hanson Aggregates - 0019460821 - CJB Civil Engineering Ltd	<4d5ae490-84e7-4fb2-9ee5-c4fe4b81fc90@GRPSEFRAN1532.grouphc.net>	2026-06-01 16:27:21+00	0.950	f	\N	Multi-invoice PDF (4 of 6)	2026-06-17 11:01:00.803496+00	2026-06-21 02:28:38.60091+00	\N	\N	invoice	\N	\N	\N	f	\N	unchecked	\N	\N
093e9b11-915e-4396-b298-aa994202ac32	pending_review	Travis Perkins Trading Company Ltd	Travis Perkins Trading Company Limited	1045946353	CANNING TOWN BUS STATION	2026-06-19	2026-07-31	NET MONTHLY	P/SOLVE BARRIER TAPE RED/WHITE 500MX70MM	GBP	17.64	3.53	21.17	standard_20	Costs/2026/06/Travis Perkins Trading Company Ltd/2026-06-19_Travis Perkins Trading Company Ltd_1045946353.pdf	1045946353_1.pdf	1426834c060794f2e407a59dd22c48c8e0315d16ee6077b56d247712eab7f4ae	TP E-Billing <ebilling@travisperkins.co.uk>	(HT5272) TP Invoice (1045946353) Attached	<2126290713.34066.1781890888336@smtp.email.uk-london-1.oraclecloud.com>	2026-06-19 17:41:28+00	1.000	f	\N	\N	2026-06-19 19:30:21.154282+00	2026-06-21 03:10:33.298256+00	\N	\N	invoice	\N	\N	\N	f	\N	unchecked	\N	\N
8872d384-41be-4ca6-8b14-69334158dbc9	pending_review	FM Conway Ltd	FM Conway Ltd	931015	CS4	2026-06-20	2026-07-30	EOM +30	EX-WORKS ERITH DEPOT\n20/06/26 AC 20 Dense Bin 70/100 WM HS Tkt: 330-295040 Reg: BW19PPF	GBP	89.19	17.84	107.03	standard_20	Costs/2026/06/FM Conway Ltd/2026-06-20_FM Conway Ltd_931015.pdf	931015_1057.pdf	27b2caae3b3809f8a477f96c4026fa3ed849791cf70978cfdda0817d71cf8751	aacreditcontrol@fmconway.co.uk	FM Conway Ltd. Invoice Number 931015	<1440545769.7.1782011145384@smtp.office365.com>	2026-06-21 03:05:44+00	1.000	f	\N	Dispatched from Erith Asphalt Plant 32295-1404770	2026-06-21 11:06:53.715123+00	2026-06-21 13:03:22.465915+00	\N	\N	invoice	\N	\N	\N	f	\N	unchecked	\N	\N
a996f223-5dc4-4edd-a862-cd21ef4d9064	pending_review	H. Sivyer Transport LTD T/A Holcim UK	H. Sivyer Transport LTD T/A Holcim UK	462545	NA	2026-06-01	2026-06-30	30 DAYS EOM	10MM PRIMARY SHINGLE	GBP	222.58	44.52	267.10	standard_20	Costs/2026/06/H. Sivyer Transport LTD T A Holcim UK/2026-06-01_H. Sivyer Transport LTD T A Holcim UK_462545.pdf	Invoice - 462545 - 2026-06-22.pdf	a05f6e3bb61b2c2b18035b7202c68a8ad0d044afbc535d3f285f67081ff3a8f1	salesinvoice.recycling@holcim.co.uk	Sales Invoice [Our Ref: 462545]	<6a39386c.69bcf449.1c21e9.3c19SMTPIN_ADDED_MISSING@mx.google.com>	2026-06-22 13:28:10+00	0.950	f	\N	\N	2026-06-22 13:35:40.142539+00	2026-06-22 13:35:40.142539+00	\N	\N	invoice	\N	\N	\N	f	\N	unchecked	\N	\N
d652c5e4-b3ca-48dd-9483-1d74bc0c83e0	pending_review	H. Sivyer Transport LTD T/A Holcim UK	H. Sivyer Transport LTD T/A Holcim UK	462483	NA	2026-06-18	2026-06-30	30 DAYS EOM	SHARP WASHED SAND	GBP	402.50	80.50	483.00	standard_20	Costs/2026/06/H. Sivyer Transport LTD T A Holcim UK/2026-06-18_H. Sivyer Transport LTD T A Holcim UK_462483.pdf	Invoice - 462483 - 2026-06-22.pdf	a50936f29736f9dd4438110e93598b6c12d25636bd11e654d10e6cda6b583d2b	salesinvoice.recycling@holcim.co.uk	Sales Invoice [Our Ref: 462483]	<6a393869.74162078.1be77a.41d0SMTPIN_ADDED_MISSING@mx.google.com>	2026-06-22 13:28:07+00	0.950	f	\N	\N	2026-06-22 13:35:48.320579+00	2026-06-22 13:35:48.320579+00	\N	\N	invoice	\N	\N	\N	f	\N	unchecked	\N	\N
c465bbfe-a122-494e-9206-7e87d8772e7d	pending_review	H. Sivyer Transport LTD T/A Holcim UK	H. Sivyer Transport LTD T/A Holcim UK	462474	CS4	2026-06-19	2026-06-30	30 DAYS EOM	MIXED CONSTRUCTION AND DEMOLITION WASTE (Ticket: 1621458)\nMIXED CONSTRUCTION AND DEMOLITION WASTE (Ticket: 1621405)	GBP	600.00	120.00	720.00	standard_20	Costs/2026/06/H. Sivyer Transport LTD T A Holcim UK/2026-06-19_H. Sivyer Transport LTD T A Holcim UK_462474.pdf	Invoice - 462474 - 2026-06-22.pdf	4a10c69caa1a644d41ba3afce42e25edbe7e49f2e18ac701428b9a20e55ef59f	salesinvoice.recycling@holcim.co.uk	Sales Invoice [Our Ref: 462474]	<6a393867.4651c2c1.316c4c.f983SMTPIN_ADDED_MISSING@mx.google.com>	2026-06-22 13:28:05+00	0.950	f	\N	\N	2026-06-22 13:35:57.766793+00	2026-06-22 13:35:57.766793+00	\N	\N	invoice	\N	\N	\N	f	\N	unchecked	\N	\N
a0b7d61b-7e0b-4e92-b944-6f72a44b22a9	pending_review	Carboclass Ltd.	Carboclass Ltd.	I2191913	08D04508	2026-06-17	2026-07-31	NA	120 x BLISTER 400X400X65 BU 30 (46874)\n600 x BLISTER 400X400X65 RE 30 (46875)\n288 x F65 400X400X65C GR 32 (46867)\n1 x MECHANICAL OFFLOAD - CHL (99999)	GBP	4840.20	968.04	5808.24	standard_20	Costs/2026/06/Carboclass Ltd/2026-06-17_Carboclass Ltd._I2191913_v2.pdf	CJB001BI2191913_1.pdf	1e86395633abb4ace9c351569de6913e27eb77bac8c46ef6ec4762adaff9277f	creditcontrol@lordsbm.co.uk	Lords Invoices CJB001	<6A391847000064790001.creditcontrol@lordsbm.co.uk>	2026-06-22 11:11:00+00	0.950	f	\N	\N	2026-06-22 13:36:13.690789+00	2026-06-22 13:36:13.690789+00	\N	\N	invoice	\N	\N	\N	f	\N	unchecked	\N	\N
16402c0f-04b7-44da-95c0-87822093faeb	pending_review	Keyline Civils Specialist Limited	Keyline Civils Specialist Limited	1046050254	CS4	2026-06-22	2026-07-31	NET MONTHLY	BSS PRESSED SLAB 400X400X65 NATURAL CHAM	GBP	1320.00	264.00	1584.00	standard_20	Costs/2026/06/Keyline Civils Specialist Limited/2026-06-22_Keyline Civils Specialist Limited_1046050254.pdf	1046050254_1.pdf	6dc30ce996932bcaf2fa64acb01381731ec15d9eb8575b7d41cce3db0e124867	Keyline E-Billing <ebilling@keyline.co.uk>	(PR3955) Keyline Invoice (1046050254) Attached	<1351346746.20335.1782150188499@smtp.email.uk-london-1.oraclecloud.com>	2026-06-22 17:43:08+00	1.000	f	\N	\N	2026-06-22 19:30:17.679226+00	2026-06-22 20:45:09.812786+00	\N	\N	invoice	\N	\N	\N	f	\N	not_applicable	2026-06-22 20:15:09.174+00	Not matched to a subcontractor
fde14e28-9e5a-4930-857f-0373d2cfd0ee	pending_review	Keyline Civils Specialist Limited	Keyline Civils Specialist Limited	1046063052	CS4	2026-06-22	2026-07-31	NET MONTHLY	CASTLE CEMENT MULTICEM PLASTIC BAG 25KG NOMINAL\nMANSFIELD KILN DRIED SAND 30413	GBP	1632.96	326.59	1959.55	standard_20	Costs/2026/06/Keyline Civils Specialist Limited/2026-06-22_Keyline Civils Specialist Limited_1046063052.pdf	1046063052_1.pdf	ab8e3e9449b420626e1c4009697d3eac4e713711ebcf8221d390e700fda47abd	Keyline E-Billing <ebilling@keyline.co.uk>	(PR3955) Keyline Invoice (1046063052) Attached	<430460756.34005.1782157305596@smtp.email.uk-london-1.oraclecloud.com>	2026-06-22 19:41:45+00	1.000	f	\N	\N	2026-06-22 21:30:44.686267+00	2026-06-22 21:30:44.859897+00	\N	\N	invoice	\N	\N	\N	f	\N	not_applicable	2026-06-22 21:30:44.829+00	Not matched to a subcontractor
274026c2-fca5-4028-b9a5-a948134d46fa	pending_review	Travis Perkins Trading Company Ltd	Travis Perkins Trading Company Ltd	1046057487	CS4	2026-06-22	2026-07-31	NET MONTHLY	BS CONCRETE KERB BULL NOSED 125 X 255 X 915MM BULL NOSE RK0350000\nBS CONCRETE QUADRANT 305X255 QHB RK4720000	GBP	203.78	40.75	244.53	standard_20	Costs/2026/06/Travis Perkins Trading Company Ltd/2026-06-22_Travis Perkins Trading Company Ltd_1046057487_v3.pdf	1046057487_1.pdf	3adc875b703cbfbfaec2ace9f23782ad73a569ee689dfc99ed51b24c7b9821eb	TP E-Billing <ebilling@travisperkins.co.uk>	(HT5272) TP Invoice (1046057487) Attached	<1266364500.28677.1782153552984@smtp.email.uk-london-1.oraclecloud.com>	2026-06-22 18:39:12+00	1.000	f	\N	\N	2026-06-22 19:30:24.89408+00	2026-06-22 20:59:16.913494+00	\N	\N	invoice	\N	\N	\N	f	\N	not_applicable	2026-06-22 19:59:15.008+00	Not matched to a subcontractor
6282b464-27f0-4fe5-a2c2-b63916489281	pending_review	Keyline Civils Specialist Limited	Keyline Civils Specialist Limited	1046063051	CS4	2026-06-22	2026-07-31	NET MONTHLY	BSS PRESSED SLAB 400X400X65 NATURAL CHAM	GBP	660.00	132.00	792.00	standard_20	Costs/2026/06/Keyline Civils Specialist Limited/2026-06-22_Keyline Civils Specialist Limited_1046063051.pdf	1046063051_1.pdf	3f6adb17eb1ff95f4a0836a3b342cef49baebbf66c6c9404afbe67f765b823fa	Keyline E-Billing <ebilling@keyline.co.uk>	(PR3955) Keyline Invoice (1046063051) Attached	<158068949.34077.1782157319999@smtp.email.uk-london-1.oraclecloud.com>	2026-06-22 19:41:59+00	1.000	f	\N	\N	2026-06-22 21:31:22.035183+00	2026-06-22 21:31:22.203849+00	\N	\N	invoice	\N	\N	\N	f	\N	not_applicable	2026-06-22 21:31:22.166+00	Not matched to a subcontractor
\.


--
-- Data for Name: cost_invoice_splits; Type: TABLE DATA; Schema: public; Owner: postgres
--

COPY "public"."cost_invoice_splits" ("id", "cost_invoice_id", "position", "description", "project_id", "project_other", "is_overhead", "net_amount", "vat_amount", "cis_amount", "total_amount", "created_at", "updated_at") FROM stdin;
\.


--
-- Data for Name: cost_scan_skips; Type: TABLE DATA; Schema: public; Owner: postgres
--

COPY "public"."cost_scan_skips" ("message_id", "reason", "subject", "source_from", "created_at") FROM stdin;
<0102019ece936b05-15e519f7-fa5d-4c8c-8915-5bd2ecaf4a37-000000@eu-west-1.amazonses.com>	link_download_failed	Colm, start saving now with Amazon Business	Amazon Business <no-reply@business.amazon.co.uk>	2026-06-16 06:00:16.470292+00
<CWXP123MB3560DAA9BB0DB7FD99FBA79BEDE62@CWXP123MB3560.GBRP123.PROD.OUTLOOK.COM>	no_attachment	RE: Invoice SKIP157802 from Recycled Material Southern Ltd. for Order : 418783	Accounts <Accounts@rmssouthlondon.co.uk>	2026-06-16 06:04:01.634546+00
<20260615085457.e5cde75eb84f7adb@bookingplatform.apc-overnight.com>	no_attachment	Consignment 0028521 Status: Delivered	noreply@bookingplatform.apc-overnight.com	2026-06-16 06:07:37.759017+00
<zubrnc55R5GvhaKmbg9_ag@geopod-ismtpd-14>	link_download_failed	Timesheets to Review	Pave Recruit <hello@pave-recruit.com>	2026-06-16 06:07:37.953554+00
<20260615081739.88c4da691c09a100@mail4.laptopsdirect.co.uk>	no_attachment	Upgrade their day with gadgets they’ll love	Laptops Direct <noreply@mail4.laptopsdirect.co.uk>	2026-06-16 06:07:37.99542+00
<e3cc875c8ec9f5c3ebdae29e1.bd330b99a9.20260615081154.ac820a7130.193d5dd9@mail245.atl221.rsgsv.net>	link_download_failed	THE CIVILS SAVER - ALL NEW HI VIS SURVEY LINEMARKING PAINT!!	CID Group <marketing@cidgroup.co.uk>	2026-06-16 06:07:50.291788+00
<NM65E1F8AE30856C563nestlen_mid_prod1-Ym91bmNlQHVrLm5lc3ByZXNzby5jb20=@uk.nespresso.com>	no_attachment	Save up to £40	"Nespresso" <nespresso@uk.nespresso.com>	2026-06-16 06:07:50.335034+00
<LO2P123MB212607B0211450F6CEBAC02EC1E52@LO2P123MB2126.GBRP123.PROD.OUTLOOK.COM>	no_attachment	RE: SHELMAR ENG CLOSURE	Diane <diane@shelmar.uk>	2026-06-16 11:46:09.504614+00
<6a3106d7.b524cca9.342e17.7bddSMTPIN_ADDED_BROKEN@mx.google.com>	no_attachment	Brother at your side account email verification code	Microsoft on behalf of Brother at your side <msonlineservicesteam@microsoftonline.com>	2026-06-16 12:12:24.13365+00
<CAMkuUGxqirLSUsb2V5A+Yd2b2mFw0YLKg2_axkOW1__8X=5_Gg@mail.gmail.com>	no_attachment	[CJBCE] Active Backup for Business - backup task Colm Beckwith-Default on CJBCE was unsuccessful	CJBCE - Synology NAS <accounts@nb-contractors.co.uk>	2026-06-16 12:12:46.810639+00
<ec0e0667694c11f19f7ebc241126560a@synologynotification.com>	no_attachment	[CJBCE] Active Backup for Business - backup task Colm Beckwith-Default on CJBCE was unsuccessful	"Synology Notification System" <sns@synologynotification.com>	2026-06-16 12:12:46.927909+00
<976ec7ac5bea49a99072b76488fe2bae@uktruckparts.com>	no_attachment	RE: INVOICE HNV206938	"info@uktruckparts.com" <info@uktruckparts.com>	2026-06-16 12:32:31.069731+00
<LO2P123MB21269C3F11EA3C6980C83477C1E52@LO2P123MB2126.GBRP123.PROD.OUTLOOK.COM>	no_attachment	RE: SHELMAR ENG CLOSURE	Diane <diane@shelmar.uk>	2026-06-16 12:41:49.985158+00
<1299533173.275028.1781626187592.JavaMail.donotreply@APP38>	no_attachment	Confirmation of Vehicle Tax	DVLA Electronic Vehicle Licensing <donotreply.evl@dvla.gov.uk>	2026-06-16 17:30:16.162426+00
<kfOSqazxS3W8w7QGlLnxHw@geopod-ismtpd-5>	link_download_failed	Timesheets to Review	Pave Recruit <hello@pave-recruit.com>	2026-06-16 23:31:33.486569+00
<20260614003005.0c84e94f8e48d2b5@cioeu109333.lovable.dev>	no_attachment	Earn 100 credits — know someone who should be building  with Lovable?	Lovable <noreply@lovable.dev>	2026-06-16 23:31:41.969627+00
<CAMkuUGyyj7nO6fLtN2-VaZxUf-7Lw1AE101gSuyW3rwKB93_Mw@mail.gmail.com>	no_attachment	[CJBCE] DSM has detected a new login behavior on CJBCE	CJBCE - Synology NAS <accounts@nb-contractors.co.uk>	2026-06-16 23:31:41.994576+00
<65f663b0672a11f18925bc2411690b80@synologynotification.com>	no_attachment	[CJBCE] DSM has detected a new login behavior on CJBCE	"Synology Notification System" <sns@synologynotification.com>	2026-06-16 23:31:42.015242+00
<20260612184407.a9560d1e7925f9a8@bookingplatform.apc-overnight.com>	no_attachment	APC Overnight Ref: 0028521	noreply@bookingplatform.apc-overnight.com	2026-06-16 23:35:16.771085+00
<20260612122309.aff7f79914d6c8b8@cioeu109333.lovable.dev>	no_attachment	Faster builds, tighter security, your brand	Lovable <noreply@lovable.dev>	2026-06-16 23:37:41.435305+00
<32db608760fac34de31ae00a9.74c2672519.20260612092208.649d5e49d0.aad4b04a@mail26.suw13.rsgsv.net>	no_attachment	Car trailer hire made simple 🚗	GT Towing <sales@gttowing.co.uk>	2026-06-16 23:38:02.622384+00
<e3cc875c8ec9f5c3ebdae29e1.bd330b99a9.20260612070808.92762b0588.e01631dd@mail218.atl21.rsgsv.net>	link_download_failed	FRIDAY FRENZY - SDS+ TURBO DRILL BIT FREEBIE!!	CID Group <marketing@cidgroup.co.uk>	2026-06-16 23:38:15.184351+00
<CAMkuUGyzHfNMsaKYjVT_1RkpH-V6ZUrEep4m+=VoDP=497A2NA@mail.gmail.com>	no_attachment	[CJBCE] Active Backup for Business - The backup tasks on CJBCE missed their scheduled backups	CJBCE - Synology NAS <accounts@nb-contractors.co.uk>	2026-06-16 23:38:22.435966+00
<d2b72c0fa16252ee23008696c.c7ce45a44c.20260611153249.72ceb29c97.4ddb65ad@mail49.sea41.rsgsv.net>	no_attachment	Upcoming Men’s Health Week: Why early support matters	Express Medicals <workhealth@expressmedicals.co.uk>	2026-06-17 04:50:39.582034+00
<d209443765a611f18722bc2411e20161@synologynotification.com>	no_attachment	[CJBCE] Active Backup for Business - backup task Colm Beckwith-Default on CJBCE was unsuccessful	"Synology Notification System" <sns@synologynotification.com>	2026-06-17 04:50:48.905113+00
<CAMkuUGw9CnVVJqzNWRc2Cb_R6PByaO+ifiB+yjS=ACk3sc7QEQ@mail.gmail.com>	no_attachment	[CJBCE] Active Backup for Business - backup task Colm Beckwith-Default on CJBCE was unsuccessful	CJBCE - Synology NAS <accounts@nb-contractors.co.uk>	2026-06-17 04:50:48.934558+00
<NM65C781C5408521D54nestlen_mid_prod1-Ym91bmNlQHVrLm5lc3ByZXNzby5jb20=@uk.nespresso.com>	no_attachment	Save up to £40 | Sip happiness this summer	"Nespresso" <nespresso@uk.nespresso.com>	2026-06-17 04:55:39.554012+00
<0102019eb4ecab1e-ddcce52d-70a5-4dd5-bfe8-2bbeec80ed14-000000@eu-west-1.amazonses.com>	link_download_failed	Colm, start saving now with Amazon Business	Amazon Business <no-reply@business.amazon.co.uk>	2026-06-17 04:55:55.206565+00
<CAMkuUGwR2SsemEyB8ODWf5jFcW3fw7wtM04quWUue02+Uxj92w@mail.gmail.com>	no_attachment	[CJBCE] Security risks detected on CJBCE	CJBCE - Synology NAS <accounts@nb-contractors.co.uk>	2026-06-17 04:55:55.225055+00
<2e46f022653a11f193a5bc2411e20161@synologynotification.com>	no_attachment	[CJBCE] Security risks detected on CJBCE	"Synology Notification System" <sns@synologynotification.com>	2026-06-17 04:55:55.242712+00
<0102019eb3caa9e7-68440f4c-d617-4229-a34f-5c71aa232774-000000@eu-west-1.amazonses.com>	no_attachment	Amazon Haul: Say hello to crazy low prices	"Amazon.co.uk" <amazon-offers@amazon.co.uk>	2026-06-17 04:56:09.626065+00
<20260610222415.fa0849e557fd91b6@cioeu109333.lovable.dev>	no_attachment	You've built something. Here's what to do with it	Lovable <noreply@lovable.dev>	2026-06-17 04:56:09.652833+00
<0100019eb2613662-63c98526-6600-4483-8b12-aecb102d9a9b-000000@email.amazonses.com>	no_attachment	Your activation link for Framer	Framer <team@framer.com>	2026-06-17 04:56:17.963741+00
<0100019eb25bfcf3-e849c8cb-7d24-4b9a-8180-c83af8d5bcba-000000@email.amazonses.com>	no_attachment	Your activation link for Framer	Framer <team@framer.com>	2026-06-17 04:56:17.984802+00
<E1020005-18B7B0072BC895DE-DC32731F@shopify.com>	no_attachment	The Perfect Father's Day Gift for Car Lovers — Save 10% with FATHER10	UK Custom Covers <support@ukcustomcovers.com>	2026-06-17 04:56:54.674377+00
<CW1P302MB2431310DF7DAA50644C16F2AAA1A2@CW1P302MB2431.GBRP302.PROD.OUTLOOK.COM>	no_attachment	CJB Civil Engineering Ltd - Acc 315552 - May 2026	Jacqui Elsworth <Jacqui.Elsworth@CapitalConcrete.co.uk>	2026-06-17 04:56:54.704794+00
<z-gA8sFjSUOzlkROD5QRwQ@geopod-ismtpd-11>	link_download_failed	Overdue Invoice(s) – Action Required	"info@quba.solutions" <info@quba.solutions>	2026-06-17 04:57:44.760051+00
<ab88babc646111f1aab4bc241126560a@synologynotification.com>	no_attachment	Connection to cjbce.synology.me has been resumed since 2026-06-10 00:16:35 +00:00	"Synology Account" <noreply@synologynotification.com>	2026-06-17 04:57:53.067954+00
<f58a7d08645d11f1bac5bc2411e20161@synologynotification.com>	no_attachment	Connection to cjbce.synology.me has been lost since 2026-06-09 23:50:05 +00:00	"Synology Account" <noreply@synologynotification.com>	2026-06-17 04:57:53.089015+00
<027301dcf82d$d0a47d90$71ed78b0$@cjbce.co.uk>	no_attachment	RE: LM22RXA - FORD TRANSIT	<colm.beckwith@cjbce.co.uk>	2026-06-17 05:01:05.593295+00
<6a27fb22.abb839ae.27759d.c031@mx.google.com>	no_attachment	Microsoft Outlook Test Message	"Microsoft Outlook" <accounts@cjbce.co.uk>	2026-06-17 05:04:35.52133+00
<g-ZV-71oJ8UBsXDevb-Rrw@notifications.google.com>	no_attachment	Security alert	Google <no-reply@accounts.google.com>	2026-06-17 05:04:35.545218+00
<CAMkuUGwFchhUzjfgQ=9eL2_QuedcHv_1TmxHXHf_8Rgdzrcz0Q@mail.gmail.com>	no_attachment	[CJBCE] Active Backup for Business - backup task Kyle Naddy-Default on CJBCE was unsuccessful	CJBCE - Synology NAS <accounts@nb-contractors.co.uk>	2026-06-17 05:04:35.563373+00
<73325ca963f611f191cebc2411690b80@synologynotification.com>	no_attachment	[CJBCE] Active Backup for Business - backup task Kyle Naddy-Default on CJBCE was unsuccessful	"Synology Notification System" <sns@synologynotification.com>	2026-06-17 05:04:35.58111+00
<0102019ed46dd0d3-66710b37-f23a-4078-a48e-93db1515fa9f-000000@eu-west-1.amazonses.com>	no_attachment	The year's biggest deals are almost here. Plus, £150 off.	Amazon Business <no-reply@business.amazon.co.uk>	2026-06-17 07:30:10.78778+00
<LOVP123MB8526AF8D78ED1FA727D51157B4E42@LOVP123MB8526.GBRP123.PROD.OUTLOOK.COM>	no_attachment	RE: SHELMAR ENG CLOSURE	Andy <Andy@shelmar.uk>	2026-06-17 07:30:10.866844+00
<CAMkuUGy7pqzmhUO=LBJ+Xag0Wx_9=RveJvwQOaML0Q6-5k9fWw@mail.gmail.com>	no_attachment	[CJBCE] Active Backup for Business - backup task Colm Beckwith-Default on CJBCE was unsuccessful	CJBCE - Synology NAS <accounts@nb-contractors.co.uk>	2026-06-17 08:41:01.544006+00
<f9f1714a634f11f1b07cbc241126560a@synologynotification.com>	no_attachment	[CJBCE] Active Backup for Business - backup task Colm Beckwith-Default on CJBCE was unsuccessful	"Synology Notification System" <sns@synologynotification.com>	2026-06-17 08:41:01.568036+00
<054701dcf756$66a72370$33f56a50$@narcltd.co.uk>	no_attachment	RE: LM22RXA - FORD TRANSIT	<sid@narcltd.co.uk>	2026-06-17 08:41:09.716483+00
<CAMkuUGzxagRT3y15yfgN=4Qyu---wzbx2vF8XtCKKGqeka_QcQ@mail.gmail.com>	no_attachment	[CJBCE] Active Backup for Business - backup task Kyle Naddy-Default on CJBCE was unsuccessful	CJBCE - Synology NAS <accounts@nb-contractors.co.uk>	2026-06-17 08:45:36.0548+00
<2f5907fc631911f1ad7abc241126560a@synologynotification.com>	no_attachment	[CJBCE] Active Backup for Business - backup task Kyle Naddy-Default on CJBCE was unsuccessful	"Synology Notification System" <sns@synologynotification.com>	2026-06-17 08:45:36.102773+00
<CAMkuUGz6pQev7fro3N2z+E15qZXRutD8y=yoPibSQrVOCiXNmQ@mail.gmail.com>	no_attachment	[CJBCE] DSM has detected a new login behavior on CJBCE	CJBCE - Synology NAS <accounts@nb-contractors.co.uk>	2026-06-17 08:45:36.132448+00
<99cf698a631611f181bebc2411e20161@synologynotification.com>	no_attachment	[CJBCE] DSM has detected a new login behavior on CJBCE	"Synology Notification System" <sns@synologynotification.com>	2026-06-17 08:45:36.170259+00
<e3cc875c8ec9f5c3ebdae29e1.bd330b99a9.20260608060154.63c51cbf14.a0b6b47f@mail54.sea61.rsgsv.net>	link_download_failed	THE CIVILS SAVER - GIANT AERFORCE PAPR!!	CID Group <marketing@cidgroup.co.uk>	2026-06-17 08:45:53.583514+00
<0dzoVfrdTby5oHgkXoVH5w@geopod-ismtpd-8>	link_download_failed	Timesheets to Review	Pave Recruit <hello@pave-recruit.com>	2026-06-17 08:49:26.228448+00
<d9658291620311f18aa1bc241126560a@synologynotification.com>	no_attachment	[CJBCE] Active Backup for Business - The backup tasks on CJBCE missed their scheduled backups	"Synology Notification System" <sns@synologynotification.com>	2026-06-17 08:49:26.271706+00
<CAMkuUGzUS0oKvFypwNhaFgxy0kpOYK3d7okbH5pXXR4Zde0xDA@mail.gmail.com>	no_attachment	[CJBCE] Active Backup for Business - The backup tasks on CJBCE missed their scheduled backups	CJBCE - Synology NAS <accounts@nb-contractors.co.uk>	2026-06-17 08:49:26.307078+00
<20260606091738.4fb9da91925764f7@mail4.laptopsdirect.co.uk>	no_attachment	Your weekend tech upgrade starts here	Laptops Direct <noreply@mail4.laptopsdirect.co.uk>	2026-06-17 08:49:26.359515+00
<xOD8whrASTO3CszCb95gkg@geopod-ismtpd-1>	link_download_failed	Timesheets to Review	Pave Recruit <hello@pave-recruit.com>	2026-06-17 08:49:34.914226+00
<aee59304613a11f1bcafbc2411690b80@synologynotification.com>	no_attachment	[CJBCE] Active Backup for Business - The backup tasks on CJBCE missed their scheduled backups	"Synology Notification System" <sns@synologynotification.com>	2026-06-17 08:49:51.967148+00
<CAMkuUGzgQ+AjY9G0_ceymzTDU3tF_esPEfG7BezS2OKC3iezcA@mail.gmail.com>	no_attachment	[CJBCE] Active Backup for Business - The backup tasks on CJBCE missed their scheduled backups	CJBCE - Synology NAS <accounts@nb-contractors.co.uk>	2026-06-17 08:49:52.003156+00
<c4d98e9660e311f18bc2bc241126560a@synologynotification.com>	no_attachment	[CJBCE] Active Backup for Business - backup task Colm Beckwith-Default on CJBCE was unsuccessful	"Synology Notification System" <sns@synologynotification.com>	2026-06-17 09:18:01.184123+00
<CAMkuUGx3vdFfHjt+256rdk11+ozuqL59GBqbYb8R8UKRPyqqNg@mail.gmail.com>	no_attachment	[CJBCE] Active Backup for Business - backup task Colm Beckwith-Default on CJBCE was unsuccessful	CJBCE - Synology NAS <accounts@nb-contractors.co.uk>	2026-06-17 09:18:01.21333+00
<6a22ac3b.d533ac13.2c43ba.128cSMTPIN_ADDED_MISSING@mx.google.com>	no_attachment	One Time Code From Sivyer	salesinvoice.recycling@holcim.co.uk	2026-06-17 09:18:01.236392+00
<6a22aa59.cad47fd5.90f59.9966SMTPIN_ADDED_MISSING@mx.google.com>	no_attachment	One Time Code From Sivyer	salesinvoice.recycling@holcim.co.uk	2026-06-17 09:18:01.272348+00
<6a229afd.553a8405.3f7f6.b535SMTPIN_ADDED_MISSING@mx.google.com>	no_attachment	One Time Code From Sivyer	salesinvoice.recycling@holcim.co.uk	2026-06-17 09:18:09.330778+00
<e3cc875c8ec9f5c3ebdae29e1.bd330b99a9.20260605070316.a64c42a3e6.aee6be53@mail54.sea61.rsgsv.net>	link_download_failed	FRIDAY FRENZY - ALL NEW FLEXICONE 750!!	CID Group <marketing@cidgroup.co.uk>	2026-06-17 09:18:43.623064+00
<8958a97b607111f18f68bc241126560a@synologynotification.com>	no_attachment	[CJBCE] Active Backup for Business - The backup tasks on CJBCE missed their scheduled backups	"Synology Notification System" <sns@synologynotification.com>	2026-06-17 09:19:07.357428+00
<0102019ed80dd630-85f739de-e88f-4765-a18f-3b0b554c2bfc-000000@eu-west-1.amazonses.com>	no_attachment	Try Amazon pickup and save £3	"Amazon.co.uk" <amazon-offers@amazon.co.uk>	2026-06-18 01:30:32.477979+00
<CAMkuUGyv=QD1QmyuhHtwvd+7MmMpJhznhCtCb=SrYYPZtNirRw@mail.gmail.com>	no_attachment	[CJBCE] Active Backup for Business - The backup tasks on CJBCE missed their scheduled backups	CJBCE - Synology NAS <accounts@nb-contractors.co.uk>	2026-06-17 09:19:07.384307+00
<CAMkuUGyEgf=2V9OQ2ZHG9JnVXWiRdd=xODu8UDR=6TPZX6zKSw@mail.gmail.com>	no_attachment	[CJBCE] Active Backup for Business - backup task Kyle Naddy-Default on CJBCE was unsuccessful	CJBCE - Synology NAS <accounts@nb-contractors.co.uk>	2026-06-17 09:21:43.38449+00
<0fd7d4f6604e11f19022bc2411690b80@synologynotification.com>	no_attachment	[CJBCE] Active Backup for Business - backup task Kyle Naddy-Default on CJBCE was unsuccessful	"Synology Notification System" <sns@synologynotification.com>	2026-06-17 09:21:43.432955+00
<6a218f94.e415c98e.27f871.5a69SMTPIN_ADDED_MISSING@mx.google.com>	no_attachment	One Time Code From Sivyer	salesinvoice.recycling@holcim.co.uk	2026-06-17 09:22:01.105452+00
<a33c40725f9b69417361e539b.7d5a5c4710.20260604134954.9a8d8c6f1b.c96a337a@mail98.atl91.mcsv.net>	no_attachment	Introducing the New and Improved DALTEX 90° Bound	Daltex Resin Bound <marketing@derbyaggs.com>	2026-06-17 09:22:08.839469+00
<6a217adb.2fb4735c.120c1e.37d3SMTPIN_ADDED_MISSING@mx.google.com>	no_attachment	One Time Code From Sivyer	salesinvoice.recycling@holcim.co.uk	2026-06-17 09:23:00.435171+00
<d2b72c0fa16252ee23008696c.c7ce45a44c.20260604130257.ed7051cedd.2f7d6d09@mail49.sea41.rsgsv.net>	no_attachment	Reflecting on 30 years in occupational health	Express Medicals <workhealth@expressmedicals.co.uk>	2026-06-17 09:23:48.268571+00
<CgjkKOaIRBWgc6IVlzs9xQ@geopod-ismtpd-3>	no_attachment	HMT VersaDrive - Professional Holemaking Starts Here	"Magdrill.com" <no-reply@magdrill.com>	2026-06-17 09:25:54.123691+00
<04bba2695fba11f1b6f9bc2411e20161@synologynotification.com>	no_attachment	[CJBCE] Security risks detected on CJBCE	"Synology Notification System" <sns@synologynotification.com>	2026-06-17 09:28:10.520414+00
<CAMkuUGzpueTod3PcrQ2ippDkp=TUJH=RpLWs8W_PWsc5nMFP_w@mail.gmail.com>	no_attachment	[CJBCE] Security risks detected on CJBCE	CJBCE - Synology NAS <accounts@nb-contractors.co.uk>	2026-06-17 09:28:10.538914+00
<5b5eef265fa811f18d7ebc241126560a@synologynotification.com>	no_attachment	[CJBCE] Active Backup for Business - The backup tasks on CJBCE missed their scheduled backups	"Synology Notification System" <sns@synologynotification.com>	2026-06-17 09:28:23.384162+00
<CAMkuUGwkL+u4kn5h6GCO2bQC01o4hVG3V7VsU5WkPV_Sf_KE-g@mail.gmail.com>	no_attachment	[CJBCE] Active Backup for Business - The backup tasks on CJBCE missed their scheduled backups	CJBCE - Synology NAS <accounts@nb-contractors.co.uk>	2026-06-17 09:28:23.402956+00
<20260617081510.7b6cb44ac2046c8e@cioeu109333.lovable.dev>	no_attachment	More transparent usage breakdown & one balance for everything you build and run	Lovable <noreply@lovable.dev>	2026-06-17 09:31:03.269674+00
<20260603193941.73e5137defe25f1d@mail4.laptopsdirect.co.uk>	no_attachment	Your winning tech lineup awaits	Laptops Direct <noreply@mail4.laptopsdirect.co.uk>	2026-06-17 09:42:54.921547+00
<DB4PR08MB80314B029ABC21250C48D226B6132@DB4PR08MB8031.eurprd08.prod.outlook.com>	no_attachment	Hired In Plant Insurance (Renewal)	Accounts Team <accounts@standard-plant.co.uk>	2026-06-17 09:44:23.30678+00
<6a202802.3ceaf6fb.51f0b.5546SMTPIN_ADDED_MISSING@mx.google.com>	no_attachment	One Time Code From Sivyer	salesinvoice.recycling@holcim.co.uk	2026-06-17 09:48:16.486477+00
<E1020005-18B589FFB4414CA2-EA8F33C9@shopify.com>	no_attachment	Everyday Protection for Spring Adventures — Save 10% with SPRING10	UK Custom Covers <sales@ukcustomcovers.com>	2026-06-17 09:48:48.651778+00
<CAMkuUGzDdXCAMMLCA=89+Vxq5Wq-DRvk57aOaj51QSqL2q4GVA@mail.gmail.com>	no_attachment	[CJBCE] Active Backup for Business - The backup tasks on CJBCE missed their scheduled backups	CJBCE - Synology NAS <accounts@nb-contractors.co.uk>	2026-06-17 09:51:03.875665+00
<317ceb785edf11f188b7bc2411e20161@synologynotification.com>	no_attachment	[CJBCE] Active Backup for Business - The backup tasks on CJBCE missed their scheduled backups	"Synology Notification System" <sns@synologynotification.com>	2026-06-17 09:51:03.91691+00
<5e3d6cc95e8611f195dabc2411690b80@synologynotification.com>	no_attachment	[CJBCE] Active Backup for Business - backup task Colm Beckwith-Default on CJBCE was unsuccessful	"Synology Notification System" <sns@synologynotification.com>	2026-06-17 10:20:33.053073+00
<CAMkuUGyh3zfhe_n7X-fpQ40afB=NQ7ub3Sfq9U6qBttA2A81Kg@mail.gmail.com>	no_attachment	[CJBCE] Active Backup for Business - backup task Colm Beckwith-Default on CJBCE was unsuccessful	CJBCE - Synology NAS <accounts@nb-contractors.co.uk>	2026-06-17 10:20:33.081501+00
<E1020005-18B9D619DE09DA36-DD6FD18C@shopify.com>	no_attachment	Personalised Windscreen Covers for Father's Day — Save 10% with FATHER10	UK Custom Covers <support@ukcustomcovers.com>	2026-06-17 10:49:45.483712+00
<32db608760fac34de31ae00a9.74c2672519.20260617094416.60c572c4ea.7698c0ae@mail68.suw151.rsgsv.net>	link_download_failed	Before you tow this summer, check this	GT Towing <sales@gttowing.co.uk>	2026-06-17 10:49:56.708153+00
<20260615061448.a25b742acaa7c8fb@bookingplatform.apc-overnight.com>	no_attachment	APC Overnight Parcel Delivery Pre-Advice	noreply@bookingplatform.apc-overnight.com	2026-06-17 10:56:42.266759+00
<CAMkuUGzgsesa7eZWo=ga=yeXFF555Tv6x1jPpSSV_CG2RN_jkA@mail.gmail.com>	no_attachment	[CJBCE] DSM has detected a new login behavior on CJBCE	CJBCE - Synology NAS <accounts@nb-contractors.co.uk>	2026-06-17 11:07:32.117851+00
<f1eeb4555db811f19b27bc241126560a@synologynotification.com>	no_attachment	[CJBCE] DSM has detected a new login behavior on CJBCE	"Synology Notification System" <sns@synologynotification.com>	2026-06-17 11:07:32.159411+00
<e3cc875c8ec9f5c3ebdae29e1.bd330b99a9.20260601060204.8a1ba4d571.14f31d04@mail245.atl221.rsgsv.net>	link_download_failed	THE CIVILS SAVER - GIANT TORQFORCE SAFETY BOOTS!!	CID Group <marketing@cidgroup.co.uk>	2026-06-17 11:11:28.580522+00
<CAMkuUGySTLOBMDHes49Wnpd9mjGSOGFKSuWyUStbFkUBathiiQ@mail.gmail.com>	no_attachment	[CJBCE] Monthly drive health report on CJBCE - Healthy	CJBCE - Synology NAS <accounts@nb-contractors.co.uk>	2026-06-17 11:11:28.647521+00
<NM6587025200844DFFDnestlen_mid_prod1-Ym91bmNlQHVrLm5lc3ByZXNzby5jb20=@uk.nespresso.com>	no_attachment	🎶 Win tickets to see The Weeknd li ve! 🎶	"Nespresso" <nespresso@uk.nespresso.com>	2026-06-17 11:53:21.988975+00
<2D4A8E5A-1DD5-4B46-A17A-6775A6AB87A7@cjbce.co.uk>	no_attachment	Fwd: Keltic TM Invoices	Colm Beckwith <colm.beckwith@cjbce.co.uk>	2026-06-17 13:30:31.756329+00
<CAMkuUGxBHPbYMkyEMdsDi2mzT9Awhgv6A9SiJ2x_ukgAZ+x5UQ@mail.gmail.com>	no_attachment	[CJBCE] Active Backup for Business - backup task Kyle Naddy-Default on CJBCE was unsuccessful	CJBCE - Synology NAS <accounts@nb-contractors.co.uk>	2026-06-17 13:30:31.824285+00
<6a141fa06a4d11f1b961bc241126560a@synologynotification.com>	no_attachment	[CJBCE] Active Backup for Business - backup task Kyle Naddy-Default on CJBCE was unsuccessful	"Synology Notification System" <sns@synologynotification.com>	2026-06-17 13:30:31.881936+00
<CC9B5C2F-1C57-4E3B-AC42-A2D47B8AA715@cjbce.co.uk>	no_attachment	Re: Keltic TM Invoices	Colm Beckwith <colm.beckwith@cjbce.co.uk>	2026-06-17 15:30:16.400132+00
<00ad01dcfe5f$4831be40$d8953ac0$@cjbce.co.uk>	link_download_failed	RE: Statement from TJS Grab Services Ltd for CJB Civils Engineering Ltd	<colm.beckwith@cjbce.co.uk>	2026-06-17 15:30:58.823561+00
<1BCE591E-9DDE-4B68-AC1E-EE6A0BD7E86F@btinternet.com>	link_download_failed	Re: Statement from TJS Grab Services Ltd for CJB Civils Engineering Ltd	Trevor Sullivan <tjsgrabs@btinternet.com>	2026-06-17 17:30:19.993333+00
<aceaa2126aa811f1881bbc2411690b80@synologynotification.com>	no_attachment	[CJBCE] Active Backup for Business - The backup tasks on CJBCE missed their scheduled backups	"Synology Notification System" <sns@synologynotification.com>	2026-06-18 01:30:32.528145+00
<CAMkuUGwXtua+b+pLeuQ_QZNdhmLZWLPrTKaUuh8bcQfy1grGGg@mail.gmail.com>	no_attachment	[CJBCE] Active Backup for Business - The backup tasks on CJBCE missed their scheduled backups	CJBCE - Synology NAS <accounts@nb-contractors.co.uk>	2026-06-18 01:30:32.551651+00
<5084b7586aba11f1817abc2411e20161@synologynotification.com>	no_attachment	[CJBCE] Security risks detected on CJBCE	"Synology Notification System" <sns@synologynotification.com>	2026-06-18 03:30:08.328442+00
<NM6600AE034085D8CE2nestlen_mid_prod1-Ym91bmNlQHVrLm5lc3ByZXNzby5jb20=@uk.nespresso.com>	no_attachment	Get weekend ready | Save up to £40	"Nespresso" <nespresso@uk.nespresso.com>	2026-06-18 07:30:10.969208+00
<6a33d0d9.903c8352.14cc2a.3d91SMTPIN_ADDED_MISSING@mx.google.com>	no_attachment	One Time Code From Sivyer	salesinvoice.recycling@holcim.co.uk	2026-06-18 11:30:15.09936+00
<FC321F53-545F-4822-B94C-D6B128044F4C@cjbce.co.uk>	no_attachment	Re: Keltic TM Invoices	Colm Beckwith <colm.beckwith@cjbce.co.uk>	2026-06-18 11:30:15.201987+00
<CWXP265MB522656D66FE9F42DFFF746F2A3E32@CWXP265MB5226.GBRP265.PROD.OUTLOOK.COM>	no_attachment	RE: BK73PNN	Taylor Burnell <Taylor.Burnell@northgatevehiclehire.co.uk>	2026-06-18 13:30:14.670173+00
<6a340835.370fad37.11710.a901SMTPIN_ADDED_MISSING@mx.google.com>	no_attachment	One Time Code From Sivyer	salesinvoice.recycling@holcim.co.uk	2026-06-18 15:31:03.514878+00
<20260619001530.b1faf16510e481c0@cioeu109333.lovable.dev>	no_attachment	Your project just hit 100 visitors!	Lovable <noreply@lovable.dev>	2026-06-19 01:30:12.521852+00
<e3cc875c8ec9f5c3ebdae29e1.bd330b99a9.20260619072439.8811ad0bb1.2c8d96ae@mail218.atl21.rsgsv.net>	link_download_failed	FRIDAY FRENZY - MEASURING WHEEL DEAL!!	CID Group <marketing@cidgroup.co.uk>	2026-06-19 07:30:26.26166+00
<SK65GG55RKiGFdmrlLlueQ@geopod-ismtpd-6>	link_download_failed	Timesheets to Review	Pave Recruit <hello@pave-recruit.com>	2026-06-19 21:30:13.855707+00
<696da3046c4b11f1bcdabc2411e20161@synologynotification.com>	no_attachment	[CJBCE] Active Backup for Business - backup task Colm Beckwith-Default on CJBCE was unsuccessful	"Synology Notification System" <sns@synologynotification.com>	2026-06-20 03:30:22.88003+00
<CAMkuUGw3mcrV3dUR3oxDFeY7JVcuGOC4DZ75utqpt6uPkVUDHQ@mail.gmail.com>	no_attachment	[CJBCE] Active Backup for Business - backup task Colm Beckwith-Default on CJBCE was unsuccessful	CJBCE - Synology NAS <accounts@nb-contractors.co.uk>	2026-06-20 03:30:22.930693+00
<20260620091735.8988523c65d363b4@mail4.laptopsdirect.co.uk>	no_attachment	Don’t miss this week’s hottest tech	Laptops Direct <noreply@mail4.laptopsdirect.co.uk>	2026-06-20 09:30:09.5372+00
<sMeLMzC0vd9RAhRIgRI0FA@notifications.google.com>	no_attachment	Security alert	Google <no-reply@accounts.google.com>	2026-06-21 02:03:19.551811+00
<67_MyxaEM-4Y7i-KDSnBKg@notifications.google.com>	no_attachment	Security alert	Google <no-reply@accounts.google.com>	2026-06-21 02:03:19.608007+00
<2f6d26b96d0411f18a35bc2411690b80@synologynotification.com>	no_attachment	[CJBCE] Active Backup for Business - The backup tasks on CJBCE missed their scheduled backups	"Synology Notification System" <sns@synologynotification.com>	2026-06-21 02:03:19.664282+00
<CAMkuUGwZa-Qb_wp_BK4Gtzt8=uNWnqe15mg1Uf3xK3MuOud5vg@mail.gmail.com>	no_attachment	[CJBCE] Active Backup for Business - The backup tasks on CJBCE missed their scheduled backups	CJBCE - Synology NAS <accounts@nb-contractors.co.uk>	2026-06-21 02:03:19.69349+00
<8xF9AUN-OTJczgtVk8htZw@notifications.google.com>	no_attachment	Security alert	Google <no-reply@accounts.google.com>	2026-06-21 11:06:46.993789+00
<yUathBKsRsucEJkSRausFg@geopod-ismtpd-9>	link_download_failed	Timesheets to Review	Pave Recruit <hello@pave-recruit.com>	2026-06-21 11:06:47.084376+00
<NM66199BDA10861DD8Anestlen_mid_prod1-Ym91bmNlQHVrLm5lc3ByZXNzby5jb20=@uk.nespresso.com>	no_attachment	There's still time to make them smile!	"Nespresso" <nespresso@uk.nespresso.com>	2026-06-21 11:06:47.122041+00
<CAMkuUGz+McHwR6_QbKdTHtJRVrP+beiDk-DmNFdy4HkE=H0WMg@mail.gmail.com>	no_attachment	[CJBCE] Active Backup for Business - backup task Kyle Naddy-Default on CJBCE was canceled	CJBCE - Synology NAS <accounts@nb-contractors.co.uk>	2026-06-21 14:00:10.457772+00
<28bccf7d6d7711f1bb50bc2411690b80@synologynotification.com>	no_attachment	[CJBCE] Active Backup for Business - backup task Kyle Naddy-Default on CJBCE was canceled	"Synology Notification System" <sns@synologynotification.com>	2026-06-21 14:00:10.510143+00
<CAMkuUGzMHOo5E6LZDUUM2WNH5w_t9U51QJn+5bjmQhRWBZEGig@mail.gmail.com>	no_attachment	[CJBCE] DSM has detected a new login behavior on CJBCE	CJBCE - Synology NAS <accounts@nb-contractors.co.uk>	2026-06-21 18:00:10.245076+00
<416d2cc96d9111f1aff2bc2411e20161@synologynotification.com>	no_attachment	[CJBCE] DSM has detected a new login behavior on CJBCE	"Synology Notification System" <sns@synologynotification.com>	2026-06-21 18:00:10.297034+00
<e3cc875c8ec9f5c3ebdae29e1.bd330b99a9.20260622060027.8066447843.ebd427c0@mail245.atl221.rsgsv.net>	link_download_failed	THE CIVILS SAVER - COMBAT SAFETY HELMET!!	CID Group <marketing@cidgroup.co.uk>	2026-06-22 08:00:15.427876+00
<AM0PR06MB616130A0DBCD6545117418678BEF2@AM0PR06MB6161.eurprd06.prod.outlook.com>	link_download_failed	Invoice 527242 £2948.98	"James, Michelle" <MStevensonJames@nal.ltd.uk>	2026-06-22 10:00:09.217221+00
<20260622091736.959d21b050b680bf@mail4.laptopsdirect.co.uk>	no_attachment	Make your home workspace work for you	Laptops Direct <noreply@mail4.laptopsdirect.co.uk>	2026-06-22 10:00:09.282936+00
<AM0PR06MB616115F879426CE5B14EA9CF8BEF2@AM0PR06MB6161.eurprd06.prod.outlook.com>	link_download_failed	RE: Invoice 527242 £2948.98	"James, Michelle" <MStevensonJames@nal.ltd.uk>	2026-06-22 12:00:12.996341+00
<CWXP265MB5226429F88D71C834C120C98A3EF2@CWXP265MB5226.GBRP265.PROD.OUTLOOK.COM>	no_attachment	RE: BK73PNN	Taylor Burnell <Taylor.Burnell@northgatevehiclehire.co.uk>	2026-06-22 13:29:48.462466+00
<zODdzwfaEUKIZEnCoKsprg@notifications.google.com>	no_attachment	Security alert	Google <no-reply@accounts.google.com>	2026-06-22 13:29:48.515228+00
<8JNejENW3ZzUu_1KdPltFg@notifications.google.com>	no_attachment	Security alert	Google <no-reply@accounts.google.com>	2026-06-22 13:29:48.550944+00
<bH41NlB9rdIauZrSPYSzOA@notifications.google.com>	no_attachment	Security alert	Google <no-reply@accounts.google.com>	2026-06-22 13:29:48.581364+00
<CABj9TTPDoRB875UjZqUvf2hZqZHL9TmzbXgCk23Nrc7SdK5h9Q@mail.gmail.com>	no_attachment	CJB CIVIL ENGINEERING LTD - MAY ACCOUNT £39095.88	creditcontrol - <creditcontrol.recycling@holcim.co.uk>	2026-06-22 17:30:07.985443+00
\.


--
-- Data for Name: cost_scan_state; Type: TABLE DATA; Schema: public; Owner: postgres
--

COPY "public"."cost_scan_state" ("id", "last_uid_seen", "last_run_at", "last_success_at", "last_error", "last_result", "manual_catchup_since", "scan_in_progress", "scan_lock_at", "scan_cursor_uid") FROM stdin;
1	80	2026-06-22 21:31:22.208+00	2026-06-22 19:30:24.9+00	\N	{"errors": [], "deferred": 0, "inserted": 2, "cursorUid": 7344, "processed": 3, "duplicates": 1, "incomplete": true, "allSubjects": ["UID 7341 2026-06-22T18:39:12.000Z [TP E-Billing ebilling@travisperkins.co.uk] \\"(HT5272) TP Invoice (1046057487) Attached\\"", "UID 7343 2026-06-22T19:41:45.000Z [Keyline E-Billing ebilling@keyline.co.uk] \\"(PR3955) Keyline Invoice (1046063052) Attached\\"", "UID 7344 2026-06-22T19:41:59.000Z [Keyline E-Billing ebilling@keyline.co.uk] \\"(PR3955) Keyline Invoice (1046063051) Attached\\""], "linkFailures": 0, "skippedSubject": 0, "notInvoiceDetails": [], "skippedNotInvoice": 0, "subjectSkipDetails": [], "noAttachmentDetails": [], "skippedNoAttachment": 0}	\N	t	2026-06-22 21:31:22.208+00	7344
\.


--
-- Data for Name: daily_briefings; Type: TABLE DATA; Schema: public; Owner: postgres
--

COPY "public"."daily_briefings" ("id", "briefer_id", "client_id", "project_id", "time_delivered", "work_outline", "permits_to_work", "briefer_signature_url", "status", "manager_comment", "approved_by", "approved_at", "created_at", "revision", "client_other", "project_other") FROM stdin;
\.


--
-- Data for Name: daily_briefing_attendees; Type: TABLE DATA; Schema: public; Owner: postgres
--

COPY "public"."daily_briefing_attendees" ("id", "briefing_id", "position", "user_id", "name", "signature_url") FROM stdin;
\.


--
-- Data for Name: daily_briefing_hazards; Type: TABLE DATA; Schema: public; Owner: postgres
--

COPY "public"."daily_briefing_hazards" ("id", "briefing_id", "position", "hazard", "control_measure") FROM stdin;
\.


--
-- Data for Name: employee_pay; Type: TABLE DATA; Schema: public; Owner: postgres
--

COPY "public"."employee_pay" ("user_id", "shift_rate", "currency", "updated_at", "updated_by") FROM stdin;
82cbc827-4809-495a-bd14-9f02bb6d03f9	300.00	GBP	2026-06-11 15:02:26.022588+00	713f38a4-7b2c-42b0-8df4-424d54ef5d0f
97ed2ada-c2be-4dba-81c1-dc23e9d43ddf	300.00	GBP	2026-06-11 18:30:55.62212+00	713f38a4-7b2c-42b0-8df4-424d54ef5d0f
c45e2b3b-858e-4cc9-b893-606be19db21e	250.00	GBP	2026-06-12 14:18:09.753772+00	713f38a4-7b2c-42b0-8df4-424d54ef5d0f
bba10388-e3a5-4e70-a6d7-123fb3f656e5	250.00	GBP	2026-06-13 00:19:40.4551+00	82cbc827-4809-495a-bd14-9f02bb6d03f9
fae5424f-167a-4ad9-ba55-189b684e569b	250.00	GBP	2026-06-13 01:06:08.465525+00	473b0582-0fa6-43c3-8f52-ef89bb2810a1
4532cd1f-2752-4aa9-a304-8a66a6fb9875	250.00	GBP	2026-06-13 01:07:07.462648+00	473b0582-0fa6-43c3-8f52-ef89bb2810a1
fab0cd1f-129b-4cf8-be1c-22667db1930c	250.00	GBP	2026-06-13 01:07:38.346687+00	473b0582-0fa6-43c3-8f52-ef89bb2810a1
d5b9af57-9326-4f03-8595-e1860836a8a5	200.00	GBP	2026-06-13 01:08:17.48591+00	473b0582-0fa6-43c3-8f52-ef89bb2810a1
a1161bd5-de49-4bb4-8f13-2477365a4309	200.00	GBP	2026-06-13 01:08:56.353805+00	473b0582-0fa6-43c3-8f52-ef89bb2810a1
85145bb3-01b9-4511-9a5b-a34f9b50c9cf	200.00	GBP	2026-06-13 01:09:23.625421+00	473b0582-0fa6-43c3-8f52-ef89bb2810a1
04a6baa7-cc7f-4c06-84ff-fec3e055b9a3	200.00	GBP	2026-06-13 01:10:37.753254+00	473b0582-0fa6-43c3-8f52-ef89bb2810a1
3375295b-b3a3-40af-9cb5-81959e07fa23	200.00	GBP	2026-06-13 01:11:07.490656+00	473b0582-0fa6-43c3-8f52-ef89bb2810a1
c1b79407-8801-4583-8b57-7a5256333600	200.00	GBP	2026-06-13 01:11:51.547407+00	473b0582-0fa6-43c3-8f52-ef89bb2810a1
1d46ac0e-4581-444e-9a38-caac78d30d53	200.00	GBP	2026-06-13 01:12:18.867691+00	473b0582-0fa6-43c3-8f52-ef89bb2810a1
a46f113c-b5c3-4309-a2e1-b20a173d0d20	200.00	GBP	2026-06-13 01:12:40.611251+00	473b0582-0fa6-43c3-8f52-ef89bb2810a1
3932d151-3fc9-4539-ae2c-31032ec99202	200.00	GBP	2026-06-13 01:24:44.716329+00	473b0582-0fa6-43c3-8f52-ef89bb2810a1
62d60f6c-fafd-4b66-b48e-472bfa39d0cd	200.00	GBP	2026-06-13 01:25:05.476796+00	473b0582-0fa6-43c3-8f52-ef89bb2810a1
49952daf-c3ea-4cb6-a4e6-87a1199a6d89	200.00	GBP	2026-06-13 01:25:30.844792+00	473b0582-0fa6-43c3-8f52-ef89bb2810a1
55fe5d03-5dde-4508-9f57-6a1db5db779b	200.00	GBP	2026-06-13 01:25:57.690644+00	473b0582-0fa6-43c3-8f52-ef89bb2810a1
f5adc8bf-b6df-4d42-989a-ffe879b73b87	200.00	GBP	2026-06-13 01:26:39.065162+00	473b0582-0fa6-43c3-8f52-ef89bb2810a1
3e73d6f4-44e6-4f1e-8f96-e2b2cacb1141	200.00	GBP	2026-06-13 01:26:56.609198+00	473b0582-0fa6-43c3-8f52-ef89bb2810a1
efaf85bf-1e4c-4933-b062-1110a5181f16	220.00	GBP	2026-06-15 17:48:19.877966+00	713f38a4-7b2c-42b0-8df4-424d54ef5d0f
87c10d8e-e4b4-4871-a0bf-2d454e855fb2	300.00	GBP	2026-06-16 07:28:39.574534+00	713f38a4-7b2c-42b0-8df4-424d54ef5d0f
39e2ad12-c499-4e7a-b1f4-914506da8514	300.00	GBP	2026-06-16 07:30:51.873126+00	713f38a4-7b2c-42b0-8df4-424d54ef5d0f
a8aeff32-1421-43a7-8da5-a66278adba47	250.00	GBP	2026-06-16 07:31:27.309706+00	713f38a4-7b2c-42b0-8df4-424d54ef5d0f
424451a7-7620-470a-a700-88ec2b14b64f	220.00	GBP	2026-06-16 07:32:36.3578+00	713f38a4-7b2c-42b0-8df4-424d54ef5d0f
52afddec-3cae-42ce-9092-8440e1fa8014	250.00	GBP	2026-06-16 07:33:09.727132+00	713f38a4-7b2c-42b0-8df4-424d54ef5d0f
66a9dc9f-5b19-4f79-9eb5-1d7cdb49ef82	270.00	GBP	2026-06-16 07:35:08.652311+00	713f38a4-7b2c-42b0-8df4-424d54ef5d0f
688acb8f-4288-4754-b615-d898938d9256	250.00	GBP	2026-06-16 07:35:38.955215+00	713f38a4-7b2c-42b0-8df4-424d54ef5d0f
5af69b55-ef40-4fc8-8430-71f1a19f8f75	225.00	GBP	2026-06-16 07:36:09.550461+00	713f38a4-7b2c-42b0-8df4-424d54ef5d0f
a5c46085-e9c5-4c24-ad52-3aaf0eb75ced	225.00	GBP	2026-06-16 07:36:37.713779+00	713f38a4-7b2c-42b0-8df4-424d54ef5d0f
9d2863fc-0252-4cfe-be88-d19047ffa885	225.00	GBP	2026-06-16 07:37:21.481209+00	713f38a4-7b2c-42b0-8df4-424d54ef5d0f
2968342a-95a1-46e5-a23c-c392fce4f451	170.00	GBP	2026-06-16 07:37:46.858153+00	713f38a4-7b2c-42b0-8df4-424d54ef5d0f
19791a1c-fe79-4c25-9175-506bde74134f	170.00	GBP	2026-06-16 07:38:52.817035+00	713f38a4-7b2c-42b0-8df4-424d54ef5d0f
5d2b0a94-cb50-433e-b654-525045548590	250.00	GBP	2026-06-16 07:40:06.63271+00	713f38a4-7b2c-42b0-8df4-424d54ef5d0f
044214c4-2c02-4f1c-a8e8-edcb23b9cb62	250.00	GBP	2026-06-16 07:40:33.456354+00	713f38a4-7b2c-42b0-8df4-424d54ef5d0f
e4108e51-f590-4296-82a4-be5627bb187f	170.00	GBP	2026-06-16 07:41:02.092783+00	713f38a4-7b2c-42b0-8df4-424d54ef5d0f
e40c047f-b7e9-4f41-b20a-209baed651ac	170.00	GBP	2026-06-16 07:41:21.346724+00	713f38a4-7b2c-42b0-8df4-424d54ef5d0f
0249ef1d-3838-47cb-b070-17304161723e	170.00	GBP	2026-06-16 07:41:52.561616+00	713f38a4-7b2c-42b0-8df4-424d54ef5d0f
f7433041-0a01-4d8c-a883-46a0f3c92152	230.00	GBP	2026-06-16 07:42:43.072447+00	713f38a4-7b2c-42b0-8df4-424d54ef5d0f
7790c180-e52f-44da-97c0-e190ec9f233f	260.00	GBP	2026-06-16 07:43:46.677066+00	713f38a4-7b2c-42b0-8df4-424d54ef5d0f
b673c078-c84b-48c8-845d-6aeceb94b19a	170.00	GBP	2026-06-16 07:44:27.738936+00	713f38a4-7b2c-42b0-8df4-424d54ef5d0f
4c9cc9ec-d7c3-4a51-a4d9-5fa75d804e24	250.00	GBP	2026-06-17 07:45:39.256516+00	713f38a4-7b2c-42b0-8df4-424d54ef5d0f
7e790d8a-20b5-4a45-93b0-291987eff0f1	300.00	GBP	2026-06-17 16:25:21.943608+00	713f38a4-7b2c-42b0-8df4-424d54ef5d0f
f64b5eee-d09e-4b3f-bd65-9f9a940927ad	245.00	GBP	2026-06-17 16:34:28.653345+00	713f38a4-7b2c-42b0-8df4-424d54ef5d0f
e8371995-63a7-43de-a944-87ea9859edbd	190.00	GBP	2026-06-17 16:35:08.921949+00	713f38a4-7b2c-42b0-8df4-424d54ef5d0f
a8f2b105-eea2-4fb1-9570-8c48381481c9	195.00	GBP	2026-06-17 16:35:45.95276+00	713f38a4-7b2c-42b0-8df4-424d54ef5d0f
c78c1158-49da-4c16-96cb-e0b58d8d61a7	180.00	GBP	2026-06-17 16:36:33.481133+00	713f38a4-7b2c-42b0-8df4-424d54ef5d0f
feddbb7c-71f0-4ec5-916c-4a2cdaa517a2	180.00	GBP	2026-06-17 16:37:08.09739+00	713f38a4-7b2c-42b0-8df4-424d54ef5d0f
de005c4b-55c6-49b8-bb8a-3e546e67b52d	250.00	GBP	2026-06-18 12:16:56.340762+00	87c10d8e-e4b4-4871-a0bf-2d454e855fb2
7aad6855-2a47-416a-a13e-f7800ca87940	220.00	GBP	2026-06-18 12:19:03.538716+00	87c10d8e-e4b4-4871-a0bf-2d454e855fb2
\.


--
-- Data for Name: employee_starters; Type: TABLE DATA; Schema: public; Owner: postgres
--

COPY "public"."employee_starters" ("id", "user_id", "full_name", "address", "ni_number", "date_of_birth", "phone", "driving_licence_front", "driving_licence_back", "nrswa_front", "nrswa_back", "swqr_number", "nrswa_quals", "npors_front", "npors_back", "additional_quals_text", "additional_front", "additional_back", "additional_rows", "submitted_at", "created_at", "updated_at", "revision", "cscs_front", "cscs_back", "ssts_cert") FROM stdin;
52116249-6f65-4f11-9226-19081fc9a80b	c45e2b3b-858e-4cc9-b893-606be19db21e	Gheorghe Costea	AL2 3LT	SJ075618C	1984-03-12	07837606997	c45e2b3b-858e-4cc9-b893-606be19db21e/starter/cec723d9-30e3-40ed-aeef-50b70d35925b.jpg	c45e2b3b-858e-4cc9-b893-606be19db21e/starter/41b67e01-770b-482c-bc76-a96737112b88.jpg	c45e2b3b-858e-4cc9-b893-606be19db21e/starter/f77ca64c-a957-4a3c-a8de-a1243948c88a.jpg	c45e2b3b-858e-4cc9-b893-606be19db21e/starter/9d6e6a45-05e8-4dd7-a485-562e8d0a5ad0.jpg	26018562	[]	c45e2b3b-858e-4cc9-b893-606be19db21e/starter/4441a6d2-3282-44dc-b93e-d4f761678792.jpg	c45e2b3b-858e-4cc9-b893-606be19db21e/starter/4cf7dcaa-d79a-4c8a-86a7-9324c062c9ae.jpg	\N	\N	\N	[]	2026-06-18 09:54:31.904+00	2026-06-18 09:54:32.318466+00	2026-06-18 09:54:32.318466+00	1			
cc1fadf2-5c1d-4e29-ab7b-26958c50dd96	713f38a4-7b2c-42b0-8df4-424d54ef5d0f	Kyle Naddy	34 Sworder Close, Luton, LU3 4BJ	SR063994C	1990-05-01	07502224373	713f38a4-7b2c-42b0-8df4-424d54ef5d0f/starter/b0da8195-aed1-4c1b-8c9d-590ed3a799c0.jpg	713f38a4-7b2c-42b0-8df4-424d54ef5d0f/starter/84619cc0-f5c8-414f-a02e-2bd726a8ddc6.jpg	713f38a4-7b2c-42b0-8df4-424d54ef5d0f/starter/1c3a9c33-11a1-4c63-9ebb-479e9758e01b.jpg	713f38a4-7b2c-42b0-8df4-424d54ef5d0f/starter/deb5c955-ef0f-42c4-a53c-037c3bd6d9a7.jpg	10017206	[]			\N			[]	2026-06-11 18:15:50.8+00	2026-06-11 14:27:11.899525+00	2026-06-11 18:15:50.877297+00	2	\N	\N	\N
8c38310c-58e8-439a-a391-d221d901b807	82cbc827-4809-495a-bd14-9f02bb6d03f9	Nicusor Taras	123 Booth Road	SK517046C	1979-12-13	07713012932	82cbc827-4809-495a-bd14-9f02bb6d03f9/starter/2019d406-ed9c-4e18-9e01-d7bda6cf2e73.jpg	82cbc827-4809-495a-bd14-9f02bb6d03f9/starter/cbd2ad61-e028-4b50-ae9b-447970f2aede.jpg			\N	[]	\N	\N	\N			[]	2026-06-11 20:31:54.762+00	2026-06-11 20:12:46.306325+00	2026-06-11 20:31:54.859156+00	2	82cbc827-4809-495a-bd14-9f02bb6d03f9/starter/830f9adc-4e64-4717-a374-4d39a0307c83.jpeg	82cbc827-4809-495a-bd14-9f02bb6d03f9/starter/95188b46-ea6b-4754-83f9-089070d9a22a.png	\N
edd0036a-f40d-41d7-b98e-7c5c373c7ea9	97ed2ada-c2be-4dba-81c1-dc23e9d43ddf	Jordan Best	Flat 2 28A Effra Road\nWimbledon \nSW198PP	RZ975067D	1999-01-21	+44 7466 459802	97ed2ada-c2be-4dba-81c1-dc23e9d43ddf/starter/2760dd0d-df44-48b3-abea-c19e206843d6.jpg	97ed2ada-c2be-4dba-81c1-dc23e9d43ddf/starter/49136cc5-e91d-4cec-abaf-928b1d58ea31.jpg			\N	[]	\N	\N	\N			[]	2026-06-11 20:49:11.608+00	2026-06-11 18:40:07.923276+00	2026-06-11 20:49:11.319767+00	2	97ed2ada-c2be-4dba-81c1-dc23e9d43ddf/starter/61fe4b8c-b349-4e8a-a307-e18f58ee8a05.jpg	97ed2ada-c2be-4dba-81c1-dc23e9d43ddf/starter/3b06427b-bccc-452b-9f77-258fa398d275.jpg	\N
df937898-ab85-4241-8e6e-7cbd502d7f4c	4c9cc9ec-d7c3-4a51-a4d9-5fa75d804e24	Patrick Goodier	18 Macduff Road, London, SW11 4DA	RR025867D	1999-05-31	07404423756	4c9cc9ec-d7c3-4a51-a4d9-5fa75d804e24/starter/a91d0baf-1df4-498e-bb7f-6849f33a0701.jpg	4c9cc9ec-d7c3-4a51-a4d9-5fa75d804e24/starter/00001411-817c-4238-8a4f-44daee711501.jpg			\N	[]			\N	\N	\N	[]	2026-06-13 07:43:32.198+00	2026-06-12 13:53:42.795831+00	2026-06-13 07:43:32.26966+00	2	4c9cc9ec-d7c3-4a51-a4d9-5fa75d804e24/starter/c44d4bcc-2c4a-4a7b-9d75-55c841727349.jpg	4c9cc9ec-d7c3-4a51-a4d9-5fa75d804e24/starter/44c1896a-b566-4e6b-ac39-6ce3c29056e0.jpg	\N
16f9f175-c316-4624-be3c-3bd25830a2a8	7790c180-e52f-44da-97c0-e190ec9f233f	Ivan Coroi	22 Furzedown	ST	1990-04-15	07435707790	7790c180-e52f-44da-97c0-e190ec9f233f/starter/c1dfd0cd-c5eb-47c7-8d35-eb575e216273.jpg	7790c180-e52f-44da-97c0-e190ec9f233f/starter/71fbf999-f8ad-4492-886a-a188c071c9c4.jpg	7790c180-e52f-44da-97c0-e190ec9f233f/starter/50a33e39-2471-4ab1-b582-b207fb7f86c3.jpg	7790c180-e52f-44da-97c0-e190ec9f233f/starter/6d5e272a-cd37-4754-a144-a7089b910462.jpg	\N	[]	7790c180-e52f-44da-97c0-e190ec9f233f/starter/1d2410f6-254c-4cf0-9a82-379b84cdc392.jpg	7790c180-e52f-44da-97c0-e190ec9f233f/starter/1b615f29-e533-4162-9bb6-342c27edd9d1.jpg	\N	\N	\N	[]	2026-06-17 10:08:20.439+00	2026-06-17 10:08:21.114179+00	2026-06-17 10:08:21.114179+00	1			
7d76c1fd-139f-4100-af35-be61feed0e35	7e790d8a-20b5-4a45-93b0-291987eff0f1	Linas Butkus	Na	Na	1980-05-01	07970626898	7e790d8a-20b5-4a45-93b0-291987eff0f1/starter/8bd83708-b3c4-4a18-aa19-b54e7706cfb8.jpg	7e790d8a-20b5-4a45-93b0-291987eff0f1/starter/2eb24333-4df7-465a-8984-7df59a739767.jpg			\N	[]	7e790d8a-20b5-4a45-93b0-291987eff0f1/starter/ecaa3b25-7792-427f-ab0a-f77089c93758.jpg	7e790d8a-20b5-4a45-93b0-291987eff0f1/starter/35c4bc17-1d70-4307-8ec5-ab38f0829f6c.jpg	\N	\N	\N	[]	2026-06-17 16:40:45.053+00	2026-06-17 16:40:45.459885+00	2026-06-17 16:40:45.459885+00	1	7e790d8a-20b5-4a45-93b0-291987eff0f1/starter/2b8d3952-0e0a-4103-b887-24e5efb252f8.jpg	7e790d8a-20b5-4a45-93b0-291987eff0f1/starter/32508a08-cd05-4e52-81fe-55714cf4de7d.jpg	
2726136a-843e-49ed-8628-8ea995655f71	bba10388-e3a5-4e70-a6d7-123fb3f656e5	Petrisor Gheorghita	17 STANCROFT\nNW9 0SJ	SZ 00 70 86 C	1997-05-09	07597939001	bba10388-e3a5-4e70-a6d7-123fb3f656e5/starter/ca617ca4-8104-45af-a20a-71675ed7180e.jpg	bba10388-e3a5-4e70-a6d7-123fb3f656e5/starter/9423c9a9-1e95-4187-83bf-f2415b63ef1a.jpg	bba10388-e3a5-4e70-a6d7-123fb3f656e5/starter/f257c487-a1ab-41cd-b648-757296e58ab4.jpg	bba10388-e3a5-4e70-a6d7-123fb3f656e5/starter/3c640d1e-52be-4d2b-9e0f-357d2b41c48e.jpg	26049688	[]	bba10388-e3a5-4e70-a6d7-123fb3f656e5/starter/1b1e7835-046d-4146-990d-715d104ca1fa.jpg	bba10388-e3a5-4e70-a6d7-123fb3f656e5/starter/a79263a0-ebeb-416a-b48c-24ad89073217.jpg	\N	\N	\N	[]	2026-06-18 13:41:04.463+00	2026-06-18 13:41:04.819501+00	2026-06-18 13:41:04.819501+00	1	bba10388-e3a5-4e70-a6d7-123fb3f656e5/starter/229532e2-0700-4470-8d22-9e6f729cd6ea.jpg	bba10388-e3a5-4e70-a6d7-123fb3f656e5/starter/257219df-f673-4fd4-8dde-e86cd89cedaa.jpg	
0350a051-042c-4eea-8656-30f305364906	87c10d8e-e4b4-4871-a0bf-2d454e855fb2	Sherif Hema	N156pb	NA	1982-02-23	07775728959	87c10d8e-e4b4-4871-a0bf-2d454e855fb2/starter/03d161ba-31d5-4519-8fee-75e2a85bad1b.jpeg	87c10d8e-e4b4-4871-a0bf-2d454e855fb2/starter/278809f9-d012-4835-92ad-684f3fffd167.jpeg			\N	[]	87c10d8e-e4b4-4871-a0bf-2d454e855fb2/starter/41d4651d-fe29-46d5-b9ea-52066dfe27c5.jpeg	87c10d8e-e4b4-4871-a0bf-2d454e855fb2/starter/5ccc46fa-07ce-49d8-a423-4e50d28b42f5.jpeg	\N	\N	\N	[]	2026-06-20 12:00:33.184+00	2026-06-18 09:39:37.058795+00	2026-06-20 12:00:33.594177+00	2	87c10d8e-e4b4-4871-a0bf-2d454e855fb2/starter/870126db-fef2-4cb3-b8ff-a3aa97c4d737.jpeg	87c10d8e-e4b4-4871-a0bf-2d454e855fb2/starter/5cb5dcb4-e6b4-45f4-8a5c-d9bbaf3bb606.jpeg	
03ba6219-f9eb-4740-b1dd-3b7173149278	c1b79407-8801-4583-8b57-7a5256333600	Gheorghita Angheluta	121 UXBRIDGE ROAD\nHA3 6DJ	SS567883D	1982-02-27	07587461737					\N	[]			\N	\N	\N	[]	2026-06-18 16:36:50.236+00	2026-06-18 14:33:19.117501+00	2026-06-18 16:36:50.446505+00	2	c1b79407-8801-4583-8b57-7a5256333600/starter/05a94445-77ca-41dc-9c06-218aba8714a6.jpg	c1b79407-8801-4583-8b57-7a5256333600/starter/67c23dd4-433f-4a78-b8ae-8db6e4ab3d17.jpg	
138c1d79-a4f5-4903-9286-6e22f2228bf0	efaf85bf-1e4c-4933-b062-1110a5181f16	Yunal Bekir	Flat 7, Summerrose Court, 318A Higham Hill Road, E17 5RG	SC010427D	1964-08-28	07717774668	713f38a4-7b2c-42b0-8df4-424d54ef5d0f/starter/d2ceb45c-cfe0-432e-a5d3-021aadaff513.jpeg	713f38a4-7b2c-42b0-8df4-424d54ef5d0f/starter/3335a4a4-2574-44eb-8600-f9a1761a4078.jpeg			\N	[]	713f38a4-7b2c-42b0-8df4-424d54ef5d0f/starter/f72d97a9-6a0f-4208-a180-6ccdecf0f377.jpeg	713f38a4-7b2c-42b0-8df4-424d54ef5d0f/starter/b8af79ad-1095-4ac9-b822-81c75c9dd594.jpeg	\N	\N	\N	[]	2026-06-20 18:39:09.837+00	2026-06-16 14:56:20.04335+00	2026-06-20 18:39:09.887343+00	3			
47a495a4-60a9-4214-8250-4e54bfe75efc	4532cd1f-2752-4aa9-a304-8a66a6fb9875	aurel ispas	9 Copley Road, Stanmore,HA7 4PF	SR548424A	1977-09-16	07831571968	4532cd1f-2752-4aa9-a304-8a66a6fb9875/starter/3f326378-8724-4f79-a1da-9f41c0c8188e.jpg	4532cd1f-2752-4aa9-a304-8a66a6fb9875/starter/91b51863-8e0b-47d9-84bb-f0deedb8400e.jpg	4532cd1f-2752-4aa9-a304-8a66a6fb9875/starter/3062551a-2506-4f27-b9fd-abe20d103661.jpg	4532cd1f-2752-4aa9-a304-8a66a6fb9875/starter/001098ab-6627-410c-9d96-cf210bcf5478.jpg	26089193	[]	4532cd1f-2752-4aa9-a304-8a66a6fb9875/starter/165c6952-fb47-4c10-8718-846a459a7fe2.jpg	4532cd1f-2752-4aa9-a304-8a66a6fb9875/starter/8fe00464-d065-4943-8e7f-c7f32950c039.jpg	SHEA POWER	4532cd1f-2752-4aa9-a304-8a66a6fb9875/starter/b674a751-a078-4d70-abe6-463ac10fa2ee.jpg	4532cd1f-2752-4aa9-a304-8a66a6fb9875/starter/1c0bec7b-e880-46e7-abcf-4bcbdfc876cf.jpg	[{"back": "4532cd1f-2752-4aa9-a304-8a66a6fb9875/starter/8a0aa4e2-e6b5-4f2d-89a0-423ca2bcf4dc.jpg", "name": "HSG47 ", "front": "4532cd1f-2752-4aa9-a304-8a66a6fb9875/starter/58070ea1-c108-4b3d-bbf8-40a33c0252f2.jpg"}, {"back": "4532cd1f-2752-4aa9-a304-8a66a6fb9875/starter/520d1390-bd02-4771-8089-dcf34747282c.jpg", "name": "First aid ", "front": "4532cd1f-2752-4aa9-a304-8a66a6fb9875/starter/52395116-1b58-49c6-8add-4364ffd69f7b.jpg"}, {"back": "4532cd1f-2752-4aa9-a304-8a66a6fb9875/starter/27e2bb87-d562-44dd-b043-f062af660a31.jpg", "name": "Asbestos ", "front": "4532cd1f-2752-4aa9-a304-8a66a6fb9875/starter/31b5b082-e761-4d1a-919e-eb9f95349eeb.jpg"}, {"back": "4532cd1f-2752-4aa9-a304-8a66a6fb9875/starter/e5948b1e-0556-4c9a-b529-16c4d1a2cbaf.jpg", "name": "Banksman", "front": "4532cd1f-2752-4aa9-a304-8a66a6fb9875/starter/ee019dc5-9091-438d-abb1-cdc42f373c69.jpg"}, {"back": "4532cd1f-2752-4aa9-a304-8a66a6fb9875/starter/27411f8f-bbd0-4b2e-9c8e-a560c62b391f.jpg", "name": "Abrasive wheel", "front": "4532cd1f-2752-4aa9-a304-8a66a6fb9875/starter/28e76954-2421-4386-b719-c611d50e542f.jpg"}]	2026-06-18 14:44:54.842+00	2026-06-18 14:44:54.99583+00	2026-06-18 14:44:54.99583+00	1	4532cd1f-2752-4aa9-a304-8a66a6fb9875/starter/814af8a9-ee2d-44fc-9efc-37cbf6b45107.jpg	4532cd1f-2752-4aa9-a304-8a66a6fb9875/starter/0ee759a8-74bc-44fb-9e9c-73d6a4ef0e43.jpg	
dea92fb2-22de-431e-879d-d4f489d00a49	62d60f6c-fafd-4b66-b48e-472bfa39d0cd	Grigorita Scrivat	Nw90rh	Sz494694C	1974-06-06	07438599729					\N	[]			\N	\N	\N	[]	2026-06-18 16:03:53.174+00	2026-06-18 16:03:53.353509+00	2026-06-18 16:03:53.353509+00	1	62d60f6c-fafd-4b66-b48e-472bfa39d0cd/starter/427584aa-d4fd-466b-a265-5609fde0ed1c.jpg	62d60f6c-fafd-4b66-b48e-472bfa39d0cd/starter/bf983fe1-3536-4bd1-9879-cc35fbe8256b.jpg	
43bbec21-33be-4d98-a49c-4da6fffe667a	d5b9af57-9326-4f03-8595-e1860836a8a5	Florin Rusu	Nw90rh Tintern avenue nr 15	Sz035397B	2026-06-22	+447440272757					\N	[]			\N	\N	\N	[]	2026-06-18 16:33:46.9+00	2026-06-18 13:43:10.304958+00	2026-06-18 16:33:47.116554+00	3	d5b9af57-9326-4f03-8595-e1860836a8a5/starter/9955c1db-ea6e-43dd-9625-c3d662c3d17a.jpg	d5b9af57-9326-4f03-8595-e1860836a8a5/starter/e1a1ce51-b49c-4d2f-9d0a-3c37e35d36f3.jpg	
2d3e2e4f-f414-4910-a3c0-1fbe2a6a1f76	04a6baa7-cc7f-4c06-84ff-fec3e055b9a3	Gheorghe Bordeianu	NW9 5LQ. 50 pangent avenue	Sy070423	1977-05-07	07466403906					\N	[]			\N	\N	\N	[]	2026-06-18 16:41:35.527+00	2026-06-18 14:25:48.563493+00	2026-06-18 16:41:35.660011+00	2	04a6baa7-cc7f-4c06-84ff-fec3e055b9a3/starter/26eb7e30-3bfa-4852-ba2c-a8167ba87948.jpg	04a6baa7-cc7f-4c06-84ff-fec3e055b9a3/starter/3faca013-99dc-44e9-b7fd-aaa3ea3c457e.jpg	
d4a8bd8a-2125-4bb3-996f-6ddbfbdea958	a46f113c-b5c3-4309-a2e1-b20a173d0d20	Florin Iamandi	Nw95lb .   31Braemar Gardens	St679390C	1986-08-11	076973691	a46f113c-b5c3-4309-a2e1-b20a173d0d20/starter/3ba44ffd-2d28-400e-8000-84bc1cd73b65.jpg	a46f113c-b5c3-4309-a2e1-b20a173d0d20/starter/376c3a94-abc0-406a-a2b7-462e12f3df63.jpg			\N	[]	a46f113c-b5c3-4309-a2e1-b20a173d0d20/starter/34fbf589-aa54-42da-9add-13304c968701.jpg	a46f113c-b5c3-4309-a2e1-b20a173d0d20/starter/0990a5a3-6f95-4aba-a3cd-c51333a3c537.jpg	\N	\N	\N	[]	2026-06-18 16:44:15.46+00	2026-06-18 13:53:29.674+00	2026-06-18 16:44:15.634935+00	4	a46f113c-b5c3-4309-a2e1-b20a173d0d20/starter/f481b663-16fa-4a5d-bbe6-bf551ff91cd4.jpg	a46f113c-b5c3-4309-a2e1-b20a173d0d20/starter/4eafca53-6c8f-498d-a472-696ab182351d.jpg	
bfe039a9-3d38-4448-8a49-b64f71ccc7b9	fab0cd1f-129b-4cf8-be1c-22667db1930c	Marius Catafani	120 Gatshead Road\nBOREHAMWOOD\nWD65EF	SR490037B	1990-10-06	07469234256	fab0cd1f-129b-4cf8-be1c-22667db1930c/starter/4874958c-6ba1-4c57-b682-702d8a37ef69.jpg	fab0cd1f-129b-4cf8-be1c-22667db1930c/starter/2057ced0-bfdd-4ff9-b174-028163d787a6.jpg			\N	[]			\N	\N	\N	[]	2026-06-18 21:28:01.687+00	2026-06-18 21:28:02.036987+00	2026-06-18 21:28:02.036987+00	1	fab0cd1f-129b-4cf8-be1c-22667db1930c/starter/b6d97076-37d5-4ad9-93b3-96f04fcac66c.jpg	fab0cd1f-129b-4cf8-be1c-22667db1930c/starter/54ace426-9e26-43ae-919f-a18d2f9660e5.jpg	
b4a5515c-9708-4bd8-9cd1-eb9071ef614b	3e73d6f4-44e6-4f1e-8f96-e2b2cacb1141	Ramon Preda	HA80JB	TL134712A	2004-04-29	07424316243					\N	[]			Dumper	3e73d6f4-44e6-4f1e-8f96-e2b2cacb1141/starter/2775d881-2568-4b4a-94ea-73b67326dfba.jpg	3e73d6f4-44e6-4f1e-8f96-e2b2cacb1141/starter/aaabc173-d5dc-412c-a90f-84ec17df3af0.jpg	[]	2026-06-19 21:10:51.334+00	2026-06-19 21:10:51.552521+00	2026-06-19 21:10:51.552521+00	1	3e73d6f4-44e6-4f1e-8f96-e2b2cacb1141/starter/661d0752-a831-4c51-aa0b-d156bcc7d0a7.jpg	3e73d6f4-44e6-4f1e-8f96-e2b2cacb1141/starter/856bbe0a-79e3-4636-ac6f-261fc613e383.jpg	
04c0ae19-5919-4a23-8846-a9c18f09c999	f7433041-0a01-4d8c-a883-46a0f3c92152	Eugen Dib	16 stuart road Harrow\nHa37qz	Sr932317b	1981-11-11	07780690760	f7433041-0a01-4d8c-a883-46a0f3c92152/starter/1c4d508d-34b5-4201-9491-c10d8ddd47da.jpg	f7433041-0a01-4d8c-a883-46a0f3c92152/starter/ee7d603e-3225-4109-b27a-5d478d1f6052.jpg	f7433041-0a01-4d8c-a883-46a0f3c92152/starter/859ed030-324f-4083-a2cb-af2836c487ae.jpg	f7433041-0a01-4d8c-a883-46a0f3c92152/starter/033344a1-3b0f-4b1e-b601-a5fda673a8f5.jpg	26049689	[]			\N	\N	\N	[]	2026-06-20 10:30:54.358+00	2026-06-20 10:30:53.512774+00	2026-06-20 10:30:53.512774+00	1	f7433041-0a01-4d8c-a883-46a0f3c92152/starter/446bcd1e-6e2a-4806-b894-ef6af74cb3c2.jpg	f7433041-0a01-4d8c-a883-46a0f3c92152/starter/65744604-a8f0-4681-aaa2-b1351c5ff1f0.jpg	
f18c703f-8ad0-469d-aca4-0bdf269d4119	0249ef1d-3838-47cb-b070-17304161723e	Marian Stan	Burnt oak\nHa85ep	Sy155548a	1971-12-02	07459588079					\N	[]			\N	\N	\N	[]	2026-06-20 10:48:48.751+00	2026-06-20 10:48:47.915221+00	2026-06-20 10:48:47.915221+00	1	0249ef1d-3838-47cb-b070-17304161723e/starter/13da4487-3df8-4c27-88ca-1f27d0505e33.jpg	0249ef1d-3838-47cb-b070-17304161723e/starter/b3cb9de0-8caf-490d-8a58-a51f6a66fd3b.jpg	
9e6d19a9-0baa-4453-b9a0-ba6802fe9a67	044214c4-2c02-4f1c-a8e8-edcb23b9cb62	Gheorghe Burlica	HA8 5RJ  nr 107 Broomgrove gardens	SR595752A	1979-09-01	07774 173723	044214c4-2c02-4f1c-a8e8-edcb23b9cb62/starter/caa65d9e-016b-42ed-b477-ad44abaf3f07.jpg	044214c4-2c02-4f1c-a8e8-edcb23b9cb62/starter/9826e6f5-698c-4039-bc0c-3a11e702be9b.jpg	044214c4-2c02-4f1c-a8e8-edcb23b9cb62/starter/185641a1-1698-4696-af97-1a69d2fc5bb2.jpg	044214c4-2c02-4f1c-a8e8-edcb23b9cb62/starter/a445e4c1-2239-49a2-8e4a-7ceb54eaf321.jpg	\N	[]	044214c4-2c02-4f1c-a8e8-edcb23b9cb62/starter/06d0f3a7-b74b-483c-8b8b-e298a1424af7.jpg	044214c4-2c02-4f1c-a8e8-edcb23b9cb62/starter/64c4f9eb-02a8-4525-9b32-3223b05fa2c4.jpg	Dumper	\N	\N	[]	2026-06-20 11:02:11.605+00	2026-06-20 10:26:54.527349+00	2026-06-20 11:02:11.715661+00	2	044214c4-2c02-4f1c-a8e8-edcb23b9cb62/starter/88e42bf9-f0a4-4629-a7d0-b0281dec807b.jpg	044214c4-2c02-4f1c-a8e8-edcb23b9cb62/starter/60a316b6-fed5-44db-8383-dc01495d818d.jpg	
7becf832-34bd-44a2-9522-13027cbc6d7e	5d2b0a94-cb50-433e-b654-525045548590	Ionut Petre	18 Dryburgh Gardens	SY421931D	1994-03-08	07587315358			5d2b0a94-cb50-433e-b654-525045548590/starter/766b3114-f071-4ef2-8e92-f5703294b00c.jpg	5d2b0a94-cb50-433e-b654-525045548590/starter/9d8abf8c-7e67-4370-9711-ee58fd9c12d1.jpg	\N	[]			\N	\N	\N	[]	2026-06-20 14:01:53.1+00	2026-06-20 14:01:53.53276+00	2026-06-20 14:01:53.53276+00	1			
98e2a6e1-54ad-492f-8551-bf3f771809f4	e40c047f-b7e9-4f41-b20a-209baed651ac	Ereman Tudor	Ha99bx	RR 17 01 05 B	2007-12-28	+447459244528					\N	[]			\N	\N	\N	[]	2026-06-20 15:18:13.976+00	2026-06-20 15:18:14.574426+00	2026-06-20 15:18:14.574426+00	1			
594951f8-5862-41d3-88ab-7910cfcf3864	e4108e51-f590-4296-82a4-be5627bb187f	Cristi Catalin Andronic	12 Langland Crescent	SW850365B	1995-03-08	07901179210					\N	[]			\N	\N	\N	[]	2026-06-20 17:08:43.904+00	2026-06-20 17:08:47.974166+00	2026-06-20 17:08:47.974166+00	1			
3af333fa-305b-40e1-913f-c559f3688d7b	a1161bd5-de49-4bb4-8f13-2477365a4309	Valentin Podaru	Stuart Avenue\nNw97au	SY997438C	1997-09-09	07596346064	a1161bd5-de49-4bb4-8f13-2477365a4309/starter/d034922d-e2a8-4ca3-a1d9-0eb47c195321.jpg	a1161bd5-de49-4bb4-8f13-2477365a4309/starter/ed0c5471-b02b-4f59-a318-2ecda18ce318.jpg	a1161bd5-de49-4bb4-8f13-2477365a4309/starter/9cad6684-9b6e-483b-a973-cb5cc0e0d4a5.jpg	a1161bd5-de49-4bb4-8f13-2477365a4309/starter/6fe71626-2b70-4ba9-81a3-2ae3697d1d68.jpg	26300450	[]	a1161bd5-de49-4bb4-8f13-2477365a4309/starter/b1b7e38e-5f4f-44e1-bdbf-f0669e8d5dd2.jpg	a1161bd5-de49-4bb4-8f13-2477365a4309/starter/2af7ed9c-9a8d-4098-adf9-492a9beacdc2.jpg	\N	\N	\N	[]	2026-06-20 20:15:26.682+00	2026-06-20 20:15:26.832275+00	2026-06-20 20:15:26.832275+00	1	a1161bd5-de49-4bb4-8f13-2477365a4309/starter/789aa19d-e4fa-42ea-8c4b-06dce10d9921.jpg	a1161bd5-de49-4bb4-8f13-2477365a4309/starter/9042f216-73da-42a9-9367-9840bdd30c35.jpg	
5847cd40-d877-435c-9a82-8cacca19177a	66a9dc9f-5b19-4f79-9eb5-1d7cdb49ef82	Constantin Costea	70 how wood\nAl2 2sj	Sj749044a	1983-01-20	07766337401	66a9dc9f-5b19-4f79-9eb5-1d7cdb49ef82/starter/9db00f84-7f85-44ae-b5d5-cd02a842f667.jpg	66a9dc9f-5b19-4f79-9eb5-1d7cdb49ef82/starter/cd3f428a-484a-4183-8fe6-f7d9998f205b.jpg	66a9dc9f-5b19-4f79-9eb5-1d7cdb49ef82/starter/58f124a3-1163-4fb2-8462-f0e9558f8da7.jpg	66a9dc9f-5b19-4f79-9eb5-1d7cdb49ef82/starter/063f77f1-ce90-4d25-9b7d-078ca8eb2f27.jpg	23694182	[]	66a9dc9f-5b19-4f79-9eb5-1d7cdb49ef82/starter/7e218b3e-1f09-4899-b001-e63f5312c5ca.jpg	66a9dc9f-5b19-4f79-9eb5-1d7cdb49ef82/starter/703aebe3-2779-4a11-bb43-33d7d373775c.jpg	\N	\N	\N	[]	2026-06-21 07:20:26.559+00	2026-06-17 06:48:38.516762+00	2026-06-21 07:20:33.769897+00	3	66a9dc9f-5b19-4f79-9eb5-1d7cdb49ef82/starter/b0208db6-eb72-4218-954a-e2534bd022a5.jpg	66a9dc9f-5b19-4f79-9eb5-1d7cdb49ef82/starter/af5e8dc5-ab76-4b31-aff3-4e2eacebccc8.jpg	
d236b9f8-4822-4d0c-b8d1-563f1964cd9d	3375295b-b3a3-40af-9cb5-81959e07fa23	Cristian Gheorghita	17 STANCROFT\nNW9 0SJ	ST 63 01 06 C	1982-10-01	07769085669			3375295b-b3a3-40af-9cb5-81959e07fa23/starter/43f5380c-ec18-4f8f-9cab-07ff8c8fd9fe.jpg	3375295b-b3a3-40af-9cb5-81959e07fa23/starter/61cf2b99-100a-4732-a735-2cc1ea795f66.jpg	10017212	[]			\N	\N	\N	[]	2026-06-21 10:25:43.186+00	2026-06-21 10:25:43.821814+00	2026-06-21 10:25:43.821814+00	1	3375295b-b3a3-40af-9cb5-81959e07fa23/starter/dd415178-338e-4f85-85b3-92b41df2ea36.jpg	3375295b-b3a3-40af-9cb5-81959e07fa23/starter/b810e12b-8e69-41db-92ee-fabb83ea74c4.jpg	
ca20264e-712f-4265-af37-a4a19dc7627d	3932d151-3fc9-4539-ae2c-31032ec99202	Costea Eugen	Nw97au\nStuart avenue	Ss818302c	1971-02-02	07747 787613					\N	[]			\N	\N	\N	[]	2026-06-21 11:49:49.404+00	2026-06-21 11:49:49.495719+00	2026-06-21 11:49:49.495719+00	1	3932d151-3fc9-4539-ae2c-31032ec99202/starter/c1dfd499-6864-4d67-b69b-c17da02c5b7a.jpg	3932d151-3fc9-4539-ae2c-31032ec99202/starter/fc31faf4-fd1f-4da5-b0fe-6d06d22c0eb1.jpg	
9799dfce-7b5e-4080-8d69-62c96119422f	fae5424f-167a-4ad9-ba55-189b684e569b	Silviu Nicu Niculet	149 Broomgrove Gardens	SX297765B	1993-05-13	7818907302	fae5424f-167a-4ad9-ba55-189b684e569b/starter/b9ae5726-3a12-43d5-a745-c9b9edf121ef.jpg	fae5424f-167a-4ad9-ba55-189b684e569b/starter/fe22b1e0-5a98-451f-98f5-13161a31c2c9.jpg			\N	[]	fae5424f-167a-4ad9-ba55-189b684e569b/starter/e36d6693-b934-4130-9d41-e9d3c9fc61d7.jpg	fae5424f-167a-4ad9-ba55-189b684e569b/starter/4dfa35d0-49dd-4ca4-8053-f00a65dff15c.jpg	\N	\N	\N	[]	2026-06-21 13:03:22.434+00	2026-06-21 13:03:22.797833+00	2026-06-21 13:03:22.797833+00	1	fae5424f-167a-4ad9-ba55-189b684e569b/starter/9ad29491-e21e-4d52-af57-88e18e0e9879.jpg	fae5424f-167a-4ad9-ba55-189b684e569b/starter/c1471830-8080-444b-8ca2-2455ac91e1c6.jpg	
abcb0564-f248-4b75-85b4-4f3c816b5a8f	f5adc8bf-b6df-4d42-989a-ffe879b73b87	Aurelian Stefu	NW9 5LQ\nPAGEANT AVENUIE NUMÂ 50	SY016787A	1978-03-03	07424757220					\N	[]			Skilled Worker	f5adc8bf-b6df-4d42-989a-ffe879b73b87/starter/501d3aac-4dfd-450c-b3ec-323210795aea.jpg	f5adc8bf-b6df-4d42-989a-ffe879b73b87/starter/900f1b09-d05c-4985-ba5b-6bc522967fec.jpg	[]	2026-06-22 08:08:04.215+00	2026-06-22 08:08:02.424995+00	2026-06-22 08:08:02.424995+00	1	f5adc8bf-b6df-4d42-989a-ffe879b73b87/starter/1b7ba53a-e11c-495b-9991-1c92fca84809.jpg	f5adc8bf-b6df-4d42-989a-ffe879b73b87/starter/5d7e786e-0573-4cb4-8cc4-bc346b577124.jpg	
b522b61b-d9a8-4b5b-bec0-ddad8e3b2227	55fe5d03-5dde-4508-9f57-6a1db5db779b	Gheorghe Mihalcea	NW95LQ\nPageant Avenue 50	SX602197B	1981-02-28	07424207954					\N	[]			\N	\N	\N	[]	2026-06-22 09:54:14.516+00	2026-06-22 09:53:00.146679+00	2026-06-22 09:54:15.156445+00	3	\N		
381b0876-ef46-412e-8946-24765ca440f7	85145bb3-01b9-4511-9a5b-a34f9b50c9cf	Ion Stroe	HA85EP nr69A	SY337257B	1967-08-31	07721419427					\N	[]			\N	\N	\N	[]	2026-06-22 15:49:10.148+00	2026-06-22 15:49:10.368734+00	2026-06-22 15:49:10.368734+00	1	85145bb3-01b9-4511-9a5b-a34f9b50c9cf/starter/ee169bec-e59c-4f90-bc11-dcbf5f222a3f.jpg	85145bb3-01b9-4511-9a5b-a34f9b50c9cf/starter/133fc8a5-038e-49d9-8f8a-761c2b5f7574.jpg	
\.


--
-- Data for Name: havs_logs; Type: TABLE DATA; Schema: public; Owner: postgres
--

COPY "public"."havs_logs" ("id", "worker_id", "client_id", "project_id", "worker_name", "log_date", "total_points", "signature_url", "status", "manager_comment", "approved_by", "approved_at", "created_at", "updated_at", "revision", "client_other", "project_other") FROM stdin;
8b8c7361-55e5-4244-a454-eb0a154a3b0c	044214c4-2c02-4f1c-a8e8-edcb23b9cb62	0f24f595-53f2-41b6-8909-8989bdfa1180	96754d1a-56ed-40d1-b44a-f68d92996550	Gheorghe Burlica	2026-06-22	7.60	044214c4-2c02-4f1c-a8e8-edcb23b9cb62/havs/928fcac8-717d-4522-95ae-d9cf31a85779.png	submitted	\N	\N	\N	2026-06-22 10:35:18.171491+00	2026-06-22 10:35:18.171491+00	1	\N	\N
3e0462a5-f325-4100-a7a7-bb23612f3f60	f7433041-0a01-4d8c-a883-46a0f3c92152	0f24f595-53f2-41b6-8909-8989bdfa1180	\N	Eugen Dib	2026-06-22	12.67	f7433041-0a01-4d8c-a883-46a0f3c92152/havs/987614fa-8ce0-4129-af97-e2ffd0beb9bf.png	submitted	\N	\N	\N	2026-06-22 14:52:49.744162+00	2026-06-22 14:52:49.744162+00	1	\N	\N
\.


--
-- Data for Name: havs_log_items; Type: TABLE DATA; Schema: public; Owner: postgres
--

COPY "public"."havs_log_items" ("id", "log_id", "position", "equipment", "vibration_magnitude", "minutes_used", "t_eav_hours", "t_elv_hours", "points") FROM stdin;
157c4e02-b70d-4748-a23e-b08930e2293d	8b8c7361-55e5-4244-a454-eb0a154a3b0c	0	Petrol Saw	3.90	15	3.29	13.15	7.60
5cbd4bfd-f08f-4d68-823c-da480a3b6910	3e0462a5-f325-4100-a7a7-bb23612f3f60	0	Petrol Saw	3.90	25	3.29	13.15	12.67
\.


--
-- Data for Name: havs_tools; Type: TABLE DATA; Schema: public; Owner: postgres
--

COPY "public"."havs_tools" ("id", "name", "magnitude", "active", "created_at", "updated_at") FROM stdin;
786468de-ff6b-4d90-976e-92e26a990b52	Wacker Plate	3.10	t	2026-06-19 18:47:24.304647+00	2026-06-19 18:47:24.304647+00
1c20703c-720f-4a5d-be56-2de26c8ed53f	Trench Rammer	5.40	t	2026-06-19 18:47:24.304647+00	2026-06-19 18:47:24.304647+00
ef7221a8-84f7-4dfe-8131-e2c176789d46	Floor Saw	2.80	t	2026-06-19 18:47:24.304647+00	2026-06-19 18:47:24.304647+00
20454127-484f-45d1-919c-8bd6f7700ebf	Hilti Breaker TE1000 AVR TE-S	5.90	t	2026-06-19 19:32:43.809143+00	2026-06-19 19:33:26.624475+00
d185dabf-0af4-4586-b4ed-42c5b470640b	Wacker Neuson Hand-held Breaker BH55rw	4.60	t	2026-06-19 18:47:24.304647+00	2026-06-19 19:44:38.937417+00
e7a09902-2cf0-4b47-861d-89e20c848ea3	Petrol Saw	3.90	t	2026-06-19 18:47:24.304647+00	2026-06-19 19:48:34.653813+00
6c9551e5-d7f1-46fd-96c2-fa7dec4c178a	Pedestrian Roller	3.60	t	2026-06-19 18:47:24.304647+00	2026-06-19 19:49:17.587401+00
\.


--
-- Data for Name: holidays; Type: TABLE DATA; Schema: public; Owner: postgres
--

COPY "public"."holidays" ("id", "user_id", "start_date", "end_date", "note", "status", "approved_by", "approved_at", "rejection_reason", "created_at", "updated_at") FROM stdin;
bc8dc416-3e04-4ffc-9dc9-437e7f8189f2	4c9cc9ec-d7c3-4a51-a4d9-5fa75d804e24	2026-06-19	2026-06-22	\N	approved	713f38a4-7b2c-42b0-8df4-424d54ef5d0f	2026-06-15 17:28:12.784571+00	\N	2026-06-15 08:00:12.235117+00	2026-06-15 17:28:12.784571+00
52dfd0aa-09c8-40dd-b24d-5e9bfde94bff	97ed2ada-c2be-4dba-81c1-dc23e9d43ddf	2026-06-20	2026-06-24	\N	approved	713f38a4-7b2c-42b0-8df4-424d54ef5d0f	2026-06-15 17:28:15.877551+00	\N	2026-06-15 07:59:32.969379+00	2026-06-15 17:28:15.877551+00
0c53ede3-003e-435f-a262-07e94b37e75a	713f38a4-7b2c-42b0-8df4-424d54ef5d0f	2026-06-26	2026-06-30	\N	approved	713f38a4-7b2c-42b0-8df4-424d54ef5d0f	2026-06-16 07:26:50.414031+00	\N	2026-06-16 07:26:50.414031+00	2026-06-16 07:26:50.414031+00
9cda0445-ccda-4618-8460-a63b56567cb5	bba10388-e3a5-4e70-a6d7-123fb3f656e5	2026-08-14	2026-09-15	\N	approved	82cbc827-4809-495a-bd14-9f02bb6d03f9	2026-06-18 16:32:58.76735+00	\N	2026-06-18 15:12:10.708861+00	2026-06-18 16:32:58.76735+00
4fd35f30-502d-4528-a141-3372d920e698	0249ef1d-3838-47cb-b070-17304161723e	2026-07-11	2026-08-29	\N	approved	713f38a4-7b2c-42b0-8df4-424d54ef5d0f	2026-06-20 13:48:21.501184+00	\N	2026-06-20 10:54:10.480956+00	2026-06-20 13:48:21.501184+00
eaf3f88d-250e-45ae-850a-d63de0f86bdd	f7433041-0a01-4d8c-a883-46a0f3c92152	2026-08-02	2026-09-05	\N	approved	713f38a4-7b2c-42b0-8df4-424d54ef5d0f	2026-06-20 14:26:15.23754+00	\N	2026-06-20 10:56:20.338147+00	2026-06-20 14:26:15.23754+00
47391106-fecb-4ff4-bc88-8ac29264e5ff	044214c4-2c02-4f1c-a8e8-edcb23b9cb62	2026-07-26	2026-09-21	\N	approved	713f38a4-7b2c-42b0-8df4-424d54ef5d0f	2026-06-20 17:27:31.241632+00	\N	2026-06-20 17:17:59.491965+00	2026-06-20 17:27:31.241632+00
\.


--
-- Data for Name: invoice_clients; Type: TABLE DATA; Schema: public; Owner: postgres
--

COPY "public"."invoice_clients" ("id", "name", "address", "default_client_reference", "created_at", "updated_at") FROM stdin;
20acb093-f552-4d73-8ccd-122edfd3ec70	Kier Transportation T/a Tarmac Kier JV	2nd Floor Optimum House\nClippers Quay\nSalford\nM50 3XP	TKJV	2026-06-12 23:45:34.935557+00	2026-06-12 23:45:34.935557+00
86509b37-dbc8-457f-9bd0-8c4de68e6fab	Transport for London	Accounts Payable (FSC)\n1st Floor\nPO Box 45276\n14 Pier Walks\nLondon\nSE10 0ES\nsection278finances@tfl.gov.uk \n	TfL Section 278	2026-06-16 06:04:53.538385+00	2026-06-16 06:04:53.538385+00
\.


--
-- Data for Name: invoices; Type: TABLE DATA; Schema: public; Owner: postgres
--

COPY "public"."invoices" ("id", "invoice_number", "invoice_date", "due_date", "client_id", "client_name_snapshot", "client_address_snapshot", "client_reference", "purchase_order", "site_name", "description", "amount_net", "vat_mode", "nas_path", "nas_pushed_at", "created_by", "created_at", "updated_at") FROM stdin;
b253c46a-33ed-49e7-9b3e-ac56251473cd	594	2026-06-16	2026-07-16	86509b37-dbc8-457f-9bd0-8c4de68e6fab	Transport for London	Accounts Payable (FSC)\n1st Floor\nPO Box 45276\n14 Pier Walks\nLondon\nSE10 0ES\nsection278finances@tfl.gov.uk \n	TfL Section 278	29 Roehampton Lane	29 Roehampton Lane, SW15 5LS	Construction of Residential Crossover as per quote Rev B dated 27/03/26\n\nWorks completed 13/06/26	8313.42	add_vat	Invoices/594 - TfL Section 278.pdf	2026-06-16 06:10:14.109+00	473b0582-0fa6-43c3-8f52-ef89bb2810a1	2026-06-16 06:10:13.200301+00	2026-06-16 06:10:14.192898+00
1cf7f7c2-319e-4d6a-a1a9-4266142bdba8	595	2026-06-16	2026-07-16	86509b37-dbc8-457f-9bd0-8c4de68e6fab	Transport for London	Accounts Payable (FSC)\n1st Floor\nPO Box 45276\n14 Pier Walks\nLondon\nSE10 0ES\nsection278finances@tfl.gov.uk \n	TfL Section 278	50 Aubyn Square	50 Aubyn Square, SW15 5FJ	Removal of Existing Crossover and Reinstatement of Footway as per quote dated 27/03/26\n\nWorks completed 13/06/26	10863.52	add_vat	Invoices/595 - TfL Section 278.pdf	2026-06-16 06:57:11.849+00	473b0582-0fa6-43c3-8f52-ef89bb2810a1	2026-06-16 06:19:25.052179+00	2026-06-16 06:57:11.913836+00
37d609e7-3c5b-46f5-98d0-8c188b89c845	596	2026-06-22	2026-07-10	20acb093-f552-4d73-8ccd-122edfd3ec70	Kier Transportation T/a Tarmac Kier JV	2nd Floor Optimum House\nClippers Quay\nSalford\nM50 3XP	TKJV	TKJV-SC-TK0301-000735	CS4 Main Works	Works completed May 2026	583068.56	reverse_charge	Invoices/596 - TKJV.pdf	2026-06-22 06:06:25.308+00	473b0582-0fa6-43c3-8f52-ef89bb2810a1	2026-06-22 06:06:24.478846+00	2026-06-22 06:06:25.352371+00
7aa42b43-3ae8-4aaf-a01f-f19a7458f614	597	2026-06-22	2026-07-10	20acb093-f552-4d73-8ccd-122edfd3ec70	Kier Transportation T/a Tarmac Kier JV	2nd Floor Optimum House\nClippers Quay\nSalford\nM50 3XP	TKJV	TKJV-SC-TK0301-000778	Marylebone Road	Works completed May 2026	28411.91	reverse_charge	Invoices/597 - TKJV.pdf	2026-06-22 06:07:57.352+00	473b0582-0fa6-43c3-8f52-ef89bb2810a1	2026-06-22 06:07:56.537212+00	2026-06-22 06:07:57.414272+00
1c34e45f-ea8b-40eb-a186-e0abebc5e051	598	2026-06-22	2026-07-10	20acb093-f552-4d73-8ccd-122edfd3ec70	Kier Transportation T/a Tarmac Kier JV	2nd Floor Optimum House\nClippers Quay\nSalford\nM50 3XP	TKJV	TKJV-TO-TK0101-005536	Canning Town Bus Station	Drainage Channel - Materials	38799.00	reverse_charge	Invoices/598 - TKJV.pdf	2026-06-22 06:12:05.063+00	473b0582-0fa6-43c3-8f52-ef89bb2810a1	2026-06-22 06:12:04.231165+00	2026-06-22 06:12:05.130136+00
687ac360-54cb-43cf-9f31-08655205a6b4	599	2026-06-22	2026-07-10	20acb093-f552-4d73-8ccd-122edfd3ec70	Kier Transportation T/a Tarmac Kier JV	2nd Floor Optimum House\nClippers Quay\nSalford\nM50 3XP	TKJV	007-TO-TK0101-1000300	Canning Town Bus Station 	Phase 1 CEs 	8081.69	reverse_charge	Invoices/599 - TKJV.pdf	2026-06-22 06:13:51.825+00	473b0582-0fa6-43c3-8f52-ef89bb2810a1	2026-06-22 06:13:50.975429+00	2026-06-22 06:13:51.912467+00
cf94864a-77fe-4bd8-bfb2-2a18001d3934	600	2026-06-22	2026-07-10	20acb093-f552-4d73-8ccd-122edfd3ec70	Kier Transportation T/a Tarmac Kier JV	2nd Floor Optimum House\nClippers Quay\nSalford\nM50 3XP	TKJV	007-TO-TK0101-1000310	Canning Town Bus Station	Phase 2 works completed May 2026	51476.73	reverse_charge	Invoices/600 - TKJV.pdf	2026-06-22 06:15:12.159+00	473b0582-0fa6-43c3-8f52-ef89bb2810a1	2026-06-22 06:15:11.42194+00	2026-06-22 06:15:12.220747+00
\.


--
-- Data for Name: invoice_lines; Type: TABLE DATA; Schema: public; Owner: postgres
--

COPY "public"."invoice_lines" ("id", "invoice_id", "position", "site_name", "description", "amount_net", "project_id", "project_other", "created_at", "updated_at") FROM stdin;
0c98e1b5-a02d-414b-b0db-bb8767412c92	b253c46a-33ed-49e7-9b3e-ac56251473cd	0	29 Roehampton Lane, SW15 5LS	Construction of Residential Crossover as per quote Rev B dated 27/03/26\n\nWorks completed 13/06/26	8313.42	\N	\N	2026-06-22 19:13:53.121081+00	2026-06-22 19:13:53.121081+00
651922bb-739c-4055-a6bc-03100f038092	1cf7f7c2-319e-4d6a-a1a9-4266142bdba8	0	50 Aubyn Square, SW15 5FJ	Removal of Existing Crossover and Reinstatement of Footway as per quote dated 27/03/26\n\nWorks completed 13/06/26	10863.52	\N	\N	2026-06-22 19:13:53.121081+00	2026-06-22 19:13:53.121081+00
1adc1c3d-6f2f-42e4-b34b-27bf9af9e58c	37d609e7-3c5b-46f5-98d0-8c188b89c845	0	CS4 Main Works	Works completed May 2026	583068.56	\N	\N	2026-06-22 19:13:53.121081+00	2026-06-22 19:13:53.121081+00
dd18e174-5fa2-4f3c-bbfd-b0c95ab82700	7aa42b43-3ae8-4aaf-a01f-f19a7458f614	0	Marylebone Road	Works completed May 2026	28411.91	\N	\N	2026-06-22 19:13:53.121081+00	2026-06-22 19:13:53.121081+00
35ce6d33-a73f-401e-9563-e0990f3b02b9	1c34e45f-ea8b-40eb-a186-e0abebc5e051	0	Canning Town Bus Station	Drainage Channel - Materials	38799.00	\N	\N	2026-06-22 19:13:53.121081+00	2026-06-22 19:13:53.121081+00
0090ad5d-6b02-416f-a3ad-574b8fa3de00	687ac360-54cb-43cf-9f31-08655205a6b4	0	Canning Town Bus Station 	Phase 1 CEs 	8081.69	\N	\N	2026-06-22 19:13:53.121081+00	2026-06-22 19:13:53.121081+00
d0f8847e-212f-4270-a2d3-1a4fabc5cd03	cf94864a-77fe-4bd8-bfb2-2a18001d3934	0	Canning Town Bus Station	Phase 2 works completed May 2026	51476.73	\N	\N	2026-06-22 19:13:53.121081+00	2026-06-22 19:13:53.121081+00
\.


--
-- Data for Name: nas_sync_queue; Type: TABLE DATA; Schema: public; Owner: postgres
--

COPY "public"."nas_sync_queue" ("id", "kind", "submission_id", "status", "attempts", "last_error", "last_attempt_at", "created_at", "updated_at") FROM stdin;
\.


--
-- Data for Name: plant; Type: TABLE DATA; Schema: public; Owner: postgres
--

COPY "public"."plant" ("id", "description", "serial_no", "next_service_due", "active", "created_at") FROM stdin;
\.


--
-- Data for Name: plant_inspections; Type: TABLE DATA; Schema: public; Owner: postgres
--

COPY "public"."plant_inspections" ("id", "worker_id", "client_id", "plant_id", "plant_description", "plant_serial_no", "next_service_due", "clock_hours", "checker_name", "inspection_date", "signature_url", "status", "manager_comment", "approved_by", "approved_at", "created_at", "revision", "project_id", "client_other", "project_other") FROM stdin;
4b76086c-a911-4916-b096-c37efa54cdc1	7790c180-e52f-44da-97c0-e190ec9f233f	0f24f595-53f2-41b6-8909-8989bdfa1180	\N	3T	E-897	2026-06-10	953	Ivan Coroi	2026-06-18	7790c180-e52f-44da-97c0-e190ec9f233f/plant-inspection/40111417-e44b-48a0-975e-464c9e37407b.png	submitted	\N	\N	2026-06-18 08:18:17.535616+00	2026-06-18 08:18:17.535616+00	2	\N	\N	\N
f0ac7fb7-38f7-481b-8671-7c91f6fd0d62	7790c180-e52f-44da-97c0-e190ec9f233f	0f24f595-53f2-41b6-8909-8989bdfa1180	\N	3T diger	E- 897	2026-10-10	956	Ivan Coroi	2026-06-19	7790c180-e52f-44da-97c0-e190ec9f233f/plant-inspection/388872c1-9194-423e-bb3b-7d3340a3708f.png	submitted	\N	\N	2026-06-19 07:19:42.324947+00	2026-06-19 07:19:42.324947+00	2	\N	\N	\N
72513b82-07f8-4a44-af68-3004c0e87044	7790c180-e52f-44da-97c0-e190ec9f233f	0f24f595-53f2-41b6-8909-8989bdfa1180	\N	3t	SPH-E 897	2026-10-10	965	Ivan Coroi	2026-06-22	7790c180-e52f-44da-97c0-e190ec9f233f/plant-inspection/fbb9ec9e-3d13-4bdc-b6d0-1a6b4621c5f5.png	submitted	\N	\N	\N	2026-06-22 10:26:16.486729+00	1	96754d1a-56ed-40d1-b44a-f68d92996550	\N	\N
c8328f3d-8e0e-4d2d-909f-22558f06f2ad	c45e2b3b-858e-4cc9-b893-606be19db21e	0f24f595-53f2-41b6-8909-8989bdfa1180	\N	5 ton Kubota 	SPH-E-948	2026-08-30	692	Gheorghe Costea	2026-06-22	c45e2b3b-858e-4cc9-b893-606be19db21e/plant-inspection/14be776e-86be-41d1-b5f0-749ceaf8cd42.png	submitted	\N	\N	\N	2026-06-22 10:31:10.547549+00	1	96754d1a-56ed-40d1-b44a-f68d92996550	\N	\N
c0813c9c-0199-4462-a2f6-0bb929b3f76d	87c10d8e-e4b4-4871-a0bf-2d454e855fb2	0f24f595-53f2-41b6-8909-8989bdfa1180	\N	Kubota	873	\N	1438	Sherif Hema	2026-06-22	87c10d8e-e4b4-4871-a0bf-2d454e855fb2/plant-inspection/1125f06d-6865-4247-90d9-c168acf32bba.png	submitted	\N	\N	\N	2026-06-22 13:39:40.97369+00	1	96754d1a-56ed-40d1-b44a-f68d92996550	\N	\N
b8fb8eff-a1ea-41d7-84c0-75300774bb5b	fae5424f-167a-4ad9-ba55-189b684e569b	0f24f595-53f2-41b6-8909-8989bdfa1180	\N	3T	SPH-E-874	2026-12-22	1300	Silviu Nicu Niculet	2026-06-22	fae5424f-167a-4ad9-ba55-189b684e569b/plant-inspection/93dc8577-f206-476f-a73d-c21eb7f3c0ab.png	submitted	\N	\N	\N	2026-06-22 13:48:42.507477+00	1	96754d1a-56ed-40d1-b44a-f68d92996550	\N	\N
\.


--
-- Data for Name: plant_inspection_items; Type: TABLE DATA; Schema: public; Owner: postgres
--

COPY "public"."plant_inspection_items" ("id", "inspection_id", "position", "item_label", "has_fault", "fault_description", "repaired_at", "repaired_by") FROM stdin;
6ce4e541-d02b-4412-9b5e-0bb3f2070af0	4b76086c-a911-4916-b096-c37efa54cdc1	0	No structural damage after walk around ROPS and FOPS	f	\N	\N	\N
781e4313-d6b2-4b73-a651-95ae3385af70	4b76086c-a911-4916-b096-c37efa54cdc1	1	Cab windows intact and vision clear	f	\N	\N	\N
8f9fe599-94d1-4a54-9ae5-9a6b1998c00d	4b76086c-a911-4916-b096-c37efa54cdc1	2	Cab clean and foot pedal well free from obstructions	f	\N	\N	\N
4083506a-2f91-4cd5-bf8e-f92e01e5e2d0	4b76086c-a911-4916-b096-c37efa54cdc1	3	Seat secure, seat belt operational, flashing beacon	f	\N	\N	\N
45b38b76-7111-421a-bdb1-3ef6a58e286e	4b76086c-a911-4916-b096-c37efa54cdc1	4	Fire extinguisher in cab and test current (if applicable)	f	\N	\N	\N
1d9baf0c-00b7-4379-af42-623683e51f1f	4b76086c-a911-4916-b096-c37efa54cdc1	5	All round visibility (mirrors, CCTV) maintained	f	\N	\N	\N
854f0486-7843-4cc5-98f2-6c06b8603d71	4b76086c-a911-4916-b096-c37efa54cdc1	6	Hooks and other load lift attachments, quick hitch instructions available	f	\N	\N	\N
60fa21a8-4061-4d3c-a68e-2e04319e2d8f	4b76086c-a911-4916-b096-c37efa54cdc1	7	SWL displayed on jib and duty chart internally	f	\N	\N	\N
a9e57041-21fa-4fe3-9ea8-da188c256e01	4b76086c-a911-4916-b096-c37efa54cdc1	8	Flashing beacon working, reversing alarm / light	f	\N	\N	\N
b0ef1d48-00c9-4bcd-997f-dd70255448d0	4b76086c-a911-4916-b096-c37efa54cdc1	9	Operator controls in order and free from obstruction	f	\N	\N	\N
dd1883e1-339d-4d74-9e36-a5d7cff9840a	4b76086c-a911-4916-b096-c37efa54cdc1	10	Lights, hazard warnings and electrical systems clear and in good order	f	\N	\N	\N
70881bde-99dd-4a19-af5b-b7c056a66478	4b76086c-a911-4916-b096-c37efa54cdc1	11	Wheels, tyres, tracks brakes checked satisfactory	f	\N	\N	\N
f0b7cdb5-fc69-4df2-ab5e-67bc60776b3d	4b76086c-a911-4916-b096-c37efa54cdc1	12	Decals and hazard warnings clear and legible	f	\N	\N	\N
60522a5b-d6f0-4be3-9ab0-2103701ebbb7	4b76086c-a911-4916-b096-c37efa54cdc1	13	Hydraulic oil levels, pipes and hoses satisfactory	f	\N	\N	\N
731b5239-e5d1-4cf4-8ab6-ed7db9a90a67	4b76086c-a911-4916-b096-c37efa54cdc1	14	Water, fuel, oil levels satisfactory	f	\N	\N	\N
7c11f32f-fdca-4c7c-ade7-8e4dd99c4c1b	4b76086c-a911-4916-b096-c37efa54cdc1	15	Lifting duty chart displayed	f	\N	\N	\N
ec131f60-3f42-4397-b34a-d449ba900d1c	4b76086c-a911-4916-b096-c37efa54cdc1	16	Rated capacity indicator / limiter checked	f	\N	\N	\N
64dd1f9c-f6dd-4f24-9491-ba1bb102ec57	4b76086c-a911-4916-b096-c37efa54cdc1	17	Other	f	\N	\N	\N
7aa72797-e926-44db-a4b6-86a87b1415b2	f0ac7fb7-38f7-481b-8671-7c91f6fd0d62	0	No structural damage after walk around ROPS and FOPS	f	\N	\N	\N
75769c25-8704-4b7c-baf8-5365965297e8	f0ac7fb7-38f7-481b-8671-7c91f6fd0d62	1	Cab windows intact and vision clear	f	\N	\N	\N
fcc75a76-9bf7-497e-bd94-ba79c8a2c180	f0ac7fb7-38f7-481b-8671-7c91f6fd0d62	2	Cab clean and foot pedal well free from obstructions	f	\N	\N	\N
5f11fd56-dbba-4d13-84a2-9593a2819786	f0ac7fb7-38f7-481b-8671-7c91f6fd0d62	3	Seat secure, seat belt operational, flashing beacon	f	\N	\N	\N
4f9a3387-b474-43a6-981e-a00e8ab35e73	f0ac7fb7-38f7-481b-8671-7c91f6fd0d62	4	Fire extinguisher in cab and test current (if applicable)	f	\N	\N	\N
dd1b2d2a-80b8-41bc-bdfc-1e1ad7fb66da	f0ac7fb7-38f7-481b-8671-7c91f6fd0d62	5	All round visibility (mirrors, CCTV) maintained	f	\N	\N	\N
728194b1-91dc-4c82-89fa-25e8cd263b98	f0ac7fb7-38f7-481b-8671-7c91f6fd0d62	6	Hooks and other load lift attachments, quick hitch instructions available	f	\N	\N	\N
722b2001-9e42-4ec1-a532-e6ecc3f15b8e	f0ac7fb7-38f7-481b-8671-7c91f6fd0d62	7	SWL displayed on jib and duty chart internally	f	\N	\N	\N
5a3f6b1c-d880-470e-9a65-bbda3928f30a	f0ac7fb7-38f7-481b-8671-7c91f6fd0d62	8	Flashing beacon working, reversing alarm / light	f	\N	\N	\N
d1227ae9-9b8b-4082-a86e-5fd79d121245	f0ac7fb7-38f7-481b-8671-7c91f6fd0d62	9	Operator controls in order and free from obstruction	f	\N	\N	\N
7772fd3e-be8f-43cc-acb6-ac25c0713713	f0ac7fb7-38f7-481b-8671-7c91f6fd0d62	10	Lights, hazard warnings and electrical systems clear and in good order	f	\N	\N	\N
8e3f609d-df21-4663-b3c8-40e9ce084166	f0ac7fb7-38f7-481b-8671-7c91f6fd0d62	11	Wheels, tyres, tracks brakes checked satisfactory	f	\N	\N	\N
649f3bc8-c48b-4863-9b43-57d93eb0de01	f0ac7fb7-38f7-481b-8671-7c91f6fd0d62	12	Decals and hazard warnings clear and legible	f	\N	\N	\N
ad721b70-9ad6-4335-af00-fb208537859d	f0ac7fb7-38f7-481b-8671-7c91f6fd0d62	13	Hydraulic oil levels, pipes and hoses satisfactory	f	\N	\N	\N
f342c254-c115-4ed4-8767-727e1bfb7423	f0ac7fb7-38f7-481b-8671-7c91f6fd0d62	14	Water, fuel, oil levels satisfactory	f	\N	\N	\N
d1602767-ddf8-4b76-9fe3-caadf5194511	f0ac7fb7-38f7-481b-8671-7c91f6fd0d62	15	Lifting duty chart displayed	f	\N	\N	\N
440e28ae-e162-4e46-b8b5-07636d366730	f0ac7fb7-38f7-481b-8671-7c91f6fd0d62	16	Rated capacity indicator / limiter checked	f	\N	\N	\N
e34b4c77-860f-4326-b48f-24b1a89a9205	f0ac7fb7-38f7-481b-8671-7c91f6fd0d62	17	Other	f	\N	\N	\N
fe601717-0e57-4985-b19f-35c8a15c2756	72513b82-07f8-4a44-af68-3004c0e87044	0	No structural damage after walk around ROPS and FOPS	f	\N	\N	\N
44209647-ba32-4dab-948e-2116a84232bb	72513b82-07f8-4a44-af68-3004c0e87044	1	Cab windows intact and vision clear	f	\N	\N	\N
d2aaee73-a296-481f-b056-acb30b8e2c97	72513b82-07f8-4a44-af68-3004c0e87044	2	Cab clean and foot pedal well free from obstructions	f	\N	\N	\N
19934b2a-61a0-4df0-8374-c1d4031a3ca6	72513b82-07f8-4a44-af68-3004c0e87044	3	Seat secure, seat belt operational, flashing beacon	f	\N	\N	\N
2f34c842-f149-4e77-a920-42080b521512	72513b82-07f8-4a44-af68-3004c0e87044	4	Fire extinguisher in cab and test current (if applicable)	f	\N	\N	\N
47de2912-43c2-46bd-b5fd-5d57b4964176	72513b82-07f8-4a44-af68-3004c0e87044	5	All round visibility (mirrors, CCTV) maintained	f	\N	\N	\N
f755dee6-3af3-43e1-b9fa-23ed7f0f9235	72513b82-07f8-4a44-af68-3004c0e87044	6	Hooks and other load lift attachments, quick hitch instructions available	f	\N	\N	\N
919a13a5-12e5-4d04-a09d-deeba5556263	72513b82-07f8-4a44-af68-3004c0e87044	7	SWL displayed on jib and duty chart internally	f	\N	\N	\N
d3e32362-0b49-4878-b485-40a0610162e5	72513b82-07f8-4a44-af68-3004c0e87044	8	Flashing beacon working, reversing alarm / light	f	\N	\N	\N
ee4faa63-4041-487f-a6ca-ac08b3e758ec	72513b82-07f8-4a44-af68-3004c0e87044	9	Operator controls in order and free from obstruction	f	\N	\N	\N
c29a1085-2f6f-4b33-a4d9-f87b44729348	72513b82-07f8-4a44-af68-3004c0e87044	10	Lights, hazard warnings and electrical systems clear and in good order	f	\N	\N	\N
70ba9e03-8ca7-47f9-bcb9-0bb9b87d3a16	72513b82-07f8-4a44-af68-3004c0e87044	11	Wheels, tyres, tracks brakes checked satisfactory	f	\N	\N	\N
7568491f-8737-495f-bea2-c99edb6ad7eb	72513b82-07f8-4a44-af68-3004c0e87044	12	Decals and hazard warnings clear and legible	f	\N	\N	\N
164e2edf-9312-415a-bf08-1ea2cf4f5670	72513b82-07f8-4a44-af68-3004c0e87044	13	Hydraulic oil levels, pipes and hoses satisfactory	f	\N	\N	\N
8b190c0c-3a4d-4714-9c33-7707637e3aee	72513b82-07f8-4a44-af68-3004c0e87044	14	Water, fuel, oil levels satisfactory	f	\N	\N	\N
d2d8d099-3f12-44c5-8907-71da6a2f0fd8	72513b82-07f8-4a44-af68-3004c0e87044	15	Lifting duty chart displayed	f	\N	\N	\N
d90827d2-b077-41b8-b294-5a47e7c15525	72513b82-07f8-4a44-af68-3004c0e87044	16	Rated capacity indicator / limiter checked	f	\N	\N	\N
45206490-b843-431a-a399-159f9aa553f8	72513b82-07f8-4a44-af68-3004c0e87044	17	Other	f	\N	\N	\N
068a9a77-16dd-4225-8816-31d57968d062	c8328f3d-8e0e-4d2d-909f-22558f06f2ad	0	No structural damage after walk around ROPS and FOPS	f	\N	\N	\N
d9bb210d-116f-4b8e-9b49-04ddbc9e98d4	c8328f3d-8e0e-4d2d-909f-22558f06f2ad	1	Cab windows intact and vision clear	f	\N	\N	\N
b2f97861-4bf4-4f89-9087-f94776bea263	c8328f3d-8e0e-4d2d-909f-22558f06f2ad	2	Cab clean and foot pedal well free from obstructions	f	\N	\N	\N
a722277a-7725-4d95-bfa4-9cc0c8e8af70	c8328f3d-8e0e-4d2d-909f-22558f06f2ad	3	Seat secure, seat belt operational, flashing beacon	f	\N	\N	\N
6ee95c46-7412-4fbb-a25d-e310250f2a44	c8328f3d-8e0e-4d2d-909f-22558f06f2ad	4	Fire extinguisher in cab and test current (if applicable)	f	\N	\N	\N
9616dfa5-dc03-41fa-8682-aebb8cf8c52e	c8328f3d-8e0e-4d2d-909f-22558f06f2ad	5	All round visibility (mirrors, CCTV) maintained	f	\N	\N	\N
a3476020-68ce-4109-ab47-9ce6d919d414	c8328f3d-8e0e-4d2d-909f-22558f06f2ad	6	Hooks and other load lift attachments, quick hitch instructions available	f	\N	\N	\N
c5d22a67-d23d-4845-8d0f-f5b0c9dbf153	c8328f3d-8e0e-4d2d-909f-22558f06f2ad	7	SWL displayed on jib and duty chart internally	f	\N	\N	\N
401ef2ef-254e-40ca-8d5d-5686dc69bffb	c8328f3d-8e0e-4d2d-909f-22558f06f2ad	8	Flashing beacon working, reversing alarm / light	f	\N	\N	\N
bb6a78fd-312e-4887-ae51-58682d066a9f	c8328f3d-8e0e-4d2d-909f-22558f06f2ad	9	Operator controls in order and free from obstruction	f	\N	\N	\N
ac06efea-04ec-40d6-a43e-fb27feafb0dd	c8328f3d-8e0e-4d2d-909f-22558f06f2ad	10	Lights, hazard warnings and electrical systems clear and in good order	f	\N	\N	\N
583c77e2-71a4-4adf-909e-a9e161dfa390	c8328f3d-8e0e-4d2d-909f-22558f06f2ad	11	Wheels, tyres, tracks brakes checked satisfactory	f	\N	\N	\N
adffd638-77f3-427f-bec8-1973eada2159	c8328f3d-8e0e-4d2d-909f-22558f06f2ad	12	Decals and hazard warnings clear and legible	f	\N	\N	\N
c7cf45a8-8071-4aa6-b59f-22ff73bacff6	c8328f3d-8e0e-4d2d-909f-22558f06f2ad	13	Hydraulic oil levels, pipes and hoses satisfactory	f	\N	\N	\N
bfce59f5-fc37-458e-8aa4-21dbe03052c7	c8328f3d-8e0e-4d2d-909f-22558f06f2ad	14	Water, fuel, oil levels satisfactory	f	\N	\N	\N
52ed259c-4504-4252-9632-5564ac6e70ec	c8328f3d-8e0e-4d2d-909f-22558f06f2ad	15	Lifting duty chart displayed	f	\N	\N	\N
a3834a25-6bcf-43ea-9df2-b789186bc80a	c8328f3d-8e0e-4d2d-909f-22558f06f2ad	16	Rated capacity indicator / limiter checked	f	\N	\N	\N
12b2ad1e-ac0f-40b3-a439-a507896baa55	c8328f3d-8e0e-4d2d-909f-22558f06f2ad	17	Other	f	\N	\N	\N
e18e7494-b589-4a1c-8627-5b1031696ead	c0813c9c-0199-4462-a2f6-0bb929b3f76d	0	No structural damage after walk around ROPS and FOPS	f	\N	\N	\N
c0b60637-2025-4c1a-861d-f5d216e3f75e	c0813c9c-0199-4462-a2f6-0bb929b3f76d	1	Cab windows intact and vision clear	f	\N	\N	\N
21123b8a-00f2-423e-8623-e81be84cd9be	c0813c9c-0199-4462-a2f6-0bb929b3f76d	2	Cab clean and foot pedal well free from obstructions	f	\N	\N	\N
2af93f53-8021-4af8-8251-5757ffcd39d3	c0813c9c-0199-4462-a2f6-0bb929b3f76d	3	Seat secure, seat belt operational, flashing beacon	f	\N	\N	\N
6773627c-959c-4cdd-8061-0c0bfb0f70c0	c0813c9c-0199-4462-a2f6-0bb929b3f76d	4	Fire extinguisher in cab and test current (if applicable)	f	\N	\N	\N
111e2a8e-542a-40f2-a4b7-241d0e2c7827	c0813c9c-0199-4462-a2f6-0bb929b3f76d	5	All round visibility (mirrors, CCTV) maintained	f	\N	\N	\N
6cd38574-b76d-42d7-9f1e-8c3e6cd64485	c0813c9c-0199-4462-a2f6-0bb929b3f76d	6	Hooks and other load lift attachments, quick hitch instructions available	f	\N	\N	\N
04fc2bcb-dafa-4ce6-bcc9-374e88a80b7b	c0813c9c-0199-4462-a2f6-0bb929b3f76d	7	SWL displayed on jib and duty chart internally	f	\N	\N	\N
ed5a4854-f916-44a6-b73d-065a8d256a3b	c0813c9c-0199-4462-a2f6-0bb929b3f76d	8	Flashing beacon working, reversing alarm / light	f	\N	\N	\N
cb43f900-ab58-44fa-91c3-a509b8e29de5	c0813c9c-0199-4462-a2f6-0bb929b3f76d	9	Operator controls in order and free from obstruction	f	\N	\N	\N
e104f483-a7ea-4594-a8e1-ad523ec42319	c0813c9c-0199-4462-a2f6-0bb929b3f76d	10	Lights, hazard warnings and electrical systems clear and in good order	f	\N	\N	\N
f0ace70a-30b9-4836-988e-1e47ec4af0f5	c0813c9c-0199-4462-a2f6-0bb929b3f76d	11	Wheels, tyres, tracks brakes checked satisfactory	f	\N	\N	\N
4c3a88ba-3334-496d-b52f-5076ba0e9717	c0813c9c-0199-4462-a2f6-0bb929b3f76d	12	Decals and hazard warnings clear and legible	f	\N	\N	\N
12570cc6-c954-470a-bd64-d4425c5871dd	c0813c9c-0199-4462-a2f6-0bb929b3f76d	13	Hydraulic oil levels, pipes and hoses satisfactory	f	\N	\N	\N
4f42fb28-ea00-44ce-b2bd-3330e3e18508	c0813c9c-0199-4462-a2f6-0bb929b3f76d	14	Water, fuel, oil levels satisfactory	f	\N	\N	\N
9de5a11c-e726-4c08-a865-63244ba03494	c0813c9c-0199-4462-a2f6-0bb929b3f76d	15	Lifting duty chart displayed	f	\N	\N	\N
36d107e9-7fb1-47c6-9a4f-ecd9437d7c8b	c0813c9c-0199-4462-a2f6-0bb929b3f76d	16	Rated capacity indicator / limiter checked	f	\N	\N	\N
bf10b3be-c9de-4e07-8589-4a0fea9e0f13	c0813c9c-0199-4462-a2f6-0bb929b3f76d	17	Other	f	\N	\N	\N
044073c8-ab26-4f2e-b812-d03ef5c5bf4f	b8fb8eff-a1ea-41d7-84c0-75300774bb5b	0	No structural damage after walk around ROPS and FOPS	f	\N	\N	\N
d557f602-6e2b-4690-b145-58bfd03690ab	b8fb8eff-a1ea-41d7-84c0-75300774bb5b	1	Cab windows intact and vision clear	f	\N	\N	\N
6c654f32-648d-4fd6-baa0-4a904f088674	b8fb8eff-a1ea-41d7-84c0-75300774bb5b	2	Cab clean and foot pedal well free from obstructions	f	\N	\N	\N
7f37b2ac-d4de-414f-bd9c-be9f8ff8f164	b8fb8eff-a1ea-41d7-84c0-75300774bb5b	3	Seat secure, seat belt operational, flashing beacon	f	\N	\N	\N
30bd9c41-5902-421a-ab6c-826a9776faa5	b8fb8eff-a1ea-41d7-84c0-75300774bb5b	4	Fire extinguisher in cab and test current (if applicable)	f	\N	\N	\N
c6401f3d-a7fb-47d6-8b4d-852fee8abe9d	b8fb8eff-a1ea-41d7-84c0-75300774bb5b	5	All round visibility (mirrors, CCTV) maintained	f	\N	\N	\N
b77e739a-25ad-4a86-aa65-27ea6f8620b0	b8fb8eff-a1ea-41d7-84c0-75300774bb5b	6	Hooks and other load lift attachments, quick hitch instructions available	f	\N	\N	\N
8a2d5b24-1aad-4db0-832a-261841875bbf	b8fb8eff-a1ea-41d7-84c0-75300774bb5b	7	SWL displayed on jib and duty chart internally	f	\N	\N	\N
b823677f-871c-439a-9b57-a4217023bdc9	b8fb8eff-a1ea-41d7-84c0-75300774bb5b	8	Flashing beacon working, reversing alarm / light	f	\N	\N	\N
b64161fc-1d5e-415c-9694-511fec29f879	b8fb8eff-a1ea-41d7-84c0-75300774bb5b	9	Operator controls in order and free from obstruction	f	\N	\N	\N
6d7bdd71-2f94-42c9-b20b-63030b033c12	b8fb8eff-a1ea-41d7-84c0-75300774bb5b	10	Lights, hazard warnings and electrical systems clear and in good order	f	\N	\N	\N
2026f430-e5e9-47ee-90ca-f7b149906528	b8fb8eff-a1ea-41d7-84c0-75300774bb5b	11	Wheels, tyres, tracks brakes checked satisfactory	f	\N	\N	\N
ba702712-0bd0-4e7a-ac8e-026304953ee8	b8fb8eff-a1ea-41d7-84c0-75300774bb5b	12	Decals and hazard warnings clear and legible	f	\N	\N	\N
ca8c8d2d-adb3-4600-bfea-b5fd02caa5c2	b8fb8eff-a1ea-41d7-84c0-75300774bb5b	13	Hydraulic oil levels, pipes and hoses satisfactory	f	\N	\N	\N
109f8a6e-9eb6-49dd-bb59-f7d28a2a09c3	b8fb8eff-a1ea-41d7-84c0-75300774bb5b	14	Water, fuel, oil levels satisfactory	f	\N	\N	\N
ef2fcfdb-18a2-4253-9507-a3d955486b1c	b8fb8eff-a1ea-41d7-84c0-75300774bb5b	15	Lifting duty chart displayed	f	\N	\N	\N
695123ae-97f7-4bbf-9b33-70f7a8b5c352	b8fb8eff-a1ea-41d7-84c0-75300774bb5b	16	Rated capacity indicator / limiter checked	f	\N	\N	\N
40312735-c865-420a-964d-379168883ab2	b8fb8eff-a1ea-41d7-84c0-75300774bb5b	17	Other	f	\N	\N	\N
\.


--
-- Data for Name: profiles; Type: TABLE DATA; Schema: public; Owner: postgres
--

COPY "public"."profiles" ("id", "username", "full_name", "active", "created_at", "subcontractor_id", "must_reset_password", "last_active_at") FROM stdin;
97ed2ada-c2be-4dba-81c1-dc23e9d43ddf	jordanbest	Jordan Best	t	2026-06-11 18:30:55.36448+00	0b9fc648-1a2c-4d2c-b352-7e54938d3939	f	\N
f64b5eee-d09e-4b3f-bd65-9f9a940927ad	oleksandrokishor	Oleksandr Okishor	t	2026-06-17 16:34:28.493877+00	54547dbe-d990-4dcf-a833-8569aae87313	t	\N
424451a7-7620-470a-a700-88ec2b14b64f	thanaspetro	Thanas Petro	t	2026-06-16 07:32:36.152324+00	49d8fa74-a378-4f6b-b3ad-8b10ea3831fe	t	\N
e8371995-63a7-43de-a944-87ea9859edbd	mykhailoromanovych	Mykhailo Romanovych	t	2026-06-17 16:35:08.794006+00	54547dbe-d990-4dcf-a833-8569aae87313	t	\N
52afddec-3cae-42ce-9092-8440e1fa8014	defrimkasa	Defrim Kasa	t	2026-06-16 07:33:09.164655+00	49d8fa74-a378-4f6b-b3ad-8b10ea3831fe	t	\N
a8f2b105-eea2-4fb1-9570-8c48381481c9	simioncocarca	Simion Cocarca	t	2026-06-17 16:35:45.79383+00	54547dbe-d990-4dcf-a833-8569aae87313	t	\N
688acb8f-4288-4754-b615-d898938d9256	francisbirmingham	Francis Birmingham	t	2026-06-16 07:35:38.761245+00	3590ab38-9cca-452f-a28d-60aa7b614e9e	t	\N
c78c1158-49da-4c16-96cb-e0b58d8d61a7	mykytavolkov	Mykyta Volkov	t	2026-06-17 16:36:33.273744+00	54547dbe-d990-4dcf-a833-8569aae87313	t	\N
a5c46085-e9c5-4c24-ad52-3aaf0eb75ced	cristianfaraon	Cristian Faraon	t	2026-06-16 07:36:37.587479+00	3590ab38-9cca-452f-a28d-60aa7b614e9e	t	\N
9d2863fc-0252-4cfe-be88-d19047ffa885	ionchindris	Ion Chindris	t	2026-06-16 07:37:21.25658+00	3590ab38-9cca-452f-a28d-60aa7b614e9e	t	\N
5af69b55-ef40-4fc8-8430-71f1a19f8f75	iulianmuscu	Iulian Muscu	t	2026-06-16 07:36:09.36946+00	3590ab38-9cca-452f-a28d-60aa7b614e9e	f	2026-06-20 10:04:23.51+00
2968342a-95a1-46e5-a23c-c392fce4f451	andreiachim	Andrei Achim	t	2026-06-16 07:37:46.68713+00	3590ab38-9cca-452f-a28d-60aa7b614e9e	t	\N
feddbb7c-71f0-4ec5-916c-4a2cdaa517a2	oleksiishulha	Oleksii Shulha	t	2026-06-17 16:37:07.984801+00	54547dbe-d990-4dcf-a833-8569aae87313	t	\N
1d46ac0e-4581-444e-9a38-caac78d30d53	alexfurdui	Alex Furdui	t	2026-06-13 01:12:18.672482+00	646246b0-209a-41f1-a10b-d7d05f3bc51d	t	\N
49952daf-c3ea-4cb6-a4e6-87a1199a6d89	stefanrusu	Stefan Rusu	t	2026-06-13 01:25:30.729389+00	646246b0-209a-41f1-a10b-d7d05f3bc51d	t	\N
7aad6855-2a47-416a-a13e-f7800ca87940	kastriotstefanidhis	Kastriot stefanidhis	t	2026-06-18 12:18:54.396024+00	49d8fa74-a378-4f6b-b3ad-8b10ea3831fe	t	\N
b673c078-c84b-48c8-845d-6aeceb94b19a	alexandruivan	Alexandru Cornel Ivan	t	2026-06-16 07:44:27.372381+00	bceb415e-5d01-4ceb-9907-b02baf596bbb	t	\N
39e2ad12-c499-4e7a-b1f4-914506da8514	ardianshavelli	Ardian Shavelli	t	2026-06-16 07:30:51.622723+00	49d8fa74-a378-4f6b-b3ad-8b10ea3831fe	t	\N
a8aeff32-1421-43a7-8da5-a66278adba47	albankamberi	Alban Kamberi	t	2026-06-16 07:31:27.114953+00	49d8fa74-a378-4f6b-b3ad-8b10ea3831fe	t	\N
e4108e51-f590-4296-82a4-be5627bb187f	catalinandronic	Catalin Andronic	t	2026-06-16 07:41:01.932587+00	0155785b-4dfe-4e59-a8e3-43c0e06f6983	f	2026-06-20 17:14:23.071+00
19791a1c-fe79-4c25-9175-506bde74134f	mariusioan	Marius Ioan	t	2026-06-16 07:38:52.5374+00	3590ab38-9cca-452f-a28d-60aa7b614e9e	t	\N
5d2b0a94-cb50-433e-b654-525045548590	ionutpetre	Ionut Petre	t	2026-06-16 07:40:06.41628+00	0155785b-4dfe-4e59-a8e3-43c0e06f6983	f	2026-06-20 14:05:25.47+00
efaf85bf-1e4c-4933-b062-1110a5181f16	yunalbekir	Yunal Bekir	t	2026-06-15 17:48:19.655078+00	0b9fc648-1a2c-4d2c-b352-7e54938d3939	f	\N
7e790d8a-20b5-4a45-93b0-291987eff0f1	linasbutkus	Linas Butkus	t	2026-06-17 16:25:21.707399+00	54547dbe-d990-4dcf-a833-8569aae87313	f	\N
de005c4b-55c6-49b8-bb8a-3e546e67b52d	miftarmanaj	Miftar mamaj	t	2026-06-18 12:16:37.290586+00	49d8fa74-a378-4f6b-b3ad-8b10ea3831fe	t	\N
0249ef1d-3838-47cb-b070-17304161723e	marianstan	Marian Stan	t	2026-06-16 07:41:52.365615+00	0155785b-4dfe-4e59-a8e3-43c0e06f6983	f	2026-06-20 10:54:27.679+00
e40c047f-b7e9-4f41-b20a-209baed651ac	eremantudor	Ereman Tudor	t	2026-06-16 07:41:21.207717+00	0155785b-4dfe-4e59-a8e3-43c0e06f6983	f	2026-06-20 16:54:44.422+00
4532cd1f-2752-4aa9-a304-8a66a6fb9875	aurelispas	Aurel Ispas	t	2026-06-13 01:07:07.271879+00	646246b0-209a-41f1-a10b-d7d05f3bc51d	f	2026-06-22 10:18:55.246+00
713f38a4-7b2c-42b0-8df4-424d54ef5d0f	kylenaddy	Kyle Naddy	t	2026-06-10 19:45:42.525788+00	0b9fc648-1a2c-4d2c-b352-7e54938d3939	f	2026-06-22 21:28:12.569+00
55fe5d03-5dde-4508-9f57-6a1db5db779b	gheorghemihalcea	Gheorghe Mihalcea	t	2026-06-13 01:25:57.571333+00	646246b0-209a-41f1-a10b-d7d05f3bc51d	f	2026-06-22 09:56:10.511+00
62d60f6c-fafd-4b66-b48e-472bfa39d0cd	grigoritascrivat	Grigorita Scrivat	t	2026-06-13 01:25:05.357031+00	646246b0-209a-41f1-a10b-d7d05f3bc51d	f	2026-06-22 07:11:18.34+00
fe0832db-4ea7-4c23-8cae-9a96d0e70a8c	alexgheorgon	Alex Gheorgon	t	2026-06-11 14:56:16.78944+00	0b9fc648-1a2c-4d2c-b352-7e54938d3939	f	2026-06-22 12:36:46.287+00
3375295b-b3a3-40af-9cb5-81959e07fa23	cristiangheorghita	Cristian Gheorghita	t	2026-06-13 01:11:07.346533+00	646246b0-209a-41f1-a10b-d7d05f3bc51d	f	2026-06-21 10:32:00.781+00
fab0cd1f-129b-4cf8-be1c-22667db1930c	mariuscatafani	Marius Catafani	t	2026-06-13 01:07:38.160523+00	646246b0-209a-41f1-a10b-d7d05f3bc51d	f	2026-06-22 10:35:30.273+00
87c10d8e-e4b4-4871-a0bf-2d454e855fb2	sherifhema	Sherif Hema	t	2026-06-16 07:28:39.343239+00	49d8fa74-a378-4f6b-b3ad-8b10ea3831fe	f	2026-06-22 17:30:46.342+00
044214c4-2c02-4f1c-a8e8-edcb23b9cb62	gheorgheburlica	Gheorghe Burlica	t	2026-06-16 07:40:33.334702+00	0155785b-4dfe-4e59-a8e3-43c0e06f6983	f	2026-06-22 14:50:18.424+00
66a9dc9f-5b19-4f79-9eb5-1d7cdb49ef82	constantincostea	Constantin Costea	t	2026-06-16 07:35:08.375518+00	3590ab38-9cca-452f-a28d-60aa7b614e9e	f	2026-06-22 07:11:23.907+00
bba10388-e3a5-4e70-a6d7-123fb3f656e5	petrisorgheorghita	Petrisor Gheorghita	t	2026-06-13 00:19:40.20704+00	646246b0-209a-41f1-a10b-d7d05f3bc51d	f	2026-06-22 17:44:03.564+00
85754a1b-816f-4575-906e-5139f3587788	test	test	t	2026-06-22 08:45:15.628114+00	646246b0-209a-41f1-a10b-d7d05f3bc51d	f	2026-06-22 09:13:46.402+00
3932d151-3fc9-4539-ae2c-31032ec99202	costeaeugen	Costea Eugen	t	2026-06-13 01:24:44.340378+00	646246b0-209a-41f1-a10b-d7d05f3bc51d	f	2026-06-21 16:31:58.348+00
c45e2b3b-858e-4cc9-b893-606be19db21e	gheorghecostea	Gheorghe Costea	t	2026-06-12 08:47:35.550405+00	0155785b-4dfe-4e59-a8e3-43c0e06f6983	f	2026-06-22 16:03:00.915+00
f5adc8bf-b6df-4d42-989a-ffe879b73b87	aurelianstefu	Aurelian Stefu	t	2026-06-13 01:26:38.831492+00	646246b0-209a-41f1-a10b-d7d05f3bc51d	f	2026-06-22 20:22:25.361+00
c1b79407-8801-4583-8b57-7a5256333600	gheorghitaangheluta	Gheorghita Angheluta	t	2026-06-13 01:11:51.266819+00	646246b0-209a-41f1-a10b-d7d05f3bc51d	f	2026-06-22 06:18:52.398+00
473b0582-0fa6-43c3-8f52-ef89bb2810a1	colmbeckwith	Colm Beckwith	t	2026-06-11 15:26:59.315087+00	0b9fc648-1a2c-4d2c-b352-7e54938d3939	f	2026-06-22 06:35:48.399+00
7790c180-e52f-44da-97c0-e190ec9f233f	ivancoroi	Ivan Coroi	t	2026-06-16 07:43:46.476966+00	bceb415e-5d01-4ceb-9907-b02baf596bbb	f	2026-06-22 10:26:20.425+00
82cbc827-4809-495a-bd14-9f02bb6d03f9	nicusortaras	Nicusor Taras	t	2026-06-11 15:02:25.651272+00	646246b0-209a-41f1-a10b-d7d05f3bc51d	f	2026-06-22 09:58:13.187+00
3e73d6f4-44e6-4f1e-8f96-e2b2cacb1141	ramonpreda	Ramon Preda	t	2026-06-13 01:26:56.474691+00	646246b0-209a-41f1-a10b-d7d05f3bc51d	f	2026-06-22 16:06:55.64+00
a46f113c-b5c3-4309-a2e1-b20a173d0d20	floriniamandi	Florin Iamandi	t	2026-06-13 01:12:40.476304+00	646246b0-209a-41f1-a10b-d7d05f3bc51d	f	2026-06-22 06:52:41.876+00
4c9cc9ec-d7c3-4a51-a4d9-5fa75d804e24	patrickgoodier	Patrick Goodier	t	2026-06-11 21:42:55.147103+00	0b9fc648-1a2c-4d2c-b352-7e54938d3939	f	2026-06-22 10:55:34.182+00
04a6baa7-cc7f-4c06-84ff-fec3e055b9a3	gheorghebordeianu	Gheorghe Bordeianu	t	2026-06-13 01:10:37.53951+00	646246b0-209a-41f1-a10b-d7d05f3bc51d	f	2026-06-22 06:53:07.887+00
fae5424f-167a-4ad9-ba55-189b684e569b	silviuniculet	Silviu Nicu Niculet	t	2026-06-13 01:06:08.189321+00	646246b0-209a-41f1-a10b-d7d05f3bc51d	f	2026-06-22 13:48:46.162+00
a1161bd5-de49-4bb4-8f13-2477365a4309	valentinpodaru	Valentin Podaru	t	2026-06-13 01:08:56.161069+00	646246b0-209a-41f1-a10b-d7d05f3bc51d	f	2026-06-22 17:15:23.967+00
f7433041-0a01-4d8c-a883-46a0f3c92152	eugendib	Eugen Dib	t	2026-06-16 07:42:42.852676+00	0155785b-4dfe-4e59-a8e3-43c0e06f6983	f	2026-06-22 16:20:37.491+00
d5b9af57-9326-4f03-8595-e1860836a8a5	florinrusu	Florin Rusu	t	2026-06-13 01:08:17.298088+00	646246b0-209a-41f1-a10b-d7d05f3bc51d	f	2026-06-22 15:02:58.303+00
85145bb3-01b9-4511-9a5b-a34f9b50c9cf	ionstroe	Ion Stroe	t	2026-06-13 01:09:23.50098+00	646246b0-209a-41f1-a10b-d7d05f3bc51d	f	2026-06-22 15:51:36.119+00
\.


--
-- Data for Name: project_assignments; Type: TABLE DATA; Schema: public; Owner: postgres
--

COPY "public"."project_assignments" ("id", "project_id", "user_id", "assigned_by", "assigned_at") FROM stdin;
08679b96-1921-4d1b-b39b-e544752c6e2a	7f89f448-3c83-444c-b764-79c95caad378	82cbc827-4809-495a-bd14-9f02bb6d03f9	713f38a4-7b2c-42b0-8df4-424d54ef5d0f	2026-06-20 02:34:29.426603+00
01d60835-b6f7-4d8d-b517-c0b2c94dc024	7f89f448-3c83-444c-b764-79c95caad378	bba10388-e3a5-4e70-a6d7-123fb3f656e5	713f38a4-7b2c-42b0-8df4-424d54ef5d0f	2026-06-20 02:34:39.991836+00
dc6117d1-4f99-45d9-a954-bae2019cf55b	96754d1a-56ed-40d1-b44a-f68d92996550	a8aeff32-1421-43a7-8da5-a66278adba47	713f38a4-7b2c-42b0-8df4-424d54ef5d0f	2026-06-20 08:21:49.32977+00
8fe469ed-e1cf-4124-9830-8c0c85df8dc0	96754d1a-56ed-40d1-b44a-f68d92996550	1d46ac0e-4581-444e-9a38-caac78d30d53	713f38a4-7b2c-42b0-8df4-424d54ef5d0f	2026-06-20 08:21:49.32977+00
d87dac47-0cdd-4396-8472-123ae6056dfc	96754d1a-56ed-40d1-b44a-f68d92996550	fe0832db-4ea7-4c23-8cae-9a96d0e70a8c	713f38a4-7b2c-42b0-8df4-424d54ef5d0f	2026-06-20 08:21:49.32977+00
aae4ccb2-da3f-4bf7-9fe4-8c60ba7376e6	96754d1a-56ed-40d1-b44a-f68d92996550	2968342a-95a1-46e5-a23c-c392fce4f451	713f38a4-7b2c-42b0-8df4-424d54ef5d0f	2026-06-20 08:21:49.32977+00
074289c6-ebec-4776-8a3c-cf6ae52afe15	96754d1a-56ed-40d1-b44a-f68d92996550	39e2ad12-c499-4e7a-b1f4-914506da8514	713f38a4-7b2c-42b0-8df4-424d54ef5d0f	2026-06-20 08:21:49.32977+00
0f26b957-3304-411b-944c-65bace08ee30	96754d1a-56ed-40d1-b44a-f68d92996550	4532cd1f-2752-4aa9-a304-8a66a6fb9875	713f38a4-7b2c-42b0-8df4-424d54ef5d0f	2026-06-20 08:21:49.32977+00
75c745de-77a7-4095-98b9-1dad822a873a	96754d1a-56ed-40d1-b44a-f68d92996550	f5adc8bf-b6df-4d42-989a-ffe879b73b87	713f38a4-7b2c-42b0-8df4-424d54ef5d0f	2026-06-20 08:21:49.32977+00
888cfa8d-35ba-4a60-9e54-01798297b95c	96754d1a-56ed-40d1-b44a-f68d92996550	e4108e51-f590-4296-82a4-be5627bb187f	713f38a4-7b2c-42b0-8df4-424d54ef5d0f	2026-06-20 08:21:49.32977+00
03e0e1c5-9c79-45be-9f48-d124a51542f2	96754d1a-56ed-40d1-b44a-f68d92996550	473b0582-0fa6-43c3-8f52-ef89bb2810a1	713f38a4-7b2c-42b0-8df4-424d54ef5d0f	2026-06-20 08:21:49.32977+00
ba863f37-e82e-4f56-9c55-b279eadef9d6	96754d1a-56ed-40d1-b44a-f68d92996550	66a9dc9f-5b19-4f79-9eb5-1d7cdb49ef82	713f38a4-7b2c-42b0-8df4-424d54ef5d0f	2026-06-20 08:21:49.32977+00
abe85222-5ada-4c72-9ca5-b6799600eb20	96754d1a-56ed-40d1-b44a-f68d92996550	3932d151-3fc9-4539-ae2c-31032ec99202	713f38a4-7b2c-42b0-8df4-424d54ef5d0f	2026-06-20 08:21:49.32977+00
90a9240b-30a1-415f-a586-740b6be620a5	96754d1a-56ed-40d1-b44a-f68d92996550	a5c46085-e9c5-4c24-ad52-3aaf0eb75ced	713f38a4-7b2c-42b0-8df4-424d54ef5d0f	2026-06-20 08:21:49.32977+00
db25042c-0136-4dc3-be13-93e544f86a78	96754d1a-56ed-40d1-b44a-f68d92996550	3375295b-b3a3-40af-9cb5-81959e07fa23	713f38a4-7b2c-42b0-8df4-424d54ef5d0f	2026-06-20 08:21:49.32977+00
376d3e65-7611-4c72-9284-22f2f46272e9	96754d1a-56ed-40d1-b44a-f68d92996550	52afddec-3cae-42ce-9092-8440e1fa8014	713f38a4-7b2c-42b0-8df4-424d54ef5d0f	2026-06-20 08:21:49.32977+00
b58f5faf-6158-466e-9c93-d6f315216b3c	96754d1a-56ed-40d1-b44a-f68d92996550	e40c047f-b7e9-4f41-b20a-209baed651ac	713f38a4-7b2c-42b0-8df4-424d54ef5d0f	2026-06-20 08:21:49.32977+00
486fc411-67c8-444c-9d59-8a0fd845ae17	96754d1a-56ed-40d1-b44a-f68d92996550	f7433041-0a01-4d8c-a883-46a0f3c92152	713f38a4-7b2c-42b0-8df4-424d54ef5d0f	2026-06-20 08:21:49.32977+00
de7958b8-c8bd-42d2-85de-d3897bb79e69	96754d1a-56ed-40d1-b44a-f68d92996550	a46f113c-b5c3-4309-a2e1-b20a173d0d20	713f38a4-7b2c-42b0-8df4-424d54ef5d0f	2026-06-20 08:21:49.32977+00
153f4eeb-0413-48eb-8cdd-cc641c5edb01	96754d1a-56ed-40d1-b44a-f68d92996550	d5b9af57-9326-4f03-8595-e1860836a8a5	713f38a4-7b2c-42b0-8df4-424d54ef5d0f	2026-06-20 08:21:49.32977+00
f8095de3-e86c-4a9d-9bed-0118e1d49eeb	96754d1a-56ed-40d1-b44a-f68d92996550	688acb8f-4288-4754-b615-d898938d9256	713f38a4-7b2c-42b0-8df4-424d54ef5d0f	2026-06-20 08:21:49.32977+00
d5466741-436f-4d85-869b-561e133ecb7b	96754d1a-56ed-40d1-b44a-f68d92996550	04a6baa7-cc7f-4c06-84ff-fec3e055b9a3	713f38a4-7b2c-42b0-8df4-424d54ef5d0f	2026-06-20 08:21:49.32977+00
03ce4d74-54d7-40de-865f-cb86e9a35911	96754d1a-56ed-40d1-b44a-f68d92996550	044214c4-2c02-4f1c-a8e8-edcb23b9cb62	713f38a4-7b2c-42b0-8df4-424d54ef5d0f	2026-06-20 08:21:49.32977+00
c89b2993-43d1-43ad-af56-be9f9c761893	96754d1a-56ed-40d1-b44a-f68d92996550	c45e2b3b-858e-4cc9-b893-606be19db21e	713f38a4-7b2c-42b0-8df4-424d54ef5d0f	2026-06-20 08:21:49.32977+00
fa951c1f-bc5a-434b-a5c4-058561e472a1	96754d1a-56ed-40d1-b44a-f68d92996550	55fe5d03-5dde-4508-9f57-6a1db5db779b	713f38a4-7b2c-42b0-8df4-424d54ef5d0f	2026-06-20 08:21:49.32977+00
d78f4024-cd51-4e06-b283-f0003bf3d3ac	96754d1a-56ed-40d1-b44a-f68d92996550	c1b79407-8801-4583-8b57-7a5256333600	713f38a4-7b2c-42b0-8df4-424d54ef5d0f	2026-06-20 08:21:49.32977+00
4b811beb-e7ab-464a-94cb-e0651a9510d1	96754d1a-56ed-40d1-b44a-f68d92996550	62d60f6c-fafd-4b66-b48e-472bfa39d0cd	713f38a4-7b2c-42b0-8df4-424d54ef5d0f	2026-06-20 08:21:49.32977+00
ab73ab20-4636-4acc-9abb-7562dbc35921	96754d1a-56ed-40d1-b44a-f68d92996550	9d2863fc-0252-4cfe-be88-d19047ffa885	713f38a4-7b2c-42b0-8df4-424d54ef5d0f	2026-06-20 08:21:49.32977+00
5005f650-4e05-47f2-b3d5-f2d44762b936	96754d1a-56ed-40d1-b44a-f68d92996550	85145bb3-01b9-4511-9a5b-a34f9b50c9cf	713f38a4-7b2c-42b0-8df4-424d54ef5d0f	2026-06-20 08:21:49.32977+00
5d126bd8-7a4c-49be-aa34-4bd8990365c0	96754d1a-56ed-40d1-b44a-f68d92996550	5d2b0a94-cb50-433e-b654-525045548590	713f38a4-7b2c-42b0-8df4-424d54ef5d0f	2026-06-20 08:21:49.32977+00
06275636-5901-4397-90c9-0b8fa1b0ebbc	96754d1a-56ed-40d1-b44a-f68d92996550	5af69b55-ef40-4fc8-8430-71f1a19f8f75	713f38a4-7b2c-42b0-8df4-424d54ef5d0f	2026-06-20 08:21:49.32977+00
7c755612-5c6c-4e32-a852-c9f04665aed5	96754d1a-56ed-40d1-b44a-f68d92996550	7790c180-e52f-44da-97c0-e190ec9f233f	713f38a4-7b2c-42b0-8df4-424d54ef5d0f	2026-06-20 08:21:49.32977+00
be8e8f63-3e1c-4e9c-aef4-452c9121f2b5	96754d1a-56ed-40d1-b44a-f68d92996550	97ed2ada-c2be-4dba-81c1-dc23e9d43ddf	713f38a4-7b2c-42b0-8df4-424d54ef5d0f	2026-06-20 08:21:49.32977+00
fb85e0ed-7f09-4c52-a529-2f374610a3c5	96754d1a-56ed-40d1-b44a-f68d92996550	7aad6855-2a47-416a-a13e-f7800ca87940	713f38a4-7b2c-42b0-8df4-424d54ef5d0f	2026-06-20 08:21:49.32977+00
cbec58b1-9219-4474-8beb-8ca4a81acc08	96754d1a-56ed-40d1-b44a-f68d92996550	713f38a4-7b2c-42b0-8df4-424d54ef5d0f	713f38a4-7b2c-42b0-8df4-424d54ef5d0f	2026-06-20 08:21:49.32977+00
81bc15c0-9218-4e85-9951-f4d93aa9d6fa	96754d1a-56ed-40d1-b44a-f68d92996550	7e790d8a-20b5-4a45-93b0-291987eff0f1	713f38a4-7b2c-42b0-8df4-424d54ef5d0f	2026-06-20 08:21:49.32977+00
cd4ac9b4-2105-4161-96fe-c0cc14b214f3	96754d1a-56ed-40d1-b44a-f68d92996550	0249ef1d-3838-47cb-b070-17304161723e	713f38a4-7b2c-42b0-8df4-424d54ef5d0f	2026-06-20 08:21:49.32977+00
09dd108e-5799-4f68-92e5-802ae8a64ea1	96754d1a-56ed-40d1-b44a-f68d92996550	fab0cd1f-129b-4cf8-be1c-22667db1930c	713f38a4-7b2c-42b0-8df4-424d54ef5d0f	2026-06-20 08:21:49.32977+00
bad8c0dd-84e1-409d-8982-cc06b4cb213c	96754d1a-56ed-40d1-b44a-f68d92996550	19791a1c-fe79-4c25-9175-506bde74134f	713f38a4-7b2c-42b0-8df4-424d54ef5d0f	2026-06-20 08:21:49.32977+00
9aef0170-596d-486c-86b9-c50c42f0ee42	96754d1a-56ed-40d1-b44a-f68d92996550	de005c4b-55c6-49b8-bb8a-3e546e67b52d	713f38a4-7b2c-42b0-8df4-424d54ef5d0f	2026-06-20 08:21:49.32977+00
734ff2de-b52f-4d32-93f7-237686182568	96754d1a-56ed-40d1-b44a-f68d92996550	e8371995-63a7-43de-a944-87ea9859edbd	713f38a4-7b2c-42b0-8df4-424d54ef5d0f	2026-06-20 08:21:49.32977+00
c3ac5374-ead8-4e19-936b-9c6b3373930f	96754d1a-56ed-40d1-b44a-f68d92996550	c78c1158-49da-4c16-96cb-e0b58d8d61a7	713f38a4-7b2c-42b0-8df4-424d54ef5d0f	2026-06-20 08:21:49.32977+00
90cc1d1a-9aac-471e-961d-a189552ee935	96754d1a-56ed-40d1-b44a-f68d92996550	82cbc827-4809-495a-bd14-9f02bb6d03f9	713f38a4-7b2c-42b0-8df4-424d54ef5d0f	2026-06-20 08:21:49.32977+00
a37a006b-a309-4cbe-a862-3566bae2843a	96754d1a-56ed-40d1-b44a-f68d92996550	f64b5eee-d09e-4b3f-bd65-9f9a940927ad	713f38a4-7b2c-42b0-8df4-424d54ef5d0f	2026-06-20 08:21:49.32977+00
69a4ff10-3ff3-4e4f-b253-1d3570f4bddd	96754d1a-56ed-40d1-b44a-f68d92996550	feddbb7c-71f0-4ec5-916c-4a2cdaa517a2	713f38a4-7b2c-42b0-8df4-424d54ef5d0f	2026-06-20 08:21:49.32977+00
5f35525a-e4c8-4b0a-9b15-65bb7a7cd0b2	96754d1a-56ed-40d1-b44a-f68d92996550	4c9cc9ec-d7c3-4a51-a4d9-5fa75d804e24	713f38a4-7b2c-42b0-8df4-424d54ef5d0f	2026-06-20 08:21:49.32977+00
bb387528-5371-4c93-aef0-a014909b5f4a	96754d1a-56ed-40d1-b44a-f68d92996550	bba10388-e3a5-4e70-a6d7-123fb3f656e5	713f38a4-7b2c-42b0-8df4-424d54ef5d0f	2026-06-20 08:21:49.32977+00
398405c8-df6b-498c-9930-fe53723fb922	96754d1a-56ed-40d1-b44a-f68d92996550	3e73d6f4-44e6-4f1e-8f96-e2b2cacb1141	713f38a4-7b2c-42b0-8df4-424d54ef5d0f	2026-06-20 08:21:49.32977+00
6383529b-67fa-4ff7-9765-0b9d2cdb08a0	96754d1a-56ed-40d1-b44a-f68d92996550	87c10d8e-e4b4-4871-a0bf-2d454e855fb2	713f38a4-7b2c-42b0-8df4-424d54ef5d0f	2026-06-20 08:21:49.32977+00
67f1c1d2-a9e4-4d16-b13d-23f38a01d8d4	96754d1a-56ed-40d1-b44a-f68d92996550	fae5424f-167a-4ad9-ba55-189b684e569b	713f38a4-7b2c-42b0-8df4-424d54ef5d0f	2026-06-20 08:21:49.32977+00
d7bcfc61-17fd-44ef-a8a2-e37fc193d867	96754d1a-56ed-40d1-b44a-f68d92996550	a8f2b105-eea2-4fb1-9570-8c48381481c9	713f38a4-7b2c-42b0-8df4-424d54ef5d0f	2026-06-20 08:21:49.32977+00
f86e4412-5bf7-4f0b-b607-a77f0d3b0a2e	96754d1a-56ed-40d1-b44a-f68d92996550	49952daf-c3ea-4cb6-a4e6-87a1199a6d89	713f38a4-7b2c-42b0-8df4-424d54ef5d0f	2026-06-20 08:21:49.32977+00
4385fe3c-c13f-4ef4-a6ab-429500cb6a60	96754d1a-56ed-40d1-b44a-f68d92996550	424451a7-7620-470a-a700-88ec2b14b64f	713f38a4-7b2c-42b0-8df4-424d54ef5d0f	2026-06-20 08:21:49.32977+00
fe5f7c85-1efd-4e89-b4d9-b471bce2ad23	96754d1a-56ed-40d1-b44a-f68d92996550	a1161bd5-de49-4bb4-8f13-2477365a4309	713f38a4-7b2c-42b0-8df4-424d54ef5d0f	2026-06-20 08:21:49.32977+00
2c6796e6-7bbb-4f5e-884f-7be744d62ad9	96754d1a-56ed-40d1-b44a-f68d92996550	efaf85bf-1e4c-4933-b062-1110a5181f16	713f38a4-7b2c-42b0-8df4-424d54ef5d0f	2026-06-20 08:21:49.32977+00
d2afe8b1-d5fa-4bfa-aecd-c356c79a3d99	7f89f448-3c83-444c-b764-79c95caad378	c1b79407-8801-4583-8b57-7a5256333600	713f38a4-7b2c-42b0-8df4-424d54ef5d0f	2026-06-20 08:37:34.72326+00
6c64a923-45e4-48d6-8892-87d70da62e2f	7f89f448-3c83-444c-b764-79c95caad378	62d60f6c-fafd-4b66-b48e-472bfa39d0cd	713f38a4-7b2c-42b0-8df4-424d54ef5d0f	2026-06-20 08:37:39.076922+00
5d057051-ca9b-4f24-8b45-7edf13734de6	7f89f448-3c83-444c-b764-79c95caad378	04a6baa7-cc7f-4c06-84ff-fec3e055b9a3	713f38a4-7b2c-42b0-8df4-424d54ef5d0f	2026-06-20 08:37:44.735166+00
08ee6436-6299-425f-85ae-bbbec5daa150	7f89f448-3c83-444c-b764-79c95caad378	a46f113c-b5c3-4309-a2e1-b20a173d0d20	713f38a4-7b2c-42b0-8df4-424d54ef5d0f	2026-06-20 08:37:49.550961+00
1782d2fd-01d1-4b90-b2c2-43d4d827c4d8	7f89f448-3c83-444c-b764-79c95caad378	d5b9af57-9326-4f03-8595-e1860836a8a5	713f38a4-7b2c-42b0-8df4-424d54ef5d0f	2026-06-20 08:37:55.793373+00
36e269a2-906e-4989-811c-38eebd30b57a	7f89f448-3c83-444c-b764-79c95caad378	4532cd1f-2752-4aa9-a304-8a66a6fb9875	713f38a4-7b2c-42b0-8df4-424d54ef5d0f	2026-06-20 08:38:04.879018+00
8f03c10c-e7dc-4d62-a80f-61ab76a390c5	96754d1a-56ed-40d1-b44a-f68d92996550	b673c078-c84b-48c8-845d-6aeceb94b19a	713f38a4-7b2c-42b0-8df4-424d54ef5d0f	2026-06-20 08:55:47.684854+00
0981b460-9ff2-47aa-ac77-050210185148	088a9ab0-ef4c-43be-9688-eeca3884d81c	82cbc827-4809-495a-bd14-9f02bb6d03f9	713f38a4-7b2c-42b0-8df4-424d54ef5d0f	2026-06-20 15:50:41.866187+00
9a2c7335-c402-4e21-b71b-6215b1b158d5	088a9ab0-ef4c-43be-9688-eeca3884d81c	a1161bd5-de49-4bb4-8f13-2477365a4309	713f38a4-7b2c-42b0-8df4-424d54ef5d0f	2026-06-20 19:47:42.68932+00
2e6d7294-b116-411d-811c-21ea1a2bfa6a	96754d1a-56ed-40d1-b44a-f68d92996550	85754a1b-816f-4575-906e-5139f3587788	\N	2026-06-22 08:45:15.628114+00
\.


--
-- Data for Name: rams_briefings; Type: TABLE DATA; Schema: public; Owner: postgres
--

COPY "public"."rams_briefings" ("id", "briefer_id", "client_id", "project_id", "method_statement_title", "revision_date", "briefing_date", "briefer_signature_url", "status", "manager_comment", "approved_by", "approved_at", "created_at", "revision", "client_other", "project_other") FROM stdin;
\.


--
-- Data for Name: rams_attendees; Type: TABLE DATA; Schema: public; Owner: postgres
--

COPY "public"."rams_attendees" ("id", "briefing_id", "position", "name", "signature_url", "user_id") FROM stdin;
\.


--
-- Data for Name: submission_photos; Type: TABLE DATA; Schema: public; Owner: postgres
--

COPY "public"."submission_photos" ("id", "kind", "submission_id", "item_id", "storage_path", "created_at") FROM stdin;
62dd0920-09fe-4b6a-bbfc-114d7af447e6	vehicle_defect	b67044e7-9b8f-47e6-800b-9020b0b4faf4	352003ac-3c15-4db4-9d95-5b33cc4c3453	58bd1b10-1a61-4517-90ca-812d40e4a1b0/vehicle-defect/a875ca08-cb9a-4460-80a5-89a868c4a549.jpg	2026-06-11 13:01:55.693179+00
5bcc64a4-15b2-4f48-afd2-4c5b8c2cdb01	vehicle_defect	2d159b6d-887d-4360-8472-cc5ba8bfdc21	19f46c0f-4a42-4f66-b292-5b4e17723654	713f38a4-7b2c-42b0-8df4-424d54ef5d0f/vehicle-defect/a730d4ed-eb2d-4109-9884-79c2f3d411d2.jpg	2026-06-16 21:16:44.636088+00
6b694bd1-065f-4630-b7da-456a9b921a01	vehicle_defect	2d159b6d-887d-4360-8472-cc5ba8bfdc21	2c142f18-a019-4c3c-8ab3-a0688de9cd41	713f38a4-7b2c-42b0-8df4-424d54ef5d0f/vehicle-defect/9569364b-2b8d-41a2-9108-378b938e0e18.jpg	2026-06-16 21:16:45.225746+00
\.


--
-- Data for Name: timesheets; Type: TABLE DATA; Schema: public; Owner: postgres
--

COPY "public"."timesheets" ("id", "worker_id", "week_ending", "signature_url", "status", "manager_comment", "approved_by", "approved_at", "created_at", "snapshot_shift_rate", "rejection_reason", "revision") FROM stdin;
b24a2163-aecb-4dd3-9852-d5c766ea8e11	4c9cc9ec-d7c3-4a51-a4d9-5fa75d804e24	2026-06-14	4c9cc9ec-d7c3-4a51-a4d9-5fa75d804e24/timesheet/ce3477b1-4b80-4e4b-b37f-80ba341e17fb.png	approved	\N	4c9cc9ec-d7c3-4a51-a4d9-5fa75d804e24	2026-06-13 08:55:26.453305+00	2026-06-13 08:55:26.32196+00	250.00	\N	7
e6342407-33d2-43cd-a96b-b234d5fb3822	97ed2ada-c2be-4dba-81c1-dc23e9d43ddf	2026-06-14	713f38a4-7b2c-42b0-8df4-424d54ef5d0f/timesheet/26ddba70-b6c4-498c-a95f-8e107fca922c.png	approved	\N	97ed2ada-c2be-4dba-81c1-dc23e9d43ddf	2026-06-15 17:30:47.970373+00	2026-06-15 07:58:42.167645+00	300.00	\N	18
6ecd28a0-8e8f-4d98-9306-9145e8b52611	7e790d8a-20b5-4a45-93b0-291987eff0f1	2026-06-07	7e790d8a-20b5-4a45-93b0-291987eff0f1/timesheet/dfcb484a-205c-46f1-bc18-c87478c7d97c.png	approved	\N	7e790d8a-20b5-4a45-93b0-291987eff0f1	2026-06-18 16:21:46.460854+00	2026-06-18 16:21:46.308512+00	300.00	\N	1
0e913c51-3264-46fe-8c25-84ad2cee8f1e	a8f2b105-eea2-4fb1-9570-8c48381481c9	2026-06-07	7e790d8a-20b5-4a45-93b0-291987eff0f1/timesheet/f84ea2ea-1c81-4fd0-abbf-f00d93343b85.png	approved	\N	7e790d8a-20b5-4a45-93b0-291987eff0f1	2026-06-18 16:25:55.867+00	2026-06-18 16:25:23.823995+00	195.00	\N	2
fcba3bb1-c4bc-433c-a500-53dcedc90175	f64b5eee-d09e-4b3f-bd65-9f9a940927ad	2026-06-07	7e790d8a-20b5-4a45-93b0-291987eff0f1/timesheet/5ae7eea1-363e-4d86-8658-8050a509edd0.png	approved	\N	7e790d8a-20b5-4a45-93b0-291987eff0f1	2026-06-18 16:27:06.919+00	2026-06-18 16:22:55.215659+00	245.00	\N	2
dde3fbf5-23ab-4ce0-a753-eb0633d127e7	e8371995-63a7-43de-a944-87ea9859edbd	2026-06-07	7e790d8a-20b5-4a45-93b0-291987eff0f1/timesheet/dda7c435-62c9-4a31-aca9-d97ce7dd763b.png	approved	\N	7e790d8a-20b5-4a45-93b0-291987eff0f1	2026-06-18 16:28:20.523+00	2026-06-18 16:24:20.333838+00	190.00	\N	2
adafa2df-ae7e-4dd3-a098-160670c2e71d	efaf85bf-1e4c-4933-b062-1110a5181f16	2026-06-21	efaf85bf-1e4c-4933-b062-1110a5181f16/timesheet/8cefede0-802a-4637-9c14-39b8f069cc44.png	approved	\N	713f38a4-7b2c-42b0-8df4-424d54ef5d0f	2026-06-20 10:10:01.366+00	2026-06-20 09:22:50.15376+00	220.00	\N	2
80943665-be15-4437-8d00-b3ed8c7c5658	feddbb7c-71f0-4ec5-916c-4a2cdaa517a2	2026-06-07	7e790d8a-20b5-4a45-93b0-291987eff0f1/timesheet/8aa535b4-2267-4a9c-9b5d-ba5b0987edd3.png	approved	\N	7e790d8a-20b5-4a45-93b0-291987eff0f1	2026-06-18 16:32:12.576+00	2026-06-18 16:32:06.991043+00	180.00	\N	2
6814ff4f-064a-4f20-9f1b-cf0bcee7fb86	c78c1158-49da-4c16-96cb-e0b58d8d61a7	2026-06-07	7e790d8a-20b5-4a45-93b0-291987eff0f1/timesheet/01bd3c6c-9c82-43c1-a8fc-d1eb18a4aa7d.png	approved	\N	7e790d8a-20b5-4a45-93b0-291987eff0f1	2026-06-18 16:33:11.76+00	2026-06-18 16:32:57.902325+00	180.00	\N	2
8bdde6cb-2fd8-4a14-b2b9-66b7584de364	66a9dc9f-5b19-4f79-9eb5-1d7cdb49ef82	2026-06-21	66a9dc9f-5b19-4f79-9eb5-1d7cdb49ef82/timesheet/122f01d8-3c83-4a71-8998-c52b6972dfd6.png	approved	\N	66a9dc9f-5b19-4f79-9eb5-1d7cdb49ef82	2026-06-20 08:58:43.070932+00	2026-06-20 08:58:42.941308+00	270.00	\N	1
9508a6f4-0d58-4309-9bde-ed47338d4bec	0249ef1d-3838-47cb-b070-17304161723e	2026-06-21	0249ef1d-3838-47cb-b070-17304161723e/timesheet/43637e2f-9dcf-4ef3-96a6-41a5294bc988.png	approved	\N	713f38a4-7b2c-42b0-8df4-424d54ef5d0f	2026-06-20 12:08:06.938+00	2026-06-20 10:50:19.420147+00	170.00	\N	2
8a8e0251-eee7-438b-b075-bec2ec69156b	f7433041-0a01-4d8c-a883-46a0f3c92152	2026-06-21	f7433041-0a01-4d8c-a883-46a0f3c92152/timesheet/bd362385-30fd-446b-8ad0-11a986b52de4.png	approved	\N	713f38a4-7b2c-42b0-8df4-424d54ef5d0f	2026-06-20 12:09:21.114+00	2026-06-20 10:35:10.115972+00	230.00	\N	2
ce453316-436d-4838-95d7-b4a624d9997f	044214c4-2c02-4f1c-a8e8-edcb23b9cb62	2026-06-21	044214c4-2c02-4f1c-a8e8-edcb23b9cb62/timesheet/6bf5f590-8447-4f32-bc7e-552f984b8064.png	approved	\N	713f38a4-7b2c-42b0-8df4-424d54ef5d0f	2026-06-20 12:09:30.595+00	2026-06-20 10:33:40.172761+00	250.00	\N	2
e1587c93-a25b-49bf-b58e-e967f75ecc0e	5d2b0a94-cb50-433e-b654-525045548590	2026-06-21	5d2b0a94-cb50-433e-b654-525045548590/timesheet/45933995-546e-43fd-8314-9649528ff024.png	approved	\N	713f38a4-7b2c-42b0-8df4-424d54ef5d0f	2026-06-20 14:41:06.305+00	2026-06-20 14:03:02.645177+00	250.00	\N	2
8660fb23-2c6e-48fb-b888-f6cd261a546b	c45e2b3b-858e-4cc9-b893-606be19db21e	2026-06-21	c45e2b3b-858e-4cc9-b893-606be19db21e/timesheet/74aec6f0-9386-4808-bb44-f79329260172.png	approved	\N	c45e2b3b-858e-4cc9-b893-606be19db21e	2026-06-20 10:04:03.82158+00	2026-06-20 10:04:03.744671+00	250.00	\N	1
ca51a7f1-2fd3-47c8-8802-4f13361fce5d	52afddec-3cae-42ce-9092-8440e1fa8014	2026-06-21	87c10d8e-e4b4-4871-a0bf-2d454e855fb2/timesheet/7e2b7824-5711-48fa-8618-f2139362dbb2.png	approved	\N	87c10d8e-e4b4-4871-a0bf-2d454e855fb2	2026-06-20 16:04:36.787959+00	2026-06-20 16:04:36.559379+00	250.00	\N	1
5f701ceb-83da-489c-ac04-ae1cb704b22c	39e2ad12-c499-4e7a-b1f4-914506da8514	2026-06-21	87c10d8e-e4b4-4871-a0bf-2d454e855fb2/timesheet/9a2466eb-ea2c-45ad-af2b-b2b6c96ec1c5.png	approved	\N	87c10d8e-e4b4-4871-a0bf-2d454e855fb2	2026-06-20 15:54:49.889424+00	2026-06-20 15:54:49.712811+00	300.00	\N	1
08b5f51d-20f3-43f1-9685-8aaceb6c85f9	424451a7-7620-470a-a700-88ec2b14b64f	2026-06-21	87c10d8e-e4b4-4871-a0bf-2d454e855fb2/timesheet/5e0dfd48-35c3-4627-a831-31f775568ac3.png	approved	\N	87c10d8e-e4b4-4871-a0bf-2d454e855fb2	2026-06-20 16:09:01.187841+00	2026-06-20 16:09:00.99044+00	220.00	\N	1
fc58c2e7-7ce3-4565-9156-d234e6ef7901	87c10d8e-e4b4-4871-a0bf-2d454e855fb2	2026-06-21	87c10d8e-e4b4-4871-a0bf-2d454e855fb2/timesheet/f52ead54-8fa8-45ed-bc39-5dd20e3c0a34.png	approved	\N	713f38a4-7b2c-42b0-8df4-424d54ef5d0f	2026-06-20 16:30:07.282+00	2026-06-20 15:52:19.270811+00	300.00	\N	2
2a517dd3-b14f-43b9-a0aa-20cd818e6242	a8aeff32-1421-43a7-8da5-a66278adba47	2026-06-21	87c10d8e-e4b4-4871-a0bf-2d454e855fb2/timesheet/e8c26be7-7b9d-4d3d-9e7a-087c2243dff5.png	approved	\N	87c10d8e-e4b4-4871-a0bf-2d454e855fb2	2026-06-20 16:02:59.837183+00	2026-06-20 16:02:58.80452+00	250.00	\N	1
2791bbe6-0786-4dfe-b0c9-c507bedc713b	e40c047f-b7e9-4f41-b20a-209baed651ac	2026-06-21	e40c047f-b7e9-4f41-b20a-209baed651ac/timesheet/cd67c6a0-ab62-475f-8651-a36df8ffe31d.png	approved	\N	713f38a4-7b2c-42b0-8df4-424d54ef5d0f	2026-06-20 17:09:14.88+00	2026-06-20 16:54:40.525914+00	170.00	\N	2
af464f2b-b4e2-4b58-9af3-ef62a15e2a55	7aad6855-2a47-416a-a13e-f7800ca87940	2026-06-21	87c10d8e-e4b4-4871-a0bf-2d454e855fb2/timesheet/c1252efb-fe94-4996-b537-ac322c6d04f4.png	approved	\N	87c10d8e-e4b4-4871-a0bf-2d454e855fb2	2026-06-20 16:06:00.918321+00	2026-06-20 16:06:00.835029+00	220.00	\N	1
950f0592-8f96-4a32-9842-2c1738957db7	e4108e51-f590-4296-82a4-be5627bb187f	2026-06-21	e4108e51-f590-4296-82a4-be5627bb187f/timesheet/c9851d43-cea7-4c79-afc0-4fb803db9887.png	approved	\N	713f38a4-7b2c-42b0-8df4-424d54ef5d0f	2026-06-20 17:35:39.889+00	2026-06-20 17:14:17.758447+00	170.00	\N	2
a8ecc859-221d-4dad-9089-1785c060d436	de005c4b-55c6-49b8-bb8a-3e546e67b52d	2026-06-21	87c10d8e-e4b4-4871-a0bf-2d454e855fb2/timesheet/0ce40047-5502-4560-bb26-15fab9d286ce.png	approved	\N	87c10d8e-e4b4-4871-a0bf-2d454e855fb2	2026-06-20 16:07:29.639251+00	2026-06-20 16:07:29.558266+00	250.00	\N	1
74e86526-ef7c-461f-b7ad-22e90c6a31a7	04a6baa7-cc7f-4c06-84ff-fec3e055b9a3	2026-06-21	04a6baa7-cc7f-4c06-84ff-fec3e055b9a3/timesheet/c1271999-533d-4ab4-8ba1-23db736db7a6.png	approved	\N	82cbc827-4809-495a-bd14-9f02bb6d03f9	2026-06-22 07:03:35.485+00	2026-06-22 05:16:35.958518+00	200.00	\N	2
f44903e5-9b30-4c4d-aeba-b771b35043ad	9d2863fc-0252-4cfe-be88-d19047ffa885	2026-06-21	66a9dc9f-5b19-4f79-9eb5-1d7cdb49ef82/timesheet/62a64497-c618-469e-b651-1c22f28b4594.png	approved	\N	66a9dc9f-5b19-4f79-9eb5-1d7cdb49ef82	2026-06-21 07:16:27.59627+00	2026-06-21 07:16:27.481354+00	225.00	\N	1
4a0d2054-49d0-42bf-9cb8-4199c9f464b2	a5c46085-e9c5-4c24-ad52-3aaf0eb75ced	2026-06-21	66a9dc9f-5b19-4f79-9eb5-1d7cdb49ef82/timesheet/6dd87ec4-811c-4b08-a1d3-9c3d4fe99ca9.png	approved	\N	66a9dc9f-5b19-4f79-9eb5-1d7cdb49ef82	2026-06-21 07:28:49.427513+00	2026-06-21 07:28:49.309401+00	225.00	\N	1
83fd2692-9d91-47cb-b8b1-5653e70cc786	c1b79407-8801-4583-8b57-7a5256333600	2026-06-21	c1b79407-8801-4583-8b57-7a5256333600/timesheet/c477d9c1-10d9-46e6-b23d-105d378eafa1.png	approved	\N	82cbc827-4809-495a-bd14-9f02bb6d03f9	2026-06-22 07:01:04.948+00	2026-06-21 09:14:29.586372+00	200.00	\N	2
98658183-765a-4168-8f9f-db0b999ab944	a46f113c-b5c3-4309-a2e1-b20a173d0d20	2026-06-21	a46f113c-b5c3-4309-a2e1-b20a173d0d20/timesheet/de8768ea-7ce9-448f-b55c-9e8e2e0e7048.png	approved	\N	82cbc827-4809-495a-bd14-9f02bb6d03f9	2026-06-22 07:01:24.753+00	2026-06-22 06:41:38.902247+00	200.00	\N	3
fdc171f0-3534-4177-816e-e8f048b0d25b	d5b9af57-9326-4f03-8595-e1860836a8a5	2026-06-21	d5b9af57-9326-4f03-8595-e1860836a8a5/timesheet/e9fbdf51-6dfd-492d-a815-05e869c0ed15.png	approved	\N	82cbc827-4809-495a-bd14-9f02bb6d03f9	2026-06-22 07:01:42.198+00	2026-06-22 06:39:50.707769+00	200.00	\N	2
70885361-5c25-4c55-9ff3-aae054ac3272	fab0cd1f-129b-4cf8-be1c-22667db1930c	2026-06-21	fab0cd1f-129b-4cf8-be1c-22667db1930c/timesheet/e8d9e351-fa19-4d32-a63b-3fdc1175c732.png	approved	\N	82cbc827-4809-495a-bd14-9f02bb6d03f9	2026-06-22 07:02:00.021+00	2026-06-22 05:32:38.71732+00	250.00	\N	2
9afc2046-ba49-4a34-8947-b936ded2c9ea	4532cd1f-2752-4aa9-a304-8a66a6fb9875	2026-06-21	4532cd1f-2752-4aa9-a304-8a66a6fb9875/timesheet/db0690a6-5186-4403-9197-69f7420ac306.png	approved	\N	82cbc827-4809-495a-bd14-9f02bb6d03f9	2026-06-22 07:03:47.778+00	2026-06-22 04:51:05.379493+00	250.00	\N	2
c20112dd-d1ed-4ded-9904-1d10d32b60fe	bba10388-e3a5-4e70-a6d7-123fb3f656e5	2026-06-21	bba10388-e3a5-4e70-a6d7-123fb3f656e5/timesheet/94fccb92-6be8-46d1-9a0b-4ec33a04fbc7.png	approved	\N	82cbc827-4809-495a-bd14-9f02bb6d03f9	2026-06-22 07:03:59.191+00	2026-06-21 20:55:38.217706+00	250.00	\N	2
8a47f8e5-d212-4683-9489-4e1837ac819a	a1161bd5-de49-4bb4-8f13-2477365a4309	2026-06-21	a1161bd5-de49-4bb4-8f13-2477365a4309/timesheet/dcaa4a5d-851b-4a2e-a388-b6dc5eb06766.png	approved	\N	82cbc827-4809-495a-bd14-9f02bb6d03f9	2026-06-22 07:04:14.464+00	2026-06-21 16:33:39.195858+00	200.00	\N	2
01669728-54e4-4ffc-b949-1edc357e1122	3932d151-3fc9-4539-ae2c-31032ec99202	2026-06-21	3932d151-3fc9-4539-ae2c-31032ec99202/timesheet/9c3b5299-c652-4e48-9aee-4a77f147a6ae.png	approved	\N	82cbc827-4809-495a-bd14-9f02bb6d03f9	2026-06-22 07:04:25.741+00	2026-06-21 16:31:55.355881+00	200.00	\N	2
07346f75-7199-4dbd-a619-ebc7ccab8aa1	3375295b-b3a3-40af-9cb5-81959e07fa23	2026-06-21	3375295b-b3a3-40af-9cb5-81959e07fa23/timesheet/ca308834-e618-4367-96d0-71075d601ca0.png	approved	\N	82cbc827-4809-495a-bd14-9f02bb6d03f9	2026-06-22 07:04:41.97+00	2026-06-21 10:31:26.244954+00	200.00	\N	2
c05817da-172f-4693-97d6-6841aa187ed7	f5adc8bf-b6df-4d42-989a-ffe879b73b87	2026-06-28	f5adc8bf-b6df-4d42-989a-ffe879b73b87/timesheet/3dbe7a7d-ec71-4474-9c84-7b7da8d0e6ef.png	approved	\N	82cbc827-4809-495a-bd14-9f02bb6d03f9	2026-06-22 08:21:45.048+00	2026-06-22 08:10:51.196271+00	200.00	\N	2
2142b6f7-2ab8-40f5-a5a1-e7b58615ce9b	62d60f6c-fafd-4b66-b48e-472bfa39d0cd	2026-06-21	62d60f6c-fafd-4b66-b48e-472bfa39d0cd/timesheet/a49f85be-1cd2-40e4-b96f-6d66c5809497.png	approved	\N	82cbc827-4809-495a-bd14-9f02bb6d03f9	2026-06-22 08:20:47.451+00	2026-06-22 07:14:18.06855+00	200.00	\N	2
aed865ba-7be7-4d81-bcfb-0c01a5de2324	fae5424f-167a-4ad9-ba55-189b684e569b	2026-06-21	fae5424f-167a-4ad9-ba55-189b684e569b/timesheet/2f437857-2fec-45ac-a920-6255a435bc23.png	approved	\N	713f38a4-7b2c-42b0-8df4-424d54ef5d0f	2026-06-22 08:41:46.948+00	2026-06-22 08:34:53.991275+00	250.00	\N	2
056c2834-9a29-4d0d-b0a1-ac83ab63846a	55fe5d03-5dde-4508-9f57-6a1db5db779b	2026-06-21	55fe5d03-5dde-4508-9f57-6a1db5db779b/timesheet/0abd0008-a739-4461-a8f8-7211e2291495.png	submitted	\N	\N	\N	2026-06-22 09:56:07.565394+00	\N	\N	1
9ee13314-4050-4ce8-9dec-6df5ec4ef4fe	4c9cc9ec-d7c3-4a51-a4d9-5fa75d804e24	2026-06-21	4c9cc9ec-d7c3-4a51-a4d9-5fa75d804e24/timesheet/610257ad-e993-41fd-9a90-086871c238ed.png	approved	\N	713f38a4-7b2c-42b0-8df4-424d54ef5d0f	2026-06-22 16:30:07.205+00	2026-06-22 10:48:18.399756+00	250.00	\N	2
5f15726d-688d-4777-9938-aca0c7ce950b	82cbc827-4809-495a-bd14-9f02bb6d03f9	2026-06-21	713f38a4-7b2c-42b0-8df4-424d54ef5d0f/timesheet/3771ed61-e315-466d-8555-1df45c06379f.png	approved	\N	713f38a4-7b2c-42b0-8df4-424d54ef5d0f	2026-06-22 21:20:49.560163+00	2026-06-22 08:34:54.941269+00	300.00	\N	3
dcc4e0bf-179b-48cf-b352-5c1dfb57fccc	85145bb3-01b9-4511-9a5b-a34f9b50c9cf	2026-06-21	713f38a4-7b2c-42b0-8df4-424d54ef5d0f/timesheet/8c2e54b1-8e59-4bd7-bb36-f8a1385628d3.png	submitted	\N	\N	\N	2026-06-22 15:51:30.118204+00	\N	\N	3
29063e71-38ef-4a00-8d0a-8e1137b4c73b	3e73d6f4-44e6-4f1e-8f96-e2b2cacb1141	2026-06-14	713f38a4-7b2c-42b0-8df4-424d54ef5d0f/timesheet/53ec1df0-769c-4669-a143-b5a41f53c644.png	submitted	\N	\N	\N	2026-06-22 08:42:59.258197+00	\N	\N	2
a1385fed-7e7e-413c-9fb2-69f448162106	3e73d6f4-44e6-4f1e-8f96-e2b2cacb1141	2026-06-21	713f38a4-7b2c-42b0-8df4-424d54ef5d0f/timesheet/fa96f3b7-d5b1-4dad-b5bb-5e74e8c7b0ae.png	approved	\N	82cbc827-4809-495a-bd14-9f02bb6d03f9	2026-06-22 21:19:52.963489+00	2026-06-22 08:35:10.339938+00	200.00	\N	4
00e36969-59c1-4207-bf75-20ae1b2f1fa5	fae5424f-167a-4ad9-ba55-189b684e569b	2026-06-21	713f38a4-7b2c-42b0-8df4-424d54ef5d0f/timesheet/d065a9f2-0d3d-4751-9be5-269b035cbce2.png	approved	\N	82cbc827-4809-495a-bd14-9f02bb6d03f9	2026-06-22 21:28:10.170116+00	2026-06-22 08:14:51.402944+00	250.00	\N	3
\.


--
-- Data for Name: timesheet_days; Type: TABLE DATA; Schema: public; Owner: postgres
--

COPY "public"."timesheet_days" ("id", "timesheet_id", "day_of_week", "project_id", "project_text", "shifts") FROM stdin;
b710eea3-351d-48d1-9916-5ea6c5045aab	b24a2163-aecb-4dd3-9852-d5c766ea8e11	0	96754d1a-56ed-40d1-b44a-f68d92996550	\N	1.00
bc5407f1-ba8a-476a-aed4-e4e9f8042285	b24a2163-aecb-4dd3-9852-d5c766ea8e11	1	96754d1a-56ed-40d1-b44a-f68d92996550	\N	1.00
52111248-40ec-4dca-89c3-7d822025d62d	b24a2163-aecb-4dd3-9852-d5c766ea8e11	2	96754d1a-56ed-40d1-b44a-f68d92996550	\N	1.00
b85ff226-1da3-4bf6-8c8f-35b4119a425d	b24a2163-aecb-4dd3-9852-d5c766ea8e11	3	96754d1a-56ed-40d1-b44a-f68d92996550	\N	1.00
a14a2a44-2e3b-48fc-98f8-f89eb17bb528	b24a2163-aecb-4dd3-9852-d5c766ea8e11	4	96754d1a-56ed-40d1-b44a-f68d92996550	\N	1.00
dad84ea5-984c-4087-8286-50ccc37aa83d	e6342407-33d2-43cd-a96b-b234d5fb3822	0	96754d1a-56ed-40d1-b44a-f68d92996550	\N	1.00
561780ea-dc95-4c71-9da7-cb8090e20495	e6342407-33d2-43cd-a96b-b234d5fb3822	1	96754d1a-56ed-40d1-b44a-f68d92996550	\N	1.00
b3d0405a-b9e6-4b6b-bd4f-bc9073e5e7cf	e6342407-33d2-43cd-a96b-b234d5fb3822	2	96754d1a-56ed-40d1-b44a-f68d92996550	\N	1.00
8157c0a2-d96d-4abd-a3cb-6348281bf58c	e6342407-33d2-43cd-a96b-b234d5fb3822	3	96754d1a-56ed-40d1-b44a-f68d92996550	\N	1.00
3dc3ef1e-91bb-4230-bb37-721599dafa02	e6342407-33d2-43cd-a96b-b234d5fb3822	4	96754d1a-56ed-40d1-b44a-f68d92996550	\N	1.00
4560be49-11ca-4cb8-977a-41b0b16b114a	6ecd28a0-8e8f-4d98-9306-9145e8b52611	0	96754d1a-56ed-40d1-b44a-f68d92996550	\N	1.00
b6e605de-78e6-47d2-bd01-cdd970dbd4a5	6ecd28a0-8e8f-4d98-9306-9145e8b52611	1	96754d1a-56ed-40d1-b44a-f68d92996550	\N	1.00
2400f18f-ab23-480e-8d18-15328d839a27	6ecd28a0-8e8f-4d98-9306-9145e8b52611	2	96754d1a-56ed-40d1-b44a-f68d92996550	\N	1.00
edeaacdb-809b-4738-a259-984f4910a727	6ecd28a0-8e8f-4d98-9306-9145e8b52611	3	96754d1a-56ed-40d1-b44a-f68d92996550	\N	1.00
200565b7-f789-48ac-adad-5b1b616d0d0c	6ecd28a0-8e8f-4d98-9306-9145e8b52611	4	96754d1a-56ed-40d1-b44a-f68d92996550	\N	1.00
8dc5df7d-e659-4950-a112-072dde0f0070	6ecd28a0-8e8f-4d98-9306-9145e8b52611	5	96754d1a-56ed-40d1-b44a-f68d92996550	\N	1.00
08d11652-4d12-45ef-a8c4-652936206b7b	fcba3bb1-c4bc-433c-a500-53dcedc90175	0	96754d1a-56ed-40d1-b44a-f68d92996550	\N	1.00
8197c0a2-0880-405e-b3a9-d5b0857cf573	fcba3bb1-c4bc-433c-a500-53dcedc90175	1	96754d1a-56ed-40d1-b44a-f68d92996550	\N	1.00
8860e9f9-9fb6-4076-9e54-837c140fedd1	fcba3bb1-c4bc-433c-a500-53dcedc90175	2	96754d1a-56ed-40d1-b44a-f68d92996550	\N	1.00
c85ad523-b3a1-4607-a29e-0021c3fbc055	fcba3bb1-c4bc-433c-a500-53dcedc90175	3	96754d1a-56ed-40d1-b44a-f68d92996550	\N	1.00
beff9bff-1c5d-4a0a-b747-e29a4f1c80fb	fcba3bb1-c4bc-433c-a500-53dcedc90175	4	96754d1a-56ed-40d1-b44a-f68d92996550	\N	1.00
77044df6-3598-4d0b-a7b4-94dc2500a904	dde3fbf5-23ab-4ce0-a753-eb0633d127e7	0	96754d1a-56ed-40d1-b44a-f68d92996550	\N	1.00
5fbe42a8-7ad8-46f4-afba-0d7376a69235	dde3fbf5-23ab-4ce0-a753-eb0633d127e7	1	96754d1a-56ed-40d1-b44a-f68d92996550	\N	1.00
e771cced-0d67-4502-820a-35e0b75e6d17	dde3fbf5-23ab-4ce0-a753-eb0633d127e7	2	96754d1a-56ed-40d1-b44a-f68d92996550	\N	1.00
8e240b83-71fa-4b7e-bf6c-fc971c355061	dde3fbf5-23ab-4ce0-a753-eb0633d127e7	3	96754d1a-56ed-40d1-b44a-f68d92996550	\N	1.00
856f6240-0c09-4474-938b-fc7b011b7b91	dde3fbf5-23ab-4ce0-a753-eb0633d127e7	4	96754d1a-56ed-40d1-b44a-f68d92996550	\N	1.00
a0e9b084-6b90-443b-9b17-18559135b836	dde3fbf5-23ab-4ce0-a753-eb0633d127e7	5	96754d1a-56ed-40d1-b44a-f68d92996550	\N	1.00
97b8505d-4917-4e16-b3fb-908721c9cf15	0e913c51-3264-46fe-8c25-84ad2cee8f1e	0	96754d1a-56ed-40d1-b44a-f68d92996550	\N	1.00
6fee1c5e-c11c-4601-bdf3-0e76274e03a0	0e913c51-3264-46fe-8c25-84ad2cee8f1e	1	96754d1a-56ed-40d1-b44a-f68d92996550	\N	1.00
8ff0b974-562b-4217-8075-526258749f1d	0e913c51-3264-46fe-8c25-84ad2cee8f1e	2	96754d1a-56ed-40d1-b44a-f68d92996550	\N	1.00
8ccb69af-3615-478d-a61c-5dd8e927d65c	0e913c51-3264-46fe-8c25-84ad2cee8f1e	3	96754d1a-56ed-40d1-b44a-f68d92996550	\N	1.00
6ab88383-d802-4d0e-89f7-cdb59ff893cf	0e913c51-3264-46fe-8c25-84ad2cee8f1e	4	96754d1a-56ed-40d1-b44a-f68d92996550	\N	1.00
017efc1e-0cf8-4c8e-856f-f03bea9f67ee	0e913c51-3264-46fe-8c25-84ad2cee8f1e	5	96754d1a-56ed-40d1-b44a-f68d92996550	\N	1.00
08ebd751-6e6c-4b8d-b76e-76c01a84fae6	80943665-be15-4437-8d00-b3ed8c7c5658	0	96754d1a-56ed-40d1-b44a-f68d92996550	\N	1.00
e9b8a9c4-cb2f-43ce-b586-c0fb9bd99d64	80943665-be15-4437-8d00-b3ed8c7c5658	1	96754d1a-56ed-40d1-b44a-f68d92996550	\N	1.00
7226f0d7-9609-49f0-bcd4-6c20d3c911ae	80943665-be15-4437-8d00-b3ed8c7c5658	2	96754d1a-56ed-40d1-b44a-f68d92996550	\N	1.00
8ca811d2-9ba5-4328-bf27-af82fddfe355	80943665-be15-4437-8d00-b3ed8c7c5658	3	96754d1a-56ed-40d1-b44a-f68d92996550	\N	1.00
581d5d25-560a-4321-8eeb-978831963082	80943665-be15-4437-8d00-b3ed8c7c5658	4	96754d1a-56ed-40d1-b44a-f68d92996550	\N	1.00
ef0d7f94-7946-47a7-ac6a-25ad3188a0e3	80943665-be15-4437-8d00-b3ed8c7c5658	5	96754d1a-56ed-40d1-b44a-f68d92996550	\N	1.00
8e6d9ba8-e485-4a9c-bd0c-bfb5fb033b12	6814ff4f-064a-4f20-9f1b-cf0bcee7fb86	0	96754d1a-56ed-40d1-b44a-f68d92996550	\N	1.00
ccb0bd15-ca88-4435-927d-636155b85b33	6814ff4f-064a-4f20-9f1b-cf0bcee7fb86	1	96754d1a-56ed-40d1-b44a-f68d92996550	\N	1.00
388734aa-b63b-4dfd-8f47-b14e5fd4ff1e	6814ff4f-064a-4f20-9f1b-cf0bcee7fb86	2	96754d1a-56ed-40d1-b44a-f68d92996550	\N	1.00
9ac99a68-e8af-409e-bcb9-98d4fe71736e	6814ff4f-064a-4f20-9f1b-cf0bcee7fb86	3	96754d1a-56ed-40d1-b44a-f68d92996550	\N	1.00
53b088a1-ff19-4bdd-bd4e-0ab8e5ccb5d0	6814ff4f-064a-4f20-9f1b-cf0bcee7fb86	4	96754d1a-56ed-40d1-b44a-f68d92996550	\N	1.00
a5c8ef19-5512-4e61-a4e9-2c2aae158bf0	6814ff4f-064a-4f20-9f1b-cf0bcee7fb86	5	96754d1a-56ed-40d1-b44a-f68d92996550	\N	1.00
045edc8a-be4e-450f-8dd4-5fbfc834f5aa	8bdde6cb-2fd8-4a14-b2b9-66b7584de364	0	96754d1a-56ed-40d1-b44a-f68d92996550	\N	1.00
7f81452a-d93e-49a5-b853-c48140e9a01e	8bdde6cb-2fd8-4a14-b2b9-66b7584de364	1	96754d1a-56ed-40d1-b44a-f68d92996550	\N	1.00
0cf584d1-f85f-4ebe-8c02-c6599096b33a	8bdde6cb-2fd8-4a14-b2b9-66b7584de364	2	96754d1a-56ed-40d1-b44a-f68d92996550	\N	1.50
53c88c5c-7f36-4b24-a76d-9108d212d760	8bdde6cb-2fd8-4a14-b2b9-66b7584de364	3	96754d1a-56ed-40d1-b44a-f68d92996550	\N	1.00
5869f893-201a-4d53-96e5-43fd1666198f	8bdde6cb-2fd8-4a14-b2b9-66b7584de364	4	96754d1a-56ed-40d1-b44a-f68d92996550	\N	1.00
92816ac8-65e8-4e93-aeb9-31d40dc090f0	8bdde6cb-2fd8-4a14-b2b9-66b7584de364	5	96754d1a-56ed-40d1-b44a-f68d92996550	\N	1.00
a53c8956-856e-4ca3-b310-18587f9d85f8	adafa2df-ae7e-4dd3-a098-160670c2e71d	0	96754d1a-56ed-40d1-b44a-f68d92996550	\N	1.00
6e5b8835-9ab4-45d3-b465-479bb3e24635	adafa2df-ae7e-4dd3-a098-160670c2e71d	1	96754d1a-56ed-40d1-b44a-f68d92996550	\N	1.00
bc8e0df3-6e59-46c8-a740-c9517cb9a564	adafa2df-ae7e-4dd3-a098-160670c2e71d	2	96754d1a-56ed-40d1-b44a-f68d92996550	\N	1.00
940409d5-f15f-4010-a3c8-98fe96d83b7d	adafa2df-ae7e-4dd3-a098-160670c2e71d	3	96754d1a-56ed-40d1-b44a-f68d92996550	\N	1.00
a5945fe5-11e9-4bc6-ab62-8b0d6f69aaba	adafa2df-ae7e-4dd3-a098-160670c2e71d	4	96754d1a-56ed-40d1-b44a-f68d92996550	\N	1.00
fe59f7ba-8593-477f-a43b-3892ca1da338	adafa2df-ae7e-4dd3-a098-160670c2e71d	5	96754d1a-56ed-40d1-b44a-f68d92996550	\N	1.00
41c2c80b-1e3c-4369-96f7-7bfbf9fd2e56	8660fb23-2c6e-48fb-b888-f6cd261a546b	0	96754d1a-56ed-40d1-b44a-f68d92996550	\N	1.00
f47d20de-4398-4a39-85e4-eb10c2836f40	8660fb23-2c6e-48fb-b888-f6cd261a546b	1	96754d1a-56ed-40d1-b44a-f68d92996550	\N	1.00
2dd14e22-d204-41a2-9bb4-38a95ea372e3	8660fb23-2c6e-48fb-b888-f6cd261a546b	2	96754d1a-56ed-40d1-b44a-f68d92996550	\N	1.00
908de9cf-cd2c-467f-a5aa-872d574522f3	8660fb23-2c6e-48fb-b888-f6cd261a546b	3	96754d1a-56ed-40d1-b44a-f68d92996550	\N	1.00
340c26f6-140d-4594-9c58-3ea84e16e31e	8660fb23-2c6e-48fb-b888-f6cd261a546b	4	96754d1a-56ed-40d1-b44a-f68d92996550	\N	1.00
aaba3a44-b101-4b30-a6a4-412487356e6c	8660fb23-2c6e-48fb-b888-f6cd261a546b	5	96754d1a-56ed-40d1-b44a-f68d92996550	\N	1.00
c6cf1097-078b-4c16-9435-780760b41f20	ce453316-436d-4838-95d7-b4a624d9997f	0	96754d1a-56ed-40d1-b44a-f68d92996550	\N	1.00
c35721f7-65f0-4f7a-be84-5bf7ff5c352d	ce453316-436d-4838-95d7-b4a624d9997f	1	96754d1a-56ed-40d1-b44a-f68d92996550	\N	1.00
ac8dd941-6997-4c67-85c8-007531426e80	ce453316-436d-4838-95d7-b4a624d9997f	2	96754d1a-56ed-40d1-b44a-f68d92996550	\N	1.00
d782059c-5f8a-43cd-bdfc-02eb85303386	ce453316-436d-4838-95d7-b4a624d9997f	3	96754d1a-56ed-40d1-b44a-f68d92996550	\N	1.00
fb733935-ea27-4922-af48-4e7e4e8b5ccc	ce453316-436d-4838-95d7-b4a624d9997f	4	96754d1a-56ed-40d1-b44a-f68d92996550	\N	1.00
39aee648-dfb4-4685-8fd1-8be73847d731	ce453316-436d-4838-95d7-b4a624d9997f	5	96754d1a-56ed-40d1-b44a-f68d92996550	\N	1.00
66689f0b-5a99-4dfc-bd23-8884318848f9	8a8e0251-eee7-438b-b075-bec2ec69156b	0	96754d1a-56ed-40d1-b44a-f68d92996550	\N	1.00
19bddf4b-074a-4787-92a6-a34f43513ff0	8a8e0251-eee7-438b-b075-bec2ec69156b	1	96754d1a-56ed-40d1-b44a-f68d92996550	\N	1.00
a31fede7-44f8-49d8-b5f2-21b6a24d60e1	8a8e0251-eee7-438b-b075-bec2ec69156b	2	96754d1a-56ed-40d1-b44a-f68d92996550	\N	1.00
6f3ca516-ffd1-4ab1-8393-e0770614e3d4	8a8e0251-eee7-438b-b075-bec2ec69156b	3	96754d1a-56ed-40d1-b44a-f68d92996550	\N	1.00
953700c0-6e87-4aa4-bf13-1d2c367620ff	8a8e0251-eee7-438b-b075-bec2ec69156b	4	96754d1a-56ed-40d1-b44a-f68d92996550	\N	1.00
65d346e0-20cc-4bb3-9bcb-959cf9c53bff	8a8e0251-eee7-438b-b075-bec2ec69156b	5	96754d1a-56ed-40d1-b44a-f68d92996550	\N	1.00
623df02a-1afa-418f-9449-e0938776fde5	9508a6f4-0d58-4309-9bde-ed47338d4bec	0	96754d1a-56ed-40d1-b44a-f68d92996550	\N	1.00
6224330e-d622-44d6-81a9-7eb87efda5df	9508a6f4-0d58-4309-9bde-ed47338d4bec	1	96754d1a-56ed-40d1-b44a-f68d92996550	\N	1.00
7d4255e3-1f8d-49e2-87b4-7e4d0b37608d	9508a6f4-0d58-4309-9bde-ed47338d4bec	2	96754d1a-56ed-40d1-b44a-f68d92996550	\N	1.00
ee94ebb0-499a-482f-886b-676167aa7cbc	9508a6f4-0d58-4309-9bde-ed47338d4bec	3	96754d1a-56ed-40d1-b44a-f68d92996550	\N	1.00
1dc53b45-dff0-43a4-89bc-1a36bd0496ed	9508a6f4-0d58-4309-9bde-ed47338d4bec	4	96754d1a-56ed-40d1-b44a-f68d92996550	\N	1.00
333af92e-6e46-4973-b0f7-db22977c968a	9508a6f4-0d58-4309-9bde-ed47338d4bec	5	96754d1a-56ed-40d1-b44a-f68d92996550	\N	1.00
f16a14c9-bab8-4828-80e6-84a423e09022	e1587c93-a25b-49bf-b58e-e967f75ecc0e	0	96754d1a-56ed-40d1-b44a-f68d92996550	\N	1.00
967175e1-844a-4784-ac82-4f3300ea6133	e1587c93-a25b-49bf-b58e-e967f75ecc0e	1	96754d1a-56ed-40d1-b44a-f68d92996550	\N	1.00
cc55dfcf-e94b-4c73-81ee-22a93cfb4aee	e1587c93-a25b-49bf-b58e-e967f75ecc0e	2	96754d1a-56ed-40d1-b44a-f68d92996550	\N	1.50
a6a88cc8-acee-49f1-a3e1-97a69245204f	e1587c93-a25b-49bf-b58e-e967f75ecc0e	3	96754d1a-56ed-40d1-b44a-f68d92996550	\N	1.50
5048612c-fbb8-4b09-89f3-b6b86afa10f7	e1587c93-a25b-49bf-b58e-e967f75ecc0e	4	96754d1a-56ed-40d1-b44a-f68d92996550	\N	1.00
cbac1da6-8a87-4e9e-86ed-90e9af5b3c68	e1587c93-a25b-49bf-b58e-e967f75ecc0e	5	96754d1a-56ed-40d1-b44a-f68d92996550	\N	1.00
64ef661e-b731-40de-8785-336fe5053280	fc58c2e7-7ce3-4565-9156-d234e6ef7901	0	96754d1a-56ed-40d1-b44a-f68d92996550	\N	1.00
1937913b-f22c-4ab0-a70d-2174a561d047	fc58c2e7-7ce3-4565-9156-d234e6ef7901	1	96754d1a-56ed-40d1-b44a-f68d92996550	\N	1.00
30a4a61f-b75f-40e0-8570-d620bfee8749	fc58c2e7-7ce3-4565-9156-d234e6ef7901	2	96754d1a-56ed-40d1-b44a-f68d92996550	\N	1.00
feaf0038-6b0c-435d-827d-3b64496d3823	fc58c2e7-7ce3-4565-9156-d234e6ef7901	3	96754d1a-56ed-40d1-b44a-f68d92996550	\N	1.00
a2024744-2099-43af-867c-676fb7f000b2	fc58c2e7-7ce3-4565-9156-d234e6ef7901	4	96754d1a-56ed-40d1-b44a-f68d92996550	\N	1.00
e99d85f5-bac2-469d-b474-19918c5f049f	fc58c2e7-7ce3-4565-9156-d234e6ef7901	5	96754d1a-56ed-40d1-b44a-f68d92996550	\N	1.50
cbc1c3f4-e83b-4ab2-8989-a631e5b2ae46	5f701ceb-83da-489c-ac04-ae1cb704b22c	0	96754d1a-56ed-40d1-b44a-f68d92996550	\N	1.00
5bbf9adf-b9af-4213-a5e3-006609ccc455	5f701ceb-83da-489c-ac04-ae1cb704b22c	1	96754d1a-56ed-40d1-b44a-f68d92996550	\N	1.00
0be7b013-06c8-4a67-ab8e-c463b751a5e1	5f701ceb-83da-489c-ac04-ae1cb704b22c	2	96754d1a-56ed-40d1-b44a-f68d92996550	\N	1.00
c229a9a3-4c13-4aed-a597-ff3a30fadf44	5f701ceb-83da-489c-ac04-ae1cb704b22c	3	96754d1a-56ed-40d1-b44a-f68d92996550	\N	1.00
563f4457-d757-4d93-b569-37974164cd09	5f701ceb-83da-489c-ac04-ae1cb704b22c	4	96754d1a-56ed-40d1-b44a-f68d92996550	\N	1.00
5ef5ab75-e353-4faa-a0d7-ec236864796d	5f701ceb-83da-489c-ac04-ae1cb704b22c	5	96754d1a-56ed-40d1-b44a-f68d92996550	\N	1.50
4d330f39-768e-440b-87cf-f46d043fca1d	2a517dd3-b14f-43b9-a0aa-20cd818e6242	0	96754d1a-56ed-40d1-b44a-f68d92996550	\N	1.00
ae90d712-6ab8-4ba0-a28a-b2bf1ff173f6	2a517dd3-b14f-43b9-a0aa-20cd818e6242	1	96754d1a-56ed-40d1-b44a-f68d92996550	\N	1.00
a6ce31f8-5368-4d06-93a1-9d5ba4369741	2a517dd3-b14f-43b9-a0aa-20cd818e6242	2	96754d1a-56ed-40d1-b44a-f68d92996550	\N	1.00
5fc43e9e-56ef-4ba6-9f8e-422df1f7da57	2a517dd3-b14f-43b9-a0aa-20cd818e6242	3	96754d1a-56ed-40d1-b44a-f68d92996550	\N	1.00
e46da577-3005-4f1c-ac50-8b10aa6c3b3f	2a517dd3-b14f-43b9-a0aa-20cd818e6242	4	96754d1a-56ed-40d1-b44a-f68d92996550	\N	1.00
bab69409-da57-4956-8560-42da7967e7cc	2a517dd3-b14f-43b9-a0aa-20cd818e6242	5	96754d1a-56ed-40d1-b44a-f68d92996550	\N	1.50
4a967917-94c6-4e4c-8d1f-a80d00628fed	ca51a7f1-2fd3-47c8-8802-4f13361fce5d	0	96754d1a-56ed-40d1-b44a-f68d92996550	\N	1.00
89ab38a0-535f-458a-9e27-ffb6a74783ad	ca51a7f1-2fd3-47c8-8802-4f13361fce5d	1	96754d1a-56ed-40d1-b44a-f68d92996550	\N	1.00
a61a706f-803c-456d-b3b6-900b33cc548b	ca51a7f1-2fd3-47c8-8802-4f13361fce5d	2	96754d1a-56ed-40d1-b44a-f68d92996550	\N	1.00
5a6d0491-f845-4e83-820f-6b88874ee317	ca51a7f1-2fd3-47c8-8802-4f13361fce5d	3	96754d1a-56ed-40d1-b44a-f68d92996550	\N	1.00
243568cc-d3ed-42f7-84cf-b34fe6cc985c	ca51a7f1-2fd3-47c8-8802-4f13361fce5d	4	96754d1a-56ed-40d1-b44a-f68d92996550	\N	1.00
745f84b4-2a0c-48b4-abb7-511c362e12a7	ca51a7f1-2fd3-47c8-8802-4f13361fce5d	5	96754d1a-56ed-40d1-b44a-f68d92996550	\N	1.50
bef6bfb6-f42a-4ba6-9457-3b67db18c78e	af464f2b-b4e2-4b58-9af3-ef62a15e2a55	0	96754d1a-56ed-40d1-b44a-f68d92996550	\N	1.00
9c7e9f8f-26ee-4907-93e2-719c144cdb2e	af464f2b-b4e2-4b58-9af3-ef62a15e2a55	1	96754d1a-56ed-40d1-b44a-f68d92996550	\N	1.00
bc7e2611-9c8c-4428-adc8-4477101b1c82	af464f2b-b4e2-4b58-9af3-ef62a15e2a55	2	96754d1a-56ed-40d1-b44a-f68d92996550	\N	1.00
bc1caaca-6b0b-44da-9dd5-7b748cbc7156	af464f2b-b4e2-4b58-9af3-ef62a15e2a55	3	96754d1a-56ed-40d1-b44a-f68d92996550	\N	1.00
7fe357ea-ccb5-482b-9b79-43ba0c3e8f99	af464f2b-b4e2-4b58-9af3-ef62a15e2a55	4	96754d1a-56ed-40d1-b44a-f68d92996550	\N	1.00
5e6a4982-d18a-4d15-bdb9-164de9399ec5	af464f2b-b4e2-4b58-9af3-ef62a15e2a55	5	96754d1a-56ed-40d1-b44a-f68d92996550	\N	1.50
114ee5f8-1886-40a7-8c97-44f7a221e0d1	a8ecc859-221d-4dad-9089-1785c060d436	0	96754d1a-56ed-40d1-b44a-f68d92996550	\N	1.00
f14b9d19-3ed3-4bc5-b55f-d88b19067af3	a8ecc859-221d-4dad-9089-1785c060d436	1	96754d1a-56ed-40d1-b44a-f68d92996550	\N	1.00
3ab4902c-a6e9-408b-8867-a7c6cecbf013	a8ecc859-221d-4dad-9089-1785c060d436	2	96754d1a-56ed-40d1-b44a-f68d92996550	\N	1.00
94f3d7a7-256f-4970-b16a-98d87975de61	a8ecc859-221d-4dad-9089-1785c060d436	3	96754d1a-56ed-40d1-b44a-f68d92996550	\N	1.00
264e7c41-2013-468e-9a92-caf39328b120	a8ecc859-221d-4dad-9089-1785c060d436	4	96754d1a-56ed-40d1-b44a-f68d92996550	\N	1.00
e6399f26-6398-4d9f-bc78-8d86b642683e	a8ecc859-221d-4dad-9089-1785c060d436	5	96754d1a-56ed-40d1-b44a-f68d92996550	\N	1.50
367cecef-1406-4bf4-abc5-b5dd154c3c60	08b5f51d-20f3-43f1-9685-8aaceb6c85f9	0	96754d1a-56ed-40d1-b44a-f68d92996550	\N	1.00
c08bd690-34e6-4ffb-9798-9b9036e5f48b	08b5f51d-20f3-43f1-9685-8aaceb6c85f9	1	96754d1a-56ed-40d1-b44a-f68d92996550	\N	1.00
15da5a35-7fef-4278-aa4c-115f6197dad8	08b5f51d-20f3-43f1-9685-8aaceb6c85f9	2	96754d1a-56ed-40d1-b44a-f68d92996550	\N	1.00
d3273db4-abbf-460e-9091-748afd6570ce	08b5f51d-20f3-43f1-9685-8aaceb6c85f9	3	96754d1a-56ed-40d1-b44a-f68d92996550	\N	1.00
a5f4971d-916d-430b-bea4-5b19524adf50	08b5f51d-20f3-43f1-9685-8aaceb6c85f9	4	96754d1a-56ed-40d1-b44a-f68d92996550	\N	1.00
35c8578a-9cf9-4197-8e5b-49254d2b7923	08b5f51d-20f3-43f1-9685-8aaceb6c85f9	5	96754d1a-56ed-40d1-b44a-f68d92996550	\N	1.50
b9e9aaf1-2754-4a5f-a267-08c045ee2537	2791bbe6-0786-4dfe-b0c9-c507bedc713b	0	96754d1a-56ed-40d1-b44a-f68d92996550	\N	1.00
67dee5f7-62f9-459e-8163-0fac8d23a015	2791bbe6-0786-4dfe-b0c9-c507bedc713b	1	96754d1a-56ed-40d1-b44a-f68d92996550	\N	1.00
485bdf9a-72fe-4a56-888b-58b241584fd8	2791bbe6-0786-4dfe-b0c9-c507bedc713b	2	96754d1a-56ed-40d1-b44a-f68d92996550	\N	1.50
a234b5b0-c44d-4202-b9d2-a0013e5118e6	2791bbe6-0786-4dfe-b0c9-c507bedc713b	3	96754d1a-56ed-40d1-b44a-f68d92996550	\N	1.50
fa6730d2-5675-49c8-a76d-cea09084969f	2791bbe6-0786-4dfe-b0c9-c507bedc713b	4	96754d1a-56ed-40d1-b44a-f68d92996550	\N	1.00
15bbf39c-2787-4e9f-8440-3905c949172e	2791bbe6-0786-4dfe-b0c9-c507bedc713b	5	96754d1a-56ed-40d1-b44a-f68d92996550	\N	1.00
62d8601f-3945-45c7-ab90-733180038a24	950f0592-8f96-4a32-9842-2c1738957db7	0	96754d1a-56ed-40d1-b44a-f68d92996550	\N	1.00
d1ec81b3-e27b-466c-927a-dd717c91b356	950f0592-8f96-4a32-9842-2c1738957db7	1	96754d1a-56ed-40d1-b44a-f68d92996550	\N	1.00
294e5071-d5a4-4767-8484-8b103163f2f4	950f0592-8f96-4a32-9842-2c1738957db7	2	96754d1a-56ed-40d1-b44a-f68d92996550	\N	1.50
f37b4659-d942-4bf2-92dc-1daf9cbfc056	950f0592-8f96-4a32-9842-2c1738957db7	3	96754d1a-56ed-40d1-b44a-f68d92996550	\N	1.50
3fe8f415-813f-46d1-9b9a-4414ed4e94ea	950f0592-8f96-4a32-9842-2c1738957db7	4	96754d1a-56ed-40d1-b44a-f68d92996550	\N	1.00
99611797-e6c6-44f7-ae5d-a25acaf5480a	950f0592-8f96-4a32-9842-2c1738957db7	5	96754d1a-56ed-40d1-b44a-f68d92996550	\N	1.50
b99d41a9-82a7-4873-a71f-6a23b9f98951	f44903e5-9b30-4c4d-aeba-b771b35043ad	0	96754d1a-56ed-40d1-b44a-f68d92996550	\N	1.00
c40954f6-a677-4926-901b-46b4cd415903	f44903e5-9b30-4c4d-aeba-b771b35043ad	1	96754d1a-56ed-40d1-b44a-f68d92996550	\N	1.00
c95d39e9-6309-4ce8-8041-feeee84ef59c	f44903e5-9b30-4c4d-aeba-b771b35043ad	2	96754d1a-56ed-40d1-b44a-f68d92996550	\N	1.50
53422bf2-83ba-49a8-ab9e-af1779dffbbd	f44903e5-9b30-4c4d-aeba-b771b35043ad	3	96754d1a-56ed-40d1-b44a-f68d92996550	\N	1.00
f16faff6-006b-4861-b270-670df764c5e3	f44903e5-9b30-4c4d-aeba-b771b35043ad	4	96754d1a-56ed-40d1-b44a-f68d92996550	\N	1.00
8d5c7f29-2fbc-4210-b4c0-e82ea6e453fb	f44903e5-9b30-4c4d-aeba-b771b35043ad	5	96754d1a-56ed-40d1-b44a-f68d92996550	\N	1.00
ba007442-887f-47d7-a5a4-e41e387ee205	4a0d2054-49d0-42bf-9cb8-4199c9f464b2	0	96754d1a-56ed-40d1-b44a-f68d92996550	\N	1.00
8097d2c9-b4ac-41b7-8df7-038e0ff10efc	4a0d2054-49d0-42bf-9cb8-4199c9f464b2	2	96754d1a-56ed-40d1-b44a-f68d92996550	\N	1.50
662962fb-324d-46ce-8ee6-729c11b3b32d	4a0d2054-49d0-42bf-9cb8-4199c9f464b2	3	96754d1a-56ed-40d1-b44a-f68d92996550	\N	1.00
796f0f48-1215-4306-8206-4ab38012dbe3	83fd2692-9d91-47cb-b8b1-5653e70cc786	0	7f89f448-3c83-444c-b764-79c95caad378	\N	1.00
e9c120d9-215d-4111-9be8-dbdec5c438c0	83fd2692-9d91-47cb-b8b1-5653e70cc786	1	7f89f448-3c83-444c-b764-79c95caad378	\N	1.00
4548ce9d-0bcb-49dd-a637-bce722d6f78e	83fd2692-9d91-47cb-b8b1-5653e70cc786	2	7f89f448-3c83-444c-b764-79c95caad378	\N	1.50
e37e66b5-fce9-43a7-b11c-0c79ea5b8431	83fd2692-9d91-47cb-b8b1-5653e70cc786	3	7f89f448-3c83-444c-b764-79c95caad378	\N	1.50
a47b9e99-2a5f-4430-99e7-1b93fcae903b	83fd2692-9d91-47cb-b8b1-5653e70cc786	4	7f89f448-3c83-444c-b764-79c95caad378	\N	1.00
4d0f2138-d721-4cfe-92f1-2a244e3ae0ef	83fd2692-9d91-47cb-b8b1-5653e70cc786	5	7f89f448-3c83-444c-b764-79c95caad378	\N	1.00
74aed1bf-9448-4cbe-bddd-50a0a937de07	07346f75-7199-4dbd-a619-ebc7ccab8aa1	0	96754d1a-56ed-40d1-b44a-f68d92996550	\N	1.50
3998ff8b-8343-4dea-b0ea-fdd22a4e74bd	07346f75-7199-4dbd-a619-ebc7ccab8aa1	1	96754d1a-56ed-40d1-b44a-f68d92996550	\N	1.00
83dd399f-a3d3-4469-94e1-8d2c7b3a239e	07346f75-7199-4dbd-a619-ebc7ccab8aa1	2	96754d1a-56ed-40d1-b44a-f68d92996550	\N	1.50
63901fbf-ba8d-4ee0-9f70-15ae15c138de	07346f75-7199-4dbd-a619-ebc7ccab8aa1	3	96754d1a-56ed-40d1-b44a-f68d92996550	\N	1.50
a3f011c6-bf9c-419a-8b74-084b36150b4c	07346f75-7199-4dbd-a619-ebc7ccab8aa1	4	96754d1a-56ed-40d1-b44a-f68d92996550	\N	1.50
dc993249-836f-4f59-837d-bf64fffbe60c	07346f75-7199-4dbd-a619-ebc7ccab8aa1	5	96754d1a-56ed-40d1-b44a-f68d92996550	\N	1.50
254fc764-e3a2-47f8-b50b-61d74982a382	01669728-54e4-4ffc-b949-1edc357e1122	0	96754d1a-56ed-40d1-b44a-f68d92996550	\N	1.50
ad21271d-4eb8-4886-b3b6-739cf506af41	01669728-54e4-4ffc-b949-1edc357e1122	1	96754d1a-56ed-40d1-b44a-f68d92996550	\N	1.00
233d889a-db3a-49f8-8d3c-22d720bcea8e	01669728-54e4-4ffc-b949-1edc357e1122	2	96754d1a-56ed-40d1-b44a-f68d92996550	\N	1.50
e04e7c0e-72a1-4446-8944-3f2450f3f0ff	01669728-54e4-4ffc-b949-1edc357e1122	3	96754d1a-56ed-40d1-b44a-f68d92996550	\N	1.50
f141bab8-521b-4510-ae6e-311f36491ab4	01669728-54e4-4ffc-b949-1edc357e1122	4	96754d1a-56ed-40d1-b44a-f68d92996550	\N	1.50
27bdc7b2-2969-46c1-9ce2-b87c8d3ac179	01669728-54e4-4ffc-b949-1edc357e1122	5	96754d1a-56ed-40d1-b44a-f68d92996550	\N	1.50
04d6036f-9a27-4c53-a83b-938c2f071acd	8a47f8e5-d212-4683-9489-4e1837ac819a	0	96754d1a-56ed-40d1-b44a-f68d92996550	\N	1.50
73f4420f-e421-4d65-bd9f-a8ba365ae6d2	8a47f8e5-d212-4683-9489-4e1837ac819a	1	96754d1a-56ed-40d1-b44a-f68d92996550	\N	1.00
535e535a-1eaa-448f-a912-00dfb2e4e799	8a47f8e5-d212-4683-9489-4e1837ac819a	2	96754d1a-56ed-40d1-b44a-f68d92996550	\N	1.50
cf415974-4206-4596-b01c-036c7e4a9473	8a47f8e5-d212-4683-9489-4e1837ac819a	3	96754d1a-56ed-40d1-b44a-f68d92996550	\N	1.50
3891b9a0-ecc6-4466-8e3b-9d8ed1a8f6ed	8a47f8e5-d212-4683-9489-4e1837ac819a	4	96754d1a-56ed-40d1-b44a-f68d92996550	\N	1.50
7d154d82-01af-493b-984a-f95c096445f8	8a47f8e5-d212-4683-9489-4e1837ac819a	5	96754d1a-56ed-40d1-b44a-f68d92996550	\N	1.50
eda8fd01-2780-410a-82ca-57dffa2f4e0c	c20112dd-d1ed-4ded-9904-1d10d32b60fe	0	7f89f448-3c83-444c-b764-79c95caad378	\N	1.00
58562c1e-ceb5-4dc1-8365-e58fdd759911	c20112dd-d1ed-4ded-9904-1d10d32b60fe	1	7f89f448-3c83-444c-b764-79c95caad378	\N	1.00
130175ae-3d95-4edb-b59d-58c19fdec1f9	c20112dd-d1ed-4ded-9904-1d10d32b60fe	2	7f89f448-3c83-444c-b764-79c95caad378	\N	1.50
72f7589b-0507-48fc-af15-1be961cb1455	c20112dd-d1ed-4ded-9904-1d10d32b60fe	3	7f89f448-3c83-444c-b764-79c95caad378	\N	1.50
6ef11d5e-a031-488b-a3ae-09812069eba4	c20112dd-d1ed-4ded-9904-1d10d32b60fe	4	7f89f448-3c83-444c-b764-79c95caad378	\N	1.00
cf46a28a-9d17-40a8-8e88-45464aac265c	c20112dd-d1ed-4ded-9904-1d10d32b60fe	5	96754d1a-56ed-40d1-b44a-f68d92996550	\N	1.50
c2509047-f43d-4ef1-a4a0-82a6311a21c2	9afc2046-ba49-4a34-8947-b936ded2c9ea	0	7f89f448-3c83-444c-b764-79c95caad378	\N	1.00
60884e0e-555f-4c65-9bd0-20fc86bda3d0	9afc2046-ba49-4a34-8947-b936ded2c9ea	1	7f89f448-3c83-444c-b764-79c95caad378	\N	1.00
94a1ead3-bee3-47b6-b374-ed410d67354a	9afc2046-ba49-4a34-8947-b936ded2c9ea	2	7f89f448-3c83-444c-b764-79c95caad378	\N	1.50
4d450ed9-d522-4bad-b357-200e1eae80fd	9afc2046-ba49-4a34-8947-b936ded2c9ea	3	7f89f448-3c83-444c-b764-79c95caad378	\N	1.50
0c9f72ec-2198-4efb-9f15-a06e082acbc2	9afc2046-ba49-4a34-8947-b936ded2c9ea	4	7f89f448-3c83-444c-b764-79c95caad378	\N	1.00
670c285c-b269-4d8e-843c-41575b67b490	9afc2046-ba49-4a34-8947-b936ded2c9ea	5	7f89f448-3c83-444c-b764-79c95caad378	\N	1.00
2b9e6a30-b2ef-4c47-9c9f-8071761bb428	74e86526-ef7c-461f-b7ad-22e90c6a31a7	0	7f89f448-3c83-444c-b764-79c95caad378	\N	1.00
a2420203-8022-44d0-a90b-deb65d15635f	74e86526-ef7c-461f-b7ad-22e90c6a31a7	1	7f89f448-3c83-444c-b764-79c95caad378	\N	1.00
da261b5e-37a7-4786-a6ac-e5bb2f23f0ef	74e86526-ef7c-461f-b7ad-22e90c6a31a7	2	7f89f448-3c83-444c-b764-79c95caad378	\N	1.50
65c4ebda-47f5-46b6-b059-45886becf44e	74e86526-ef7c-461f-b7ad-22e90c6a31a7	3	7f89f448-3c83-444c-b764-79c95caad378	\N	1.50
c99eb74e-7caf-4292-9266-d479d6cab73c	74e86526-ef7c-461f-b7ad-22e90c6a31a7	4	7f89f448-3c83-444c-b764-79c95caad378	\N	1.00
0e11e930-992d-4f3b-acf3-3846a77de4a1	74e86526-ef7c-461f-b7ad-22e90c6a31a7	5	96754d1a-56ed-40d1-b44a-f68d92996550	\N	1.50
56edbeca-e221-4875-9e40-615e414fb371	70885361-5c25-4c55-9ff3-aae054ac3272	0	96754d1a-56ed-40d1-b44a-f68d92996550	\N	1.50
8092d7d5-15ab-4556-8e60-1df25fdadc2d	70885361-5c25-4c55-9ff3-aae054ac3272	1	96754d1a-56ed-40d1-b44a-f68d92996550	\N	1.00
3df2944b-f65c-4e47-b6f3-56ff2b30b82b	70885361-5c25-4c55-9ff3-aae054ac3272	2	96754d1a-56ed-40d1-b44a-f68d92996550	\N	1.50
d9628614-834e-4c22-bf66-1e9a811dde1c	70885361-5c25-4c55-9ff3-aae054ac3272	3	96754d1a-56ed-40d1-b44a-f68d92996550	\N	1.50
d271da34-642a-42df-a9d4-f45ca22029a2	70885361-5c25-4c55-9ff3-aae054ac3272	4	96754d1a-56ed-40d1-b44a-f68d92996550	\N	1.50
9e536342-fd32-4669-b105-fbae0dfc0520	70885361-5c25-4c55-9ff3-aae054ac3272	5	96754d1a-56ed-40d1-b44a-f68d92996550	\N	1.50
134ee132-f946-4eaa-8ddc-d2083475ac8f	70885361-5c25-4c55-9ff3-aae054ac3272	6	96754d1a-56ed-40d1-b44a-f68d92996550	\N	0.00
6f4985d5-db23-47ce-a8ac-560a8c1b049d	fdc171f0-3534-4177-816e-e8f048b0d25b	0	7f89f448-3c83-444c-b764-79c95caad378	\N	1.00
c7b56c87-602b-4ed9-97f1-77dff7d33f06	fdc171f0-3534-4177-816e-e8f048b0d25b	1	7f89f448-3c83-444c-b764-79c95caad378	\N	1.00
c68c90a6-f2e0-4d40-b7ff-c894de4ca226	fdc171f0-3534-4177-816e-e8f048b0d25b	2	7f89f448-3c83-444c-b764-79c95caad378	\N	1.50
76084e3f-8b69-47df-b6b1-e74fc5ae6567	fdc171f0-3534-4177-816e-e8f048b0d25b	3	7f89f448-3c83-444c-b764-79c95caad378	\N	1.50
b0ba3244-834e-4b8c-972b-aa5f09f3c880	fdc171f0-3534-4177-816e-e8f048b0d25b	4	7f89f448-3c83-444c-b764-79c95caad378	\N	1.00
a948c700-d15f-4225-9ce0-79fa123da43a	fdc171f0-3534-4177-816e-e8f048b0d25b	5	96754d1a-56ed-40d1-b44a-f68d92996550	\N	1.50
d3579f9b-bc91-4abd-9868-005ba4fa80b3	98658183-765a-4168-8f9f-db0b999ab944	0	7f89f448-3c83-444c-b764-79c95caad378	\N	1.00
015333a0-6664-45f2-b9de-4b781fb033c2	98658183-765a-4168-8f9f-db0b999ab944	1	7f89f448-3c83-444c-b764-79c95caad378	\N	1.00
ba837d7f-2d65-43f6-a2f7-43c3e11db493	98658183-765a-4168-8f9f-db0b999ab944	2	7f89f448-3c83-444c-b764-79c95caad378	\N	1.50
cfa0fa10-bc8c-494b-8a30-ec789fd43fda	98658183-765a-4168-8f9f-db0b999ab944	3	7f89f448-3c83-444c-b764-79c95caad378	\N	1.50
0d25d84c-4f4b-4bf5-b044-1ab19274bd7d	98658183-765a-4168-8f9f-db0b999ab944	4	7f89f448-3c83-444c-b764-79c95caad378	\N	1.00
32974df5-2c18-4d0a-aaee-571a41eaca25	98658183-765a-4168-8f9f-db0b999ab944	5	96754d1a-56ed-40d1-b44a-f68d92996550	\N	1.50
efee8fdf-ae21-4f6c-8cc0-b3de0c1b7349	2142b6f7-2ab8-40f5-a5a1-e7b58615ce9b	0	7f89f448-3c83-444c-b764-79c95caad378	\N	1.00
243f9bf6-413d-43c5-88b5-683f0a070f1c	2142b6f7-2ab8-40f5-a5a1-e7b58615ce9b	1	7f89f448-3c83-444c-b764-79c95caad378	\N	1.00
8a535343-2ff4-4466-b628-82c2041f33b4	2142b6f7-2ab8-40f5-a5a1-e7b58615ce9b	2	7f89f448-3c83-444c-b764-79c95caad378	\N	1.50
24910c82-6454-4b5b-95bd-9abb73478580	2142b6f7-2ab8-40f5-a5a1-e7b58615ce9b	3	7f89f448-3c83-444c-b764-79c95caad378	\N	1.50
b82940aa-fc95-4c4d-9ec1-4cd355011932	2142b6f7-2ab8-40f5-a5a1-e7b58615ce9b	4	7f89f448-3c83-444c-b764-79c95caad378	\N	1.00
ce07d812-7caf-4baf-853a-e4adf822baac	2142b6f7-2ab8-40f5-a5a1-e7b58615ce9b	5	7f89f448-3c83-444c-b764-79c95caad378	\N	1.00
b05bc149-6288-4500-8fa7-47c1cd404e25	c05817da-172f-4693-97d6-6841aa187ed7	0	96754d1a-56ed-40d1-b44a-f68d92996550	\N	1.50
bccf6c44-151d-4ddf-ac99-898349709bf6	c05817da-172f-4693-97d6-6841aa187ed7	1	96754d1a-56ed-40d1-b44a-f68d92996550	\N	1.00
b94cd174-209b-4408-9cc6-6bc4eb063a42	c05817da-172f-4693-97d6-6841aa187ed7	2	96754d1a-56ed-40d1-b44a-f68d92996550	\N	1.50
18548ad8-056f-45ae-91ce-d4de114375d5	c05817da-172f-4693-97d6-6841aa187ed7	3	96754d1a-56ed-40d1-b44a-f68d92996550	\N	1.50
8a426f3e-dc86-4ed8-bbeb-aac460f770a9	c05817da-172f-4693-97d6-6841aa187ed7	4	96754d1a-56ed-40d1-b44a-f68d92996550	\N	1.50
56085bf9-4e1d-43e0-b4c7-c40fcb639641	c05817da-172f-4693-97d6-6841aa187ed7	5	96754d1a-56ed-40d1-b44a-f68d92996550	\N	1.50
0f03389f-7ca4-4074-8e6a-e090df4f1d67	c05817da-172f-4693-97d6-6841aa187ed7	6	96754d1a-56ed-40d1-b44a-f68d92996550	\N	0.00
f15708fb-2fd5-430d-9480-e307769f3ded	aed865ba-7be7-4d81-bcfb-0c01a5de2324	0	\N	Canning Town 	1.00
a24a8fab-a36c-4b30-a8fe-a1a52136c798	aed865ba-7be7-4d81-bcfb-0c01a5de2324	1	\N	Canning Town 	1.00
ad0808fd-31ee-4b11-8a9b-833a0f05d342	aed865ba-7be7-4d81-bcfb-0c01a5de2324	2	\N	Canning Town 	1.50
53cda8d6-2315-4dcf-ac32-07792b1a4959	aed865ba-7be7-4d81-bcfb-0c01a5de2324	3	\N	Canning Town 	1.50
46e23ad2-0755-4b61-a50e-dfacf2e077e5	aed865ba-7be7-4d81-bcfb-0c01a5de2324	4	\N	Canning Town 	1.50
d91964dd-cc95-4cb4-969b-2c00b5ea2d9f	aed865ba-7be7-4d81-bcfb-0c01a5de2324	5	96754d1a-56ed-40d1-b44a-f68d92996550	\N	1.50
fecce66e-5718-4a7b-9e7f-e9fec05fbc03	aed865ba-7be7-4d81-bcfb-0c01a5de2324	6	\N	Canning Town 	1.00
84f0aea8-6d31-4661-a708-4c72892f1b65	056c2834-9a29-4d0d-b0a1-ac83ab63846a	0	96754d1a-56ed-40d1-b44a-f68d92996550	\N	1.50
503f5397-ce3f-457a-96d9-4cadd21d8da3	056c2834-9a29-4d0d-b0a1-ac83ab63846a	1	96754d1a-56ed-40d1-b44a-f68d92996550	\N	1.00
d4efd769-6092-42e4-ac84-3ae6bf2820ea	056c2834-9a29-4d0d-b0a1-ac83ab63846a	2	96754d1a-56ed-40d1-b44a-f68d92996550	\N	1.50
4f85ef7f-14dd-4f6b-9081-40fe15112c56	056c2834-9a29-4d0d-b0a1-ac83ab63846a	3	96754d1a-56ed-40d1-b44a-f68d92996550	\N	1.50
ad1d0210-5aec-43d2-8d68-eb8077314bce	056c2834-9a29-4d0d-b0a1-ac83ab63846a	4	96754d1a-56ed-40d1-b44a-f68d92996550	\N	1.50
7d17461b-fc6c-4297-9581-e48a2adc60dc	056c2834-9a29-4d0d-b0a1-ac83ab63846a	5	96754d1a-56ed-40d1-b44a-f68d92996550	\N	1.50
3472d7c4-d765-4432-9bec-125ee0268876	056c2834-9a29-4d0d-b0a1-ac83ab63846a	6	96754d1a-56ed-40d1-b44a-f68d92996550	\N	0.00
4f8800be-c860-4c90-9c20-ae7033e0ed35	9ee13314-4050-4ce8-9dec-6df5ec4ef4fe	0	96754d1a-56ed-40d1-b44a-f68d92996550	\N	1.00
6e6374d6-97e4-47ce-af2b-16e9f83c6d38	9ee13314-4050-4ce8-9dec-6df5ec4ef4fe	1	96754d1a-56ed-40d1-b44a-f68d92996550	\N	1.00
f3a2dbef-e37e-466e-84af-1b89914ef14f	9ee13314-4050-4ce8-9dec-6df5ec4ef4fe	2	96754d1a-56ed-40d1-b44a-f68d92996550	\N	1.00
9528e845-94b9-4288-83d3-dc690c6af9e8	9ee13314-4050-4ce8-9dec-6df5ec4ef4fe	3	96754d1a-56ed-40d1-b44a-f68d92996550	\N	1.00
d36d05d1-2e77-4c4e-98b0-fae8c86b29eb	a1385fed-7e7e-413c-9fb2-69f448162106	0	d9887032-fbe0-46f8-9ed5-c6327358e41a	\N	1.00
cf38736f-a5e5-4f01-b39b-efca066e1e17	a1385fed-7e7e-413c-9fb2-69f448162106	1	d9887032-fbe0-46f8-9ed5-c6327358e41a	\N	1.00
638f90ae-4133-4546-9463-86ff31c56de6	a1385fed-7e7e-413c-9fb2-69f448162106	2	d9887032-fbe0-46f8-9ed5-c6327358e41a	\N	1.50
a2eafdc7-672f-4844-902a-4e017aacfd47	a1385fed-7e7e-413c-9fb2-69f448162106	3	d9887032-fbe0-46f8-9ed5-c6327358e41a	\N	1.50
da073c24-0142-47bf-a6a2-3ef1a4fd99a5	a1385fed-7e7e-413c-9fb2-69f448162106	4	d9887032-fbe0-46f8-9ed5-c6327358e41a	\N	1.50
e5a4a14c-296b-43b2-af1a-14bdc5dfa55c	a1385fed-7e7e-413c-9fb2-69f448162106	5	96754d1a-56ed-40d1-b44a-f68d92996550	\N	1.50
ad6b2625-b2b8-44a9-8396-f4d00acc5353	5f15726d-688d-4777-9938-aca0c7ce950b	0	96754d1a-56ed-40d1-b44a-f68d92996550	\N	1.00
6456075d-5589-43b2-b9f3-8a8cde738f70	5f15726d-688d-4777-9938-aca0c7ce950b	1	96754d1a-56ed-40d1-b44a-f68d92996550	\N	1.00
bf1745c2-15fa-47fe-be58-1e6d0f637652	5f15726d-688d-4777-9938-aca0c7ce950b	2	96754d1a-56ed-40d1-b44a-f68d92996550	\N	1.00
b35bc65f-8d7b-45af-acd7-332253906a95	5f15726d-688d-4777-9938-aca0c7ce950b	2	d9887032-fbe0-46f8-9ed5-c6327358e41a	\N	0.00
9e5be335-f6ca-4f81-9bd6-768b76385ea4	5f15726d-688d-4777-9938-aca0c7ce950b	3	96754d1a-56ed-40d1-b44a-f68d92996550	\N	1.00
a28a356a-adc5-4ef4-8e02-64f368fb60bc	5f15726d-688d-4777-9938-aca0c7ce950b	4	96754d1a-56ed-40d1-b44a-f68d92996550	\N	1.00
a336509a-25b4-4ced-9212-291fd5fe3921	5f15726d-688d-4777-9938-aca0c7ce950b	4	d9887032-fbe0-46f8-9ed5-c6327358e41a	\N	0.00
f9bc774d-a581-44a0-ac5c-792331f6af13	5f15726d-688d-4777-9938-aca0c7ce950b	5	96754d1a-56ed-40d1-b44a-f68d92996550	\N	1.00
267533c0-53fc-4b6b-85ac-a76266c41d62	dcc4e0bf-179b-48cf-b352-5c1dfb57fccc	0	d9887032-fbe0-46f8-9ed5-c6327358e41a	\N	1.00
f96a0932-2286-4ff2-8c87-c7bb5850e340	dcc4e0bf-179b-48cf-b352-5c1dfb57fccc	1	d9887032-fbe0-46f8-9ed5-c6327358e41a	\N	1.00
818abe86-f42a-44a9-aa7b-ec26495f081f	dcc4e0bf-179b-48cf-b352-5c1dfb57fccc	2	d9887032-fbe0-46f8-9ed5-c6327358e41a	\N	1.50
e1af1de3-50fa-49db-86d3-75914682f1c0	dcc4e0bf-179b-48cf-b352-5c1dfb57fccc	3	d9887032-fbe0-46f8-9ed5-c6327358e41a	\N	1.50
c2b5f696-b378-4cec-aba5-ec678de08217	dcc4e0bf-179b-48cf-b352-5c1dfb57fccc	4	d9887032-fbe0-46f8-9ed5-c6327358e41a	\N	1.50
4fcbc51a-aad9-456a-9384-c006e9b02706	dcc4e0bf-179b-48cf-b352-5c1dfb57fccc	5	96754d1a-56ed-40d1-b44a-f68d92996550	\N	1.50
03c87c5b-74e4-4dc4-8820-c7e75a95cb86	dcc4e0bf-179b-48cf-b352-5c1dfb57fccc	6	d9887032-fbe0-46f8-9ed5-c6327358e41a	\N	1.00
2ec61817-c368-442b-8073-121a9b1bf9b8	29063e71-38ef-4a00-8d0a-8e1137b4c73b	4	96754d1a-56ed-40d1-b44a-f68d92996550	\N	1.50
743bd1e1-3215-4e6d-b4b8-6ff42f6f992c	29063e71-38ef-4a00-8d0a-8e1137b4c73b	5	59ecf24d-a425-4c55-914a-cd4db375a174	\N	2.00
d9ba0e36-b5e4-4ec8-804f-24f83ee674b7	00e36969-59c1-4207-bf75-20ae1b2f1fa5	0	d9887032-fbe0-46f8-9ed5-c6327358e41a	\N	1.00
b365820a-c0e9-481c-8b30-efd86de976b9	00e36969-59c1-4207-bf75-20ae1b2f1fa5	1	d9887032-fbe0-46f8-9ed5-c6327358e41a	\N	1.00
039f6c31-2600-47d9-a4a1-dd4fb8710e17	00e36969-59c1-4207-bf75-20ae1b2f1fa5	2	d9887032-fbe0-46f8-9ed5-c6327358e41a	\N	1.50
79d09c8f-9f69-4417-9b33-c3b782d1788b	00e36969-59c1-4207-bf75-20ae1b2f1fa5	3	d9887032-fbe0-46f8-9ed5-c6327358e41a	\N	1.50
e25889d2-a55f-4a65-96f3-b83bc33789f4	00e36969-59c1-4207-bf75-20ae1b2f1fa5	4	d9887032-fbe0-46f8-9ed5-c6327358e41a	\N	1.50
9cf226c6-b7f2-4cc2-bb60-a22dc82e95ed	00e36969-59c1-4207-bf75-20ae1b2f1fa5	5	96754d1a-56ed-40d1-b44a-f68d92996550	\N	1.50
c971fe1f-f1e3-4d9b-86f7-62d9a857cea9	00e36969-59c1-4207-bf75-20ae1b2f1fa5	6	d9887032-fbe0-46f8-9ed5-c6327358e41a	\N	1.00
\.


--
-- Data for Name: toolbox_talks; Type: TABLE DATA; Schema: public; Owner: postgres
--

COPY "public"."toolbox_talks" ("id", "briefer_id", "client_id", "project_id", "topic", "talk_date", "briefer_signature_url", "status", "manager_comment", "approved_by", "approved_at", "created_at", "revision", "client_other", "project_other") FROM stdin;
\.


--
-- Data for Name: toolbox_attendees; Type: TABLE DATA; Schema: public; Owner: postgres
--

COPY "public"."toolbox_attendees" ("id", "talk_id", "position", "user_id", "name", "signature_url") FROM stdin;
\.


--
-- Data for Name: user_roles; Type: TABLE DATA; Schema: public; Owner: postgres
--

COPY "public"."user_roles" ("id", "user_id", "role") FROM stdin;
27da2535-e626-451f-973c-9491eba9c468	713f38a4-7b2c-42b0-8df4-424d54ef5d0f	admin
2a177b87-3d8f-4817-bd92-d256f8f2065b	713f38a4-7b2c-42b0-8df4-424d54ef5d0f	manager
01dd2d6b-c65b-4e6e-af73-127637969bca	713f38a4-7b2c-42b0-8df4-424d54ef5d0f	worker
34454c43-7dd7-431d-8441-ca61cb41aca9	f7433041-0a01-4d8c-a883-46a0f3c92152	worker
1e25a279-ff8e-4f32-b9b7-795b477fe0d5	7790c180-e52f-44da-97c0-e190ec9f233f	manager
8fa18f54-a28c-4959-9c37-6934436a42e3	b673c078-c84b-48c8-845d-6aeceb94b19a	worker
57b06f20-b99d-4e9f-93cc-78ef9cdd9a12	fe0832db-4ea7-4c23-8cae-9a96d0e70a8c	admin
866a3448-fdb8-444b-a8e3-4b994da4eb1c	82cbc827-4809-495a-bd14-9f02bb6d03f9	manager
15d8ffcf-7601-499c-acda-cece1c5be266	7e790d8a-20b5-4a45-93b0-291987eff0f1	manager
743afcf2-46f7-4079-839b-387bbf024c6f	473b0582-0fa6-43c3-8f52-ef89bb2810a1	admin
fabd888a-a858-4db2-8693-f086cedd6f51	97ed2ada-c2be-4dba-81c1-dc23e9d43ddf	cjb_manager
2913d718-3029-4c95-8418-6152c8bd6f57	f64b5eee-d09e-4b3f-bd65-9f9a940927ad	worker
96dc22a8-020e-4d32-ae69-1884354bcdda	4c9cc9ec-d7c3-4a51-a4d9-5fa75d804e24	cjb_manager
04ace7ec-675b-4374-91eb-8b0c8cb45c88	e8371995-63a7-43de-a944-87ea9859edbd	worker
366fc29b-c199-4346-b035-ec5cffb6d787	a8f2b105-eea2-4fb1-9570-8c48381481c9	worker
ed2f72ca-753d-4c08-9241-466f7bd74b92	c78c1158-49da-4c16-96cb-e0b58d8d61a7	worker
21e26dac-9ce6-44dd-a956-5d94235d1136	c45e2b3b-858e-4cc9-b893-606be19db21e	manager
3a1c0a7d-6d1f-4f96-9d90-455aecf9a2fb	feddbb7c-71f0-4ec5-916c-4a2cdaa517a2	worker
d946c977-f9f7-4f86-b7cd-e1a80b4ac058	bba10388-e3a5-4e70-a6d7-123fb3f656e5	worker
929645cc-a70f-436d-a9cc-d50f5f2c5d80	fae5424f-167a-4ad9-ba55-189b684e569b	worker
2403fb10-4a4f-4643-91e8-8920a4a7a64a	de005c4b-55c6-49b8-bb8a-3e546e67b52d	worker
62b55b1b-352a-4949-8856-f0f868b1ca61	4532cd1f-2752-4aa9-a304-8a66a6fb9875	worker
708f0d19-69a0-4309-859e-574390eed916	fab0cd1f-129b-4cf8-be1c-22667db1930c	worker
7af3066f-a16a-49d2-8bdc-61d69feaedf7	7aad6855-2a47-416a-a13e-f7800ca87940	worker
0ee1023a-c1ee-444f-8686-471dfacfcec3	d5b9af57-9326-4f03-8595-e1860836a8a5	worker
a2e6b793-2555-4fc6-b2ca-eeb96d7d4378	a1161bd5-de49-4bb4-8f13-2477365a4309	worker
499a06f9-7907-42e5-86cf-1d8abdadf7ad	85145bb3-01b9-4511-9a5b-a34f9b50c9cf	worker
e3787df0-22a7-47a5-9113-2bb85cbcd6a3	04a6baa7-cc7f-4c06-84ff-fec3e055b9a3	worker
a08d8a41-3990-4ff8-92f1-7ab864b90590	3375295b-b3a3-40af-9cb5-81959e07fa23	worker
f1e7140d-36ce-4a2e-a6a2-70abeb941021	c1b79407-8801-4583-8b57-7a5256333600	worker
eed64923-ef98-4e1c-ac8c-2a647a2d8b24	1d46ac0e-4581-444e-9a38-caac78d30d53	worker
4da647ae-ba72-4039-9030-cc8d89c6da71	a46f113c-b5c3-4309-a2e1-b20a173d0d20	worker
7d671450-9ec9-4f7b-9888-66e947747d3a	3932d151-3fc9-4539-ae2c-31032ec99202	worker
fc765a9e-1244-4bb9-b3df-9f946db64185	62d60f6c-fafd-4b66-b48e-472bfa39d0cd	worker
d7c61a44-8f85-4032-b93e-bc2e1e72d645	49952daf-c3ea-4cb6-a4e6-87a1199a6d89	worker
0b2aa151-f02c-480a-814d-1701c51859fc	55fe5d03-5dde-4508-9f57-6a1db5db779b	worker
4483a039-5630-4b2d-982e-bc73f5f80ef9	f5adc8bf-b6df-4d42-989a-ffe879b73b87	worker
4cfaf352-59a3-4f47-a121-c981dd9bac70	3e73d6f4-44e6-4f1e-8f96-e2b2cacb1141	worker
2d4a4ef1-0bc6-4570-834f-c4a8736a994c	efaf85bf-1e4c-4933-b062-1110a5181f16	worker
e77d35d1-227b-4a1a-8884-3d90a6fafa7f	87c10d8e-e4b4-4871-a0bf-2d454e855fb2	manager
4e9a5485-b054-47b3-9611-ac76b24d607b	39e2ad12-c499-4e7a-b1f4-914506da8514	worker
54f36359-2cde-42b6-9484-669846c77b10	a8aeff32-1421-43a7-8da5-a66278adba47	worker
4c7a7199-3eae-4f1b-85c8-2540c6f5854d	424451a7-7620-470a-a700-88ec2b14b64f	worker
1e1d41cf-7daa-4c4d-b333-0d2359ad0c7e	52afddec-3cae-42ce-9092-8440e1fa8014	worker
a25f8c26-ed95-4a4d-b645-44f520c85dd4	66a9dc9f-5b19-4f79-9eb5-1d7cdb49ef82	manager
625acc1e-239b-43a6-afdc-01bfb044e554	688acb8f-4288-4754-b615-d898938d9256	worker
0db2c4f3-a216-4fb7-9bc0-b628c542079d	5af69b55-ef40-4fc8-8430-71f1a19f8f75	worker
01fdb5e8-4c02-4b28-9004-e05484a86285	a5c46085-e9c5-4c24-ad52-3aaf0eb75ced	worker
de0af4f5-2628-49a1-a22a-089eea398825	9d2863fc-0252-4cfe-be88-d19047ffa885	worker
aac4cd40-4e8e-4af0-ae19-f321b6965204	2968342a-95a1-46e5-a23c-c392fce4f451	worker
8e1c46e9-f41c-4c8f-ab66-6b056b04ab9d	19791a1c-fe79-4c25-9175-506bde74134f	worker
f9036c1b-65b0-4580-883b-84da2e370d2a	5d2b0a94-cb50-433e-b654-525045548590	worker
f9569b96-fd7b-400b-a088-6d41c0c1df9f	044214c4-2c02-4f1c-a8e8-edcb23b9cb62	worker
fd6ecd50-0300-4073-a2eb-fe3e82900e18	e4108e51-f590-4296-82a4-be5627bb187f	worker
be26ec51-5591-459f-b979-b11e4cd5355e	e40c047f-b7e9-4f41-b20a-209baed651ac	worker
494997e2-8b71-4e01-bda2-cb382a4612d6	0249ef1d-3838-47cb-b070-17304161723e	worker
eb7607bf-c729-4aba-bfc4-8a2180ae06be	85754a1b-816f-4575-906e-5139f3587788	manager
\.


--
-- Data for Name: vehicles; Type: TABLE DATA; Schema: public; Owner: postgres
--

COPY "public"."vehicles" ("id", "registration", "description", "active", "created_at") FROM stdin;
1ec4ee23-5df5-4ab1-9653-3867e27864ba	BW19 PPF	Ford Transit	t	2026-06-11 15:10:15.723339+00
70bfbdac-19d3-4c33-a831-08b4ad47d7ae	HF22 MFK	Ford Transit	t	2026-06-11 15:10:50.952906+00
b9650731-f7bc-422f-b262-168de0a0b6eb	HG25 KPO	Ford Transit Courier	t	2026-06-11 15:11:20.490733+00
8a6078f4-e16a-4b84-82d1-b2ad6c5037fd	HG25 KRE	Ford Transit Courier	t	2026-06-11 15:11:44.826992+00
f7321d4c-a781-490a-b640-acb0608d4348	HG25 UHV	Ford Transit	t	2026-06-11 15:12:03.356826+00
444a2c32-9e51-4184-b97c-2342b72ca04a	HJ26 LNK	Ford Transit	t	2026-06-11 15:12:35.049794+00
88f6c1c7-dcf6-4f0a-a3e5-cc5b3e30a93a	LK71 UJB	Ford Transit Custom	t	2026-06-11 15:13:07.187458+00
65ec5576-ccc9-43cc-aeca-ee261bfa4594	LM21 DHG	Ford Transit	t	2026-06-11 15:13:28.872794+00
c459aa62-ebf7-4bc2-ac06-f53b479c887c	LM22 GUD	Ford Transit	t	2026-06-11 15:13:48.184494+00
f1397452-a128-4da0-a5b0-d7a5b6f6c644	LM22 RXA	Ford Transit	t	2026-06-11 15:14:08.226491+00
da15d02a-7b82-476f-9623-85339c2e60fb	LM22 RXB	Ford Transit	t	2026-06-11 15:14:44.544556+00
75d7d73b-7412-4baf-b345-038d8f3acacb	LM22 RZP	Ford Transit	t	2026-06-11 15:15:03.788285+00
3a37996f-91ba-47ba-89f3-26033c167cba	MA26 UTG	Ford Transit	t	2026-06-11 15:15:19.405197+00
db6afd32-3718-44e1-b214-8771e18bf744	WD19 MDN	Ford Transit	t	2026-06-11 15:15:50.426264+00
778f1255-23ee-4b11-b8ff-e13912c75091	MA26 USV	Ford Transit	t	2026-06-11 15:16:06.325017+00
28400090-f826-489e-9dda-db33ad7189e6	HG75 RAU	Ford Ranger	t	2026-06-11 18:23:27.025122+00
\.


--
-- Data for Name: vehicle_defects; Type: TABLE DATA; Schema: public; Owner: postgres
--

COPY "public"."vehicle_defects" ("id", "worker_id", "vehicle_id", "vehicle_registration", "inspection_date", "odometer", "comments", "signature_url", "status", "manager_comment", "approved_by", "approved_at", "created_at", "revision") FROM stdin;
047d72b4-7806-49a7-bc07-9d6143ef65cf	713f38a4-7b2c-42b0-8df4-424d54ef5d0f	28400090-f826-489e-9dda-db33ad7189e6	HG75 RAU	2026-06-11	17002		713f38a4-7b2c-42b0-8df4-424d54ef5d0f/vehicle-defect/94b08760-91a3-4b6b-aecc-cc5eb10be2a0.png	submitted	\N	\N	2026-06-11 18:24:53.54237+00	2026-06-11 18:24:53.54237+00	2
e4e3514e-483c-403d-8445-a36a50ccc4b2	713f38a4-7b2c-42b0-8df4-424d54ef5d0f	28400090-f826-489e-9dda-db33ad7189e6	HG75 RAU	2026-06-12	17279		713f38a4-7b2c-42b0-8df4-424d54ef5d0f/vehicle-defect/e66f6ea6-0986-462d-b692-57ecf842cb96.png	submitted	\N	\N	2026-06-13 01:54:08.446205+00	2026-06-13 01:54:08.446205+00	2
6af64b6a-c53c-477c-a7be-727a7ef83ae5	713f38a4-7b2c-42b0-8df4-424d54ef5d0f	28400090-f826-489e-9dda-db33ad7189e6	HG75 RAU	2026-06-13	17289		713f38a4-7b2c-42b0-8df4-424d54ef5d0f/vehicle-defect/d6bc9d49-65eb-4fc7-8663-ca67b502a664.png	submitted	\N	\N	2026-06-13 09:19:16.223989+00	2026-06-13 09:19:16.223989+00	2
847c1d51-6eb0-4aa7-a627-47d95d2615c0	4c9cc9ec-d7c3-4a51-a4d9-5fa75d804e24	444a2c32-9e51-4184-b97c-2342b72ca04a	HJ26 LNK	2026-06-15	1933		4c9cc9ec-d7c3-4a51-a4d9-5fa75d804e24/vehicle-defect/71fb4b8b-266a-4cde-a0df-3649ce7e93b3.png	submitted	\N	\N	2026-06-15 06:36:40.372355+00	2026-06-15 06:36:40.372355+00	2
2d159b6d-887d-4360-8472-cc5ba8bfdc21	713f38a4-7b2c-42b0-8df4-424d54ef5d0f	28400090-f826-489e-9dda-db33ad7189e6	HG75 RAU	2026-06-16	17767		713f38a4-7b2c-42b0-8df4-424d54ef5d0f/vehicle-defect/670c7096-4ae0-4ba7-8d2a-43513d2c326c.png	submitted	\N	\N	2026-06-16 21:15:04.882066+00	2026-06-16 21:15:04.882066+00	3
50433ad5-ac0a-4570-a0e0-aaa9bb6ac0da	7790c180-e52f-44da-97c0-e190ec9f233f	65ec5576-ccc9-43cc-aeca-ee261bfa4594	LM21 DHG	2026-06-19	111800	N/A	7790c180-e52f-44da-97c0-e190ec9f233f/vehicle-defect/bac0918d-b68b-4898-a3d6-2860db966a97.png	submitted	\N	\N	2026-06-19 04:43:20.801299+00	2026-06-19 04:43:20.801299+00	2
dcb57e65-9eea-4d6e-8a96-3fa099490c3b	4532cd1f-2752-4aa9-a304-8a66a6fb9875	70bfbdac-19d3-4c33-a831-08b4ad47d7ae	HF22 MFK	2026-06-19	23968	No	4532cd1f-2752-4aa9-a304-8a66a6fb9875/vehicle-defect/2952c909-dd72-46f4-9d78-3a0174af0ccf.png	submitted	\N	\N	2026-06-19 04:56:44.739369+00	2026-06-19 04:56:44.739369+00	2
33a806ff-e77e-4379-8f0f-76fb8b447acd	bba10388-e3a5-4e70-a6d7-123fb3f656e5	3a37996f-91ba-47ba-89f3-26033c167cba	MA26 UTG	2026-06-19	2842	No	bba10388-e3a5-4e70-a6d7-123fb3f656e5/vehicle-defect/6f83c909-670c-49ce-824c-1d5a836f9504.png	submitted	\N	\N	2026-06-19 05:06:41.113494+00	2026-06-19 05:06:41.113494+00	2
ba259965-7bee-4a7c-966b-215914dc1c4b	a46f113c-b5c3-4309-a2e1-b20a173d0d20	75d7d73b-7412-4baf-b345-038d8f3acacb	LM22 RZP	2026-06-19	47067	Good 	a46f113c-b5c3-4309-a2e1-b20a173d0d20/vehicle-defect/3c1c646b-7111-47a8-b50a-deebecec9f41.png	submitted	\N	\N	2026-06-19 05:29:46.90001+00	2026-06-19 05:29:46.90001+00	2
cb1abbf4-1ff4-466f-9a33-359fa125f59a	7790c180-e52f-44da-97c0-e190ec9f233f	65ec5576-ccc9-43cc-aeca-ee261bfa4594	LM21 DHG	2026-06-20	111896	N/\n\nA	7790c180-e52f-44da-97c0-e190ec9f233f/vehicle-defect/f938c8b3-d15b-4e48-8a82-f8659cc3a053.png	submitted	\N	\N	2026-06-20 04:34:46.204973+00	2026-06-20 04:34:46.204973+00	2
7b741e25-8dea-404e-8677-fe49907942d8	a46f113c-b5c3-4309-a2e1-b20a173d0d20	75d7d73b-7412-4baf-b345-038d8f3acacb	LM22 RZP	2026-06-20	47164	No	a46f113c-b5c3-4309-a2e1-b20a173d0d20/vehicle-defect/51577050-d1ea-4ccb-a3dd-d2f81817a793.png	submitted	\N	\N	2026-06-20 04:54:30.317513+00	2026-06-20 04:54:30.317513+00	2
9ec48a3e-a568-4f7d-a94b-7b088e75f1ce	4532cd1f-2752-4aa9-a304-8a66a6fb9875	70bfbdac-19d3-4c33-a831-08b4ad47d7ae	HF22 MFK	2026-06-20	24066	No	4532cd1f-2752-4aa9-a304-8a66a6fb9875/vehicle-defect/ef3bbf29-2c7a-40d8-b7e9-eb24515b5615.png	submitted	\N	\N	2026-06-20 04:57:47.826168+00	2026-06-20 04:57:47.826168+00	2
de9683f5-404b-4933-b3cf-38d3a3be7477	bba10388-e3a5-4e70-a6d7-123fb3f656e5	3a37996f-91ba-47ba-89f3-26033c167cba	MA26 UTG	2026-06-20	2935	No	bba10388-e3a5-4e70-a6d7-123fb3f656e5/vehicle-defect/ee197ead-bf36-4d49-a6e8-30bffbc65eee.png	submitted	\N	\N	2026-06-20 05:20:40.147146+00	2026-06-20 05:20:40.147146+00	2
c91c0ca2-5bfb-4d49-b305-e41120c38042	4532cd1f-2752-4aa9-a304-8a66a6fb9875	70bfbdac-19d3-4c33-a831-08b4ad47d7ae	HF22 MFK	2026-06-22	24209	No	4532cd1f-2752-4aa9-a304-8a66a6fb9875/vehicle-defect/9586d520-3d6a-439f-ad0f-7c43ed03635e.png	submitted	\N	\N	\N	2026-06-22 04:17:33.081278+00	1
30ec2622-ebdb-41d3-9384-bf8ba63f5b90	7790c180-e52f-44da-97c0-e190ec9f233f	65ec5576-ccc9-43cc-aeca-ee261bfa4594	LM21 DHG	2026-06-22	111991		7790c180-e52f-44da-97c0-e190ec9f233f/vehicle-defect/0f594954-6ec9-43c4-b9d6-4f849a44f865.png	submitted	\N	\N	\N	2026-06-22 04:48:41.448894+00	1
28f38347-9358-49f6-804c-341a4ad61cd3	bba10388-e3a5-4e70-a6d7-123fb3f656e5	3a37996f-91ba-47ba-89f3-26033c167cba	MA26 UTG	2026-06-22	3000	No	bba10388-e3a5-4e70-a6d7-123fb3f656e5/vehicle-defect/b89b714d-a911-441c-871a-8eddd72aeec3.png	submitted	\N	\N	\N	2026-06-22 05:01:38.568316+00	1
ece13dd7-0874-43bc-960a-1e7a1846f46c	a1161bd5-de49-4bb4-8f13-2477365a4309	f1397452-a128-4da0-a5b0-d7a5b6f6c644	LM22 RXA	2026-06-22	40747	No	a1161bd5-de49-4bb4-8f13-2477365a4309/vehicle-defect/8110b62a-65c2-4e02-b864-e44eb5696c8e.png	submitted	\N	\N	\N	2026-06-22 10:08:58.124985+00	1
\.


--
-- Data for Name: vehicle_defect_items; Type: TABLE DATA; Schema: public; Owner: postgres
--

COPY "public"."vehicle_defect_items" ("id", "defect_id", "position", "item_label", "has_defect", "defect_description", "repaired_at", "repaired_by") FROM stdin;
4ad2c154-fc40-4c70-95c0-a5464a81e063	047d72b4-7806-49a7-bc07-9d6143ef65cf	0	Fuel / Oil / Water leaks	f	\N	\N	\N
9601fa68-9dbb-4d96-b105-74d39b0e1b78	047d72b4-7806-49a7-bc07-9d6143ef65cf	1	Battery Security (condition)	f	\N	\N	\N
65007d77-1163-4043-b5b9-f8733ff9ee78	047d72b4-7806-49a7-bc07-9d6143ef65cf	2	Tyres / Wheels and wheel fixings	f	\N	\N	\N
f6e998a3-dfc5-4698-ba54-34478912a0c5	047d72b4-7806-49a7-bc07-9d6143ef65cf	3	Registration plates	f	\N	\N	\N
cdc55604-e71c-4de9-bac2-a9ced96f492d	047d72b4-7806-49a7-bc07-9d6143ef65cf	4	Prominent external warning signage	f	\N	\N	\N
bacea969-3434-4495-bdc6-043216cdcf61	047d72b4-7806-49a7-bc07-9d6143ef65cf	5	Body and wings condition	f	\N	\N	\N
db48fd24-c1d6-4c8b-b8f0-55dbcf32d113	047d72b4-7806-49a7-bc07-9d6143ef65cf	6	Brakes, including ABS / EBS	f	\N	\N	\N
314f8ecc-8b5e-446d-b0f7-dd1616d2db6d	047d72b4-7806-49a7-bc07-9d6143ef65cf	7	Air build-up / leaks	f	\N	\N	\N
85ece30e-af4c-4117-9633-1eaf4af6a151	047d72b4-7806-49a7-bc07-9d6143ef65cf	8	Steering	f	\N	\N	\N
c38a8959-3652-4139-976e-5f1f3751fc61	047d72b4-7806-49a7-bc07-9d6143ef65cf	9	Mirrors / Class IV (wide angle) / Class V (proximity)	f	\N	\N	\N
8ad9452b-1c11-4626-bc0a-97063ae17f43	047d72b4-7806-49a7-bc07-9d6143ef65cf	10	Cameras and detection sensors (if relevant)	f	\N	\N	\N
7c450422-85b4-4289-a8d0-353aebf7cda3	047d72b4-7806-49a7-bc07-9d6143ef65cf	11	Cab interior / seat belts	f	\N	\N	\N
428c15fd-28d1-4bb3-b46b-2b4413b2a536	047d72b4-7806-49a7-bc07-9d6143ef65cf	12	Speedometer / Speed limiter	f	\N	\N	\N
e3a1a30e-7680-43d6-bb23-6d08a04bf6bc	047d72b4-7806-49a7-bc07-9d6143ef65cf	13	Excessive Engine exhaust smoke	f	\N	\N	\N
c1f0b76e-316c-49a7-8912-fcc6cf60d70b	047d72b4-7806-49a7-bc07-9d6143ef65cf	14	Lights / reflectors / markers	f	\N	\N	\N
a1eb1a62-7a45-4e47-a9bb-e3f9d06bafce	047d72b4-7806-49a7-bc07-9d6143ef65cf	15	Indicators / side repeaters	f	\N	\N	\N
d1f56901-a8f4-4bd2-acd0-f8aecefa5beb	047d72b4-7806-49a7-bc07-9d6143ef65cf	16	Warning Lamps	f	\N	\N	\N
3ddc0fae-cef4-467a-89f1-3336ea2ed0f3	047d72b4-7806-49a7-bc07-9d6143ef65cf	17	Wipers / washers / horn	f	\N	\N	\N
de5f1cde-eb9b-476d-9c9b-7d8925c2cdb1	047d72b4-7806-49a7-bc07-9d6143ef65cf	18	Ad-blue	f	\N	\N	\N
5d3347ba-d1e1-4570-87fd-a103198f3673	047d72b4-7806-49a7-bc07-9d6143ef65cf	19	Windscreen / Glass visibility	f	\N	\N	\N
1b1c26b1-d3ff-46e3-b55a-cce7584e12b8	047d72b4-7806-49a7-bc07-9d6143ef65cf	20	Load security / vehicle height	f	\N	\N	\N
df0404fe-931b-44b5-8773-da71a930314b	e4e3514e-483c-403d-8445-a36a50ccc4b2	0	Fuel / Oil / Water leaks	f	\N	\N	\N
52355491-4c84-46ea-ab0c-6ebdaa7160a7	e4e3514e-483c-403d-8445-a36a50ccc4b2	1	Battery Security (condition)	f	\N	\N	\N
00fb49e1-07e8-41bd-8aa1-ed94827b2fb1	e4e3514e-483c-403d-8445-a36a50ccc4b2	2	Tyres / Wheels and wheel fixings	f	\N	\N	\N
4671f4e2-bbb7-4d2c-8f52-990d143a43eb	e4e3514e-483c-403d-8445-a36a50ccc4b2	3	Registration plates	f	\N	\N	\N
b63b3317-0e2a-4be9-a0a4-db5e89afea4d	e4e3514e-483c-403d-8445-a36a50ccc4b2	4	Prominent external warning signage	f	\N	\N	\N
b64763b6-740f-4b3e-9098-c0ee6ea9f84b	e4e3514e-483c-403d-8445-a36a50ccc4b2	5	Body and wings condition	f	\N	\N	\N
76355869-645a-4cbb-9ffd-5682e85d0736	e4e3514e-483c-403d-8445-a36a50ccc4b2	6	Brakes, including ABS / EBS	f	\N	\N	\N
05a87eea-babc-4dd5-a8c1-7e1e4ab83b24	e4e3514e-483c-403d-8445-a36a50ccc4b2	7	Air build-up / leaks	f	\N	\N	\N
c8f0845d-e121-4544-a4b2-35c2635f13a7	e4e3514e-483c-403d-8445-a36a50ccc4b2	8	Steering	f	\N	\N	\N
a4778e70-a7ca-4554-af29-69128fb54129	e4e3514e-483c-403d-8445-a36a50ccc4b2	9	Mirrors / Class IV (wide angle) / Class V (proximity)	f	\N	\N	\N
64c2dfb9-fa23-4697-b8a1-6ebe13e1224e	e4e3514e-483c-403d-8445-a36a50ccc4b2	10	Cameras and detection sensors (if relevant)	f	\N	\N	\N
ce07113b-1550-427a-b696-8972af531a2e	e4e3514e-483c-403d-8445-a36a50ccc4b2	11	Cab interior / seat belts	f	\N	\N	\N
8d233664-542f-4c27-8ce0-f9b627d4307c	e4e3514e-483c-403d-8445-a36a50ccc4b2	12	Speedometer / Speed limiter	f	\N	\N	\N
1d150e28-79e4-4a78-9124-c3c515aecab4	e4e3514e-483c-403d-8445-a36a50ccc4b2	13	Excessive Engine exhaust smoke	f	\N	\N	\N
02dbfa34-6912-491d-94d1-43cec00cdbbe	e4e3514e-483c-403d-8445-a36a50ccc4b2	14	Lights / reflectors / markers	f	\N	\N	\N
4ae75bf0-e97b-493a-aad4-d0a52979604c	e4e3514e-483c-403d-8445-a36a50ccc4b2	15	Indicators / side repeaters	f	\N	\N	\N
b8262d27-7a48-4f00-bb45-97edbe668fea	e4e3514e-483c-403d-8445-a36a50ccc4b2	16	Warning Lamps	f	\N	\N	\N
befdc15d-3c1a-418a-bea2-32a82f909a7a	e4e3514e-483c-403d-8445-a36a50ccc4b2	17	Wipers / washers / horn	f	\N	\N	\N
8ce4b7af-065c-40df-9147-afdae5c403a4	e4e3514e-483c-403d-8445-a36a50ccc4b2	18	Ad-blue	f	\N	\N	\N
81a89f28-0baa-40bb-825c-68324b5f802b	e4e3514e-483c-403d-8445-a36a50ccc4b2	19	Windscreen / Glass visibility	f	\N	\N	\N
19e4a28f-685a-4077-8253-d4d5ec041a1f	e4e3514e-483c-403d-8445-a36a50ccc4b2	20	Load security / vehicle height	f	\N	\N	\N
dd050c3d-ad5a-45b1-a8f5-a9178766d271	6af64b6a-c53c-477c-a7be-727a7ef83ae5	0	Fuel / Oil / Water leaks	f	\N	\N	\N
39f9495c-8b23-4567-861b-db4b731eb701	6af64b6a-c53c-477c-a7be-727a7ef83ae5	1	Battery Security (condition)	f	\N	\N	\N
922becc1-fc66-436f-94fb-8a0cddd59bbd	6af64b6a-c53c-477c-a7be-727a7ef83ae5	2	Tyres / Wheels and wheel fixings	f	\N	\N	\N
54389fc6-e0fe-40ef-9548-be08e2074e6c	6af64b6a-c53c-477c-a7be-727a7ef83ae5	3	Registration plates	f	\N	\N	\N
cd4223de-d8de-44a9-b60f-d788a37bda37	6af64b6a-c53c-477c-a7be-727a7ef83ae5	4	Prominent external warning signage	f	\N	\N	\N
b790e9df-cd13-4a5c-a314-aa3acf855d89	6af64b6a-c53c-477c-a7be-727a7ef83ae5	5	Body and wings condition	f	\N	\N	\N
1864e760-b3ad-4db7-9a4f-82f81583b96a	6af64b6a-c53c-477c-a7be-727a7ef83ae5	6	Brakes, including ABS / EBS	f	\N	\N	\N
20d166df-8916-4345-8e3d-dfa7cd6a0181	6af64b6a-c53c-477c-a7be-727a7ef83ae5	7	Air build-up / leaks	f	\N	\N	\N
b8cc821d-3290-4ad4-aea3-0fb7b429bfcd	6af64b6a-c53c-477c-a7be-727a7ef83ae5	8	Steering	f	\N	\N	\N
ad2a7028-5907-462a-9719-d34aaf3dfbaf	6af64b6a-c53c-477c-a7be-727a7ef83ae5	9	Mirrors / Class IV (wide angle) / Class V (proximity)	f	\N	\N	\N
f0eabc39-f6b1-41b8-8392-784aa4246e0d	6af64b6a-c53c-477c-a7be-727a7ef83ae5	10	Cameras and detection sensors (if relevant)	f	\N	\N	\N
bf1daced-d52b-4ed5-85cf-cb53d2f4948f	6af64b6a-c53c-477c-a7be-727a7ef83ae5	11	Cab interior / seat belts	f	\N	\N	\N
f89def89-de19-4d2b-8cf8-782250f94af2	6af64b6a-c53c-477c-a7be-727a7ef83ae5	12	Speedometer / Speed limiter	f	\N	\N	\N
e669ae2e-e1e2-482c-8ddb-f782b5af3f06	6af64b6a-c53c-477c-a7be-727a7ef83ae5	13	Excessive Engine exhaust smoke	f	\N	\N	\N
1b9b7836-5872-4e96-aaaf-67dda54c2880	6af64b6a-c53c-477c-a7be-727a7ef83ae5	14	Lights / reflectors / markers	f	\N	\N	\N
a36816a2-ca05-4741-bba9-07d88a611bc5	6af64b6a-c53c-477c-a7be-727a7ef83ae5	15	Indicators / side repeaters	f	\N	\N	\N
46358592-69ac-4a3a-998b-a3d453d3986c	6af64b6a-c53c-477c-a7be-727a7ef83ae5	16	Warning Lamps	f	\N	\N	\N
cabf131f-e6ea-4367-bec8-1b2cae06405f	6af64b6a-c53c-477c-a7be-727a7ef83ae5	17	Wipers / washers / horn	f	\N	\N	\N
c76bf5d4-1149-44e7-b4c0-bd976bbf7dd3	6af64b6a-c53c-477c-a7be-727a7ef83ae5	18	Ad-blue	f	\N	\N	\N
c7000423-3487-45e8-8cf7-0672bfe015d8	6af64b6a-c53c-477c-a7be-727a7ef83ae5	19	Windscreen / Glass visibility	f	\N	\N	\N
6cdc7b93-4297-41b5-803b-904cab23a834	6af64b6a-c53c-477c-a7be-727a7ef83ae5	20	Load security / vehicle height	f	\N	\N	\N
54380ad1-2f52-4db1-b9a6-5139ab6ea50a	847c1d51-6eb0-4aa7-a627-47d95d2615c0	0	Fuel / Oil / Water leaks	f	\N	\N	\N
e0292d36-886d-46ac-92a4-0b4bfe9c497b	847c1d51-6eb0-4aa7-a627-47d95d2615c0	1	Battery Security (condition)	f	\N	\N	\N
ce1b0d7d-20a2-4c0d-935a-0df315e18112	847c1d51-6eb0-4aa7-a627-47d95d2615c0	2	Tyres / Wheels and wheel fixings	f	\N	\N	\N
7b5b0c45-95c4-409c-bedf-ab6c8bc674bf	847c1d51-6eb0-4aa7-a627-47d95d2615c0	3	Registration plates	f	\N	\N	\N
5673f209-fddc-495a-8267-2e4eda42e356	847c1d51-6eb0-4aa7-a627-47d95d2615c0	4	Prominent external warning signage	f	\N	\N	\N
adfd03d7-5c0d-42cb-ab5a-7fa7c14f99c3	847c1d51-6eb0-4aa7-a627-47d95d2615c0	5	Body and wings condition	f	\N	\N	\N
9db92567-21a2-423d-ae16-2e193fc1fd2e	847c1d51-6eb0-4aa7-a627-47d95d2615c0	6	Brakes, including ABS / EBS	f	\N	\N	\N
aa20b3b1-040d-4065-a889-e13c4b3b747f	847c1d51-6eb0-4aa7-a627-47d95d2615c0	7	Air build-up / leaks	f	\N	\N	\N
a2b5b3f1-2291-415a-9abd-0e8812ce3a61	847c1d51-6eb0-4aa7-a627-47d95d2615c0	8	Steering	f	\N	\N	\N
c743c330-3d42-42f3-8ecd-9cdead77fe04	847c1d51-6eb0-4aa7-a627-47d95d2615c0	9	Mirrors / Class IV (wide angle) / Class V (proximity)	f	\N	\N	\N
5e2026bf-8b97-413a-8c26-f4d0d80c58fa	847c1d51-6eb0-4aa7-a627-47d95d2615c0	10	Cameras and detection sensors (if relevant)	f	\N	\N	\N
48c27f15-ddd6-436d-ad1c-f38319f44777	847c1d51-6eb0-4aa7-a627-47d95d2615c0	11	Cab interior / seat belts	f	\N	\N	\N
a2a560ff-2e84-4a28-bb09-379594807d50	847c1d51-6eb0-4aa7-a627-47d95d2615c0	12	Speedometer / Speed limiter	f	\N	\N	\N
f5473577-4e6a-47d9-aafe-2be5a4f31833	847c1d51-6eb0-4aa7-a627-47d95d2615c0	13	Excessive Engine exhaust smoke	f	\N	\N	\N
67e5e0bc-f4f8-40df-a6dc-fedefaf74456	847c1d51-6eb0-4aa7-a627-47d95d2615c0	14	Lights / reflectors / markers	f	\N	\N	\N
69f66bd8-cd03-402b-8f55-1e0a3332b654	847c1d51-6eb0-4aa7-a627-47d95d2615c0	15	Indicators / side repeaters	f	\N	\N	\N
db7fb933-3bf3-4dc8-8f68-628349a8a2cb	847c1d51-6eb0-4aa7-a627-47d95d2615c0	16	Warning Lamps	f	\N	\N	\N
f9fb39cb-e741-4a36-90c6-d40d64a431a8	847c1d51-6eb0-4aa7-a627-47d95d2615c0	17	Wipers / washers / horn	f	\N	\N	\N
772e23d3-65bc-49f7-8cd0-23d721c423fc	847c1d51-6eb0-4aa7-a627-47d95d2615c0	18	Ad-blue	f	\N	\N	\N
00746313-35c9-400c-a96c-66dfdcfcd989	847c1d51-6eb0-4aa7-a627-47d95d2615c0	19	Windscreen / Glass visibility	f	\N	\N	\N
5689f4a8-463e-4a0a-ba11-9b308fb5cc67	847c1d51-6eb0-4aa7-a627-47d95d2615c0	20	Load security / vehicle height	f	\N	\N	\N
19f46c0f-4a42-4f66-b292-5b4e17723654	2d159b6d-887d-4360-8472-cc5ba8bfdc21	0	Fuel / Oil / Water leaks	f	\N	\N	\N
2c142f18-a019-4c3c-8ab3-a0688de9cd41	2d159b6d-887d-4360-8472-cc5ba8bfdc21	1	Battery Security (condition)	f	\N	\N	\N
2b1a8afb-49e0-492f-b0f1-cebf85b6201e	2d159b6d-887d-4360-8472-cc5ba8bfdc21	2	Tyres / Wheels and wheel fixings	f	\N	\N	\N
6c5b94ba-dda0-4c73-a522-503615faaaac	2d159b6d-887d-4360-8472-cc5ba8bfdc21	3	Registration plates	f	\N	\N	\N
3a9de9f9-db3e-4be9-a596-e172976ad612	2d159b6d-887d-4360-8472-cc5ba8bfdc21	4	Prominent external warning signage	f	\N	\N	\N
30e657d3-4610-4b4e-b384-177594b498cc	2d159b6d-887d-4360-8472-cc5ba8bfdc21	5	Body and wings condition	f	\N	\N	\N
597f7852-822a-426e-a4b3-6abda540b263	2d159b6d-887d-4360-8472-cc5ba8bfdc21	6	Brakes, including ABS / EBS	f	\N	\N	\N
9249ee88-88b6-4dce-b9a7-1dfa555284a1	2d159b6d-887d-4360-8472-cc5ba8bfdc21	7	Air build-up / leaks	f	\N	\N	\N
9b9bcd60-5240-4a38-a072-f97df2ddae7c	2d159b6d-887d-4360-8472-cc5ba8bfdc21	8	Steering	f	\N	\N	\N
f3764e5f-f665-4d80-9503-cf602ec986a9	2d159b6d-887d-4360-8472-cc5ba8bfdc21	9	Mirrors / Class IV (wide angle) / Class V (proximity)	f	\N	\N	\N
80660e62-60e8-4dbb-83dc-2025be3f2fe0	2d159b6d-887d-4360-8472-cc5ba8bfdc21	10	Cameras and detection sensors (if relevant)	f	\N	\N	\N
5b785179-4ee7-4d3f-9d6d-a57485b29045	2d159b6d-887d-4360-8472-cc5ba8bfdc21	11	Cab interior / seat belts	f	\N	\N	\N
d99c17bf-f4df-4bfd-bd60-e43b35451f88	2d159b6d-887d-4360-8472-cc5ba8bfdc21	12	Speedometer / Speed limiter	f	\N	\N	\N
fcf7d167-1881-45f4-89e3-7732a273ff10	2d159b6d-887d-4360-8472-cc5ba8bfdc21	13	Excessive Engine exhaust smoke	f	\N	\N	\N
47fce780-a2b8-46b4-964f-16baa45bddd9	2d159b6d-887d-4360-8472-cc5ba8bfdc21	14	Lights / reflectors / markers	f	\N	\N	\N
07eea104-706f-4716-9779-f899c5a192a1	2d159b6d-887d-4360-8472-cc5ba8bfdc21	15	Indicators / side repeaters	f	\N	\N	\N
4d7b70cc-f341-428b-8863-c377d47dd50d	2d159b6d-887d-4360-8472-cc5ba8bfdc21	16	Warning Lamps	f	\N	\N	\N
c072e54b-0e63-45bf-9342-34435ce8215d	2d159b6d-887d-4360-8472-cc5ba8bfdc21	17	Wipers / washers / horn	f	\N	\N	\N
4c3ffde8-c59d-4289-87ab-1f5b42712b87	2d159b6d-887d-4360-8472-cc5ba8bfdc21	18	Ad-blue	f	\N	\N	\N
6e9c4502-e2a5-49ca-8825-b99fa35ccf02	2d159b6d-887d-4360-8472-cc5ba8bfdc21	19	Windscreen / Glass visibility	f	\N	\N	\N
646b6e26-b1f0-4265-a37a-363fdf23de52	2d159b6d-887d-4360-8472-cc5ba8bfdc21	20	Load security / vehicle height	f	\N	\N	\N
dc138731-0066-4c9a-bb01-521fc29385df	50433ad5-ac0a-4570-a0e0-aaa9bb6ac0da	0	Fuel / Oil / Water leaks	f	\N	\N	\N
c690f0b8-69bc-4b56-9626-ba8d71e36482	50433ad5-ac0a-4570-a0e0-aaa9bb6ac0da	1	Battery Security (condition)	f	\N	\N	\N
0d1fa1bf-c932-4447-a0b1-ccee74e90a01	50433ad5-ac0a-4570-a0e0-aaa9bb6ac0da	2	Tyres / Wheels and wheel fixings	f	\N	\N	\N
56001ce1-1a20-4e5c-8ff9-b70c3f8d6382	50433ad5-ac0a-4570-a0e0-aaa9bb6ac0da	3	Registration plates	f	\N	\N	\N
be6332dd-664b-4484-a201-2b77c13ec244	50433ad5-ac0a-4570-a0e0-aaa9bb6ac0da	4	Prominent external warning signage	f	\N	\N	\N
7bd718d7-277f-49ca-a289-17478e013103	50433ad5-ac0a-4570-a0e0-aaa9bb6ac0da	5	Body and wings condition	f	\N	\N	\N
1de86d17-297a-4fd9-a0d2-5f8a8b4ab54b	50433ad5-ac0a-4570-a0e0-aaa9bb6ac0da	6	Brakes, including ABS / EBS	f	\N	\N	\N
6a3d11cc-2732-47b5-affd-52f55e69a107	50433ad5-ac0a-4570-a0e0-aaa9bb6ac0da	7	Air build-up / leaks	f	\N	\N	\N
57da2da3-211d-4735-aa57-2314c3210f2c	50433ad5-ac0a-4570-a0e0-aaa9bb6ac0da	8	Steering	f	\N	\N	\N
b0b315d8-aafb-4848-af63-0d3708c99ce7	50433ad5-ac0a-4570-a0e0-aaa9bb6ac0da	9	Mirrors / Class IV (wide angle) / Class V (proximity)	f	\N	\N	\N
793279ef-fce1-4ee6-ae00-5158e4b2817c	50433ad5-ac0a-4570-a0e0-aaa9bb6ac0da	10	Cameras and detection sensors (if relevant)	f	\N	\N	\N
05f7dc5c-a060-4da7-8fb0-83ef85057af1	50433ad5-ac0a-4570-a0e0-aaa9bb6ac0da	11	Cab interior / seat belts	f	\N	\N	\N
650aa34c-73a1-4d22-8ab2-80f9320753c6	50433ad5-ac0a-4570-a0e0-aaa9bb6ac0da	12	Speedometer / Speed limiter	f	\N	\N	\N
e83b9282-0d06-41c5-a579-7cc3d1168ace	50433ad5-ac0a-4570-a0e0-aaa9bb6ac0da	13	Excessive Engine exhaust smoke	f	\N	\N	\N
f3874313-7a2d-498f-b6ae-4a5a00e5eacf	50433ad5-ac0a-4570-a0e0-aaa9bb6ac0da	14	Lights / reflectors / markers	f	\N	\N	\N
d9f0e109-fb3f-464f-8f95-b928a4d9f8da	50433ad5-ac0a-4570-a0e0-aaa9bb6ac0da	15	Indicators / side repeaters	f	\N	\N	\N
eadfd725-290f-48fa-b79a-71b667750496	50433ad5-ac0a-4570-a0e0-aaa9bb6ac0da	16	Warning Lamps	f	\N	\N	\N
0306cde6-46f3-43bc-aa22-b9af09e4e11a	50433ad5-ac0a-4570-a0e0-aaa9bb6ac0da	17	Wipers / washers / horn	f	\N	\N	\N
16a02007-6109-48fd-873c-4b3d7258d4ac	50433ad5-ac0a-4570-a0e0-aaa9bb6ac0da	18	Ad-blue	f	\N	\N	\N
e4f811c5-0b22-43a3-9ea1-36b06cc5edd3	50433ad5-ac0a-4570-a0e0-aaa9bb6ac0da	19	Windscreen / Glass visibility	f	\N	\N	\N
44043720-db8d-45d1-ab9f-10f4f3d69f70	50433ad5-ac0a-4570-a0e0-aaa9bb6ac0da	20	Load security / vehicle height	f	\N	\N	\N
9b5160b6-04bf-4c0c-a299-81dcee724f9e	dcb57e65-9eea-4d6e-8a96-3fa099490c3b	0	Fuel / Oil / Water leaks	f	\N	\N	\N
3b9763fe-8815-4874-ac9b-0c03e2ed7485	dcb57e65-9eea-4d6e-8a96-3fa099490c3b	1	Battery Security (condition)	f	\N	\N	\N
c8b57866-c92c-4970-9337-d820bcd968d8	dcb57e65-9eea-4d6e-8a96-3fa099490c3b	2	Tyres / Wheels and wheel fixings	f	\N	\N	\N
1cdd70b2-f039-4aca-81fe-d567934e2d6f	dcb57e65-9eea-4d6e-8a96-3fa099490c3b	3	Registration plates	f	\N	\N	\N
98905d79-f011-4caf-8de5-b337a917215f	dcb57e65-9eea-4d6e-8a96-3fa099490c3b	4	Prominent external warning signage	f	\N	\N	\N
458dd3ee-dfce-4a75-b05b-748a0ddc1be5	dcb57e65-9eea-4d6e-8a96-3fa099490c3b	5	Body and wings condition	f	\N	\N	\N
a4c2c1b0-8b28-45d8-85f5-3024f97c02bb	dcb57e65-9eea-4d6e-8a96-3fa099490c3b	6	Brakes, including ABS / EBS	f	\N	\N	\N
110fbdf0-d498-403e-ab4d-4dd50ed4e9f6	dcb57e65-9eea-4d6e-8a96-3fa099490c3b	7	Air build-up / leaks	f	\N	\N	\N
871ea42a-a0c2-4f21-b8e0-e5876e3cae79	dcb57e65-9eea-4d6e-8a96-3fa099490c3b	8	Steering	f	\N	\N	\N
0ac2bb69-d0c6-4ada-9642-cd35b1186d93	dcb57e65-9eea-4d6e-8a96-3fa099490c3b	9	Mirrors / Class IV (wide angle) / Class V (proximity)	f	\N	\N	\N
189123be-15ea-4c31-b022-209acb63f74c	dcb57e65-9eea-4d6e-8a96-3fa099490c3b	10	Cameras and detection sensors (if relevant)	f	\N	\N	\N
c39b16dd-91e5-4316-9c1c-e1f5b5b0721a	dcb57e65-9eea-4d6e-8a96-3fa099490c3b	11	Cab interior / seat belts	f	\N	\N	\N
77d431fb-0fb9-4b53-b806-96414b70a1a8	dcb57e65-9eea-4d6e-8a96-3fa099490c3b	12	Speedometer / Speed limiter	f	\N	\N	\N
5fa6a43e-7dc6-4890-9b03-7a71efee9458	dcb57e65-9eea-4d6e-8a96-3fa099490c3b	13	Excessive Engine exhaust smoke	f	\N	\N	\N
f772eb51-a7d6-4cca-a0f3-1638b991fc9a	dcb57e65-9eea-4d6e-8a96-3fa099490c3b	14	Lights / reflectors / markers	f	\N	\N	\N
0277015b-2853-4463-b0b9-736b1595ee3a	dcb57e65-9eea-4d6e-8a96-3fa099490c3b	15	Indicators / side repeaters	f	\N	\N	\N
087992b3-4994-4c89-be8b-3c461501d8fd	dcb57e65-9eea-4d6e-8a96-3fa099490c3b	16	Warning Lamps	f	\N	\N	\N
66966aa5-7ec7-424f-ae0c-68ac33d24868	dcb57e65-9eea-4d6e-8a96-3fa099490c3b	17	Wipers / washers / horn	f	\N	\N	\N
c8b3a9eb-cd5a-482c-b0f6-e8802144e41f	dcb57e65-9eea-4d6e-8a96-3fa099490c3b	18	Ad-blue	f	\N	\N	\N
b6a95c88-bec7-42a1-8441-bf441e252e0c	dcb57e65-9eea-4d6e-8a96-3fa099490c3b	19	Windscreen / Glass visibility	f	\N	\N	\N
b37ba94f-96a4-4ebb-80d2-c4b38b13dbe3	dcb57e65-9eea-4d6e-8a96-3fa099490c3b	20	Load security / vehicle height	f	\N	\N	\N
4a490a97-87fa-4880-be91-15ab766b927b	33a806ff-e77e-4379-8f0f-76fb8b447acd	0	Fuel / Oil / Water leaks	f	\N	\N	\N
5e33edf2-f5ab-42a4-8d40-3933febfddfa	33a806ff-e77e-4379-8f0f-76fb8b447acd	1	Battery Security (condition)	f	\N	\N	\N
514a9726-ade7-4ff1-9562-d190ba603816	33a806ff-e77e-4379-8f0f-76fb8b447acd	2	Tyres / Wheels and wheel fixings	f	\N	\N	\N
6ec18cae-a806-4875-9397-18ae11dd08d8	33a806ff-e77e-4379-8f0f-76fb8b447acd	3	Registration plates	f	\N	\N	\N
f7f8ef86-c8ac-4498-a46c-c9af0dde7b9c	33a806ff-e77e-4379-8f0f-76fb8b447acd	4	Prominent external warning signage	f	\N	\N	\N
7a607963-d73e-4ada-bdfc-abd163f939fa	33a806ff-e77e-4379-8f0f-76fb8b447acd	5	Body and wings condition	f	\N	\N	\N
82c1e8c2-ddd5-43a5-a9b1-6fa0263b4f49	33a806ff-e77e-4379-8f0f-76fb8b447acd	6	Brakes, including ABS / EBS	f	\N	\N	\N
a8254bd4-dd1b-4642-a3c2-6d062b690940	33a806ff-e77e-4379-8f0f-76fb8b447acd	7	Air build-up / leaks	f	\N	\N	\N
9fe34fc4-7bf2-4c57-a079-57adde96e896	33a806ff-e77e-4379-8f0f-76fb8b447acd	8	Steering	f	\N	\N	\N
96c58df5-b0e7-499b-bbfa-af615b0f2ffe	33a806ff-e77e-4379-8f0f-76fb8b447acd	9	Mirrors / Class IV (wide angle) / Class V (proximity)	f	\N	\N	\N
e3af5038-36ec-4141-bab6-82592f694726	33a806ff-e77e-4379-8f0f-76fb8b447acd	10	Cameras and detection sensors (if relevant)	f	\N	\N	\N
15c827b7-2345-43f7-9a92-db31892fb3d5	33a806ff-e77e-4379-8f0f-76fb8b447acd	11	Cab interior / seat belts	f	\N	\N	\N
5416686e-3341-4369-9193-b365ebd6ef35	33a806ff-e77e-4379-8f0f-76fb8b447acd	12	Speedometer / Speed limiter	f	\N	\N	\N
382279db-ed46-49a0-9de4-355c4437717f	33a806ff-e77e-4379-8f0f-76fb8b447acd	13	Excessive Engine exhaust smoke	f	\N	\N	\N
5db5d89c-cf73-48e1-a0d2-2b92ee764811	33a806ff-e77e-4379-8f0f-76fb8b447acd	14	Lights / reflectors / markers	f	\N	\N	\N
0ab638f6-e82f-4105-a764-7652497091ce	33a806ff-e77e-4379-8f0f-76fb8b447acd	15	Indicators / side repeaters	f	\N	\N	\N
6353bd3c-e1c7-4868-b061-71cb33565186	33a806ff-e77e-4379-8f0f-76fb8b447acd	16	Warning Lamps	f	\N	\N	\N
6314ac43-89d3-4382-97e7-ff4f7ab43ef6	33a806ff-e77e-4379-8f0f-76fb8b447acd	17	Wipers / washers / horn	f	\N	\N	\N
c420e5d5-0a5e-4898-b01c-2286dc10ce20	33a806ff-e77e-4379-8f0f-76fb8b447acd	18	Ad-blue	f	\N	\N	\N
175fc024-73db-4a00-ae59-6979ab0aca1f	33a806ff-e77e-4379-8f0f-76fb8b447acd	19	Windscreen / Glass visibility	f	\N	\N	\N
e87b0474-5883-4a1c-97c4-ead5ce7bbf44	33a806ff-e77e-4379-8f0f-76fb8b447acd	20	Load security / vehicle height	f	\N	\N	\N
3c313ee8-342e-4118-80fa-ba5b2aeccf71	ba259965-7bee-4a7c-966b-215914dc1c4b	0	Fuel / Oil / Water leaks	f	\N	\N	\N
48f437d3-0425-4ff5-9d0d-edeb0f327c8f	ba259965-7bee-4a7c-966b-215914dc1c4b	1	Battery Security (condition)	f	\N	\N	\N
03b49db4-8a22-4739-8f97-fd1eb2d7a089	ba259965-7bee-4a7c-966b-215914dc1c4b	2	Tyres / Wheels and wheel fixings	f	\N	\N	\N
73ca483c-f1dc-498b-9215-d2ec1675c078	ba259965-7bee-4a7c-966b-215914dc1c4b	3	Registration plates	f	\N	\N	\N
bbddda71-6eec-4ce2-94e6-eb8c41ff91d8	ba259965-7bee-4a7c-966b-215914dc1c4b	4	Prominent external warning signage	f	\N	\N	\N
b0126278-74c6-44cd-92a3-225d2c388c5b	ba259965-7bee-4a7c-966b-215914dc1c4b	5	Body and wings condition	f	\N	\N	\N
8637f832-c5f9-4b26-accc-89773034afda	ba259965-7bee-4a7c-966b-215914dc1c4b	6	Brakes, including ABS / EBS	f	\N	\N	\N
2ebe45e3-a891-44fa-ae7a-99f726d8c8cf	ba259965-7bee-4a7c-966b-215914dc1c4b	7	Air build-up / leaks	f	\N	\N	\N
5852bbca-382a-4751-b9fe-5fbfb6e9b0b6	ba259965-7bee-4a7c-966b-215914dc1c4b	8	Steering	f	\N	\N	\N
46d9cf8c-38f1-45f6-88a1-c163f8261932	ba259965-7bee-4a7c-966b-215914dc1c4b	9	Mirrors / Class IV (wide angle) / Class V (proximity)	f	\N	\N	\N
b159db42-c14f-4a93-b4f3-1f3f02091c46	ba259965-7bee-4a7c-966b-215914dc1c4b	10	Cameras and detection sensors (if relevant)	f	\N	\N	\N
8086dccc-804a-4ffd-b08b-7d00e7a99faa	ba259965-7bee-4a7c-966b-215914dc1c4b	11	Cab interior / seat belts	f	\N	\N	\N
726bbdd7-d012-4628-b1fd-7597a68150b7	ba259965-7bee-4a7c-966b-215914dc1c4b	12	Speedometer / Speed limiter	f	\N	\N	\N
1723d711-c75b-4210-a184-77279e348929	ba259965-7bee-4a7c-966b-215914dc1c4b	13	Excessive Engine exhaust smoke	f	\N	\N	\N
e5ddd13d-36ca-447e-9a74-fb2a8f984ea7	ba259965-7bee-4a7c-966b-215914dc1c4b	14	Lights / reflectors / markers	f	\N	\N	\N
157387d0-b679-4647-8e03-c6eb1c5cdc96	ba259965-7bee-4a7c-966b-215914dc1c4b	15	Indicators / side repeaters	f	\N	\N	\N
c37d25b1-8079-4089-b7a9-b92e922d4cc1	ba259965-7bee-4a7c-966b-215914dc1c4b	16	Warning Lamps	f	\N	\N	\N
4c801f45-d197-4cce-8814-a9d63de5ef76	ba259965-7bee-4a7c-966b-215914dc1c4b	17	Wipers / washers / horn	f	\N	\N	\N
c3dd9773-594b-4d72-aaaf-842283f3b0fa	ba259965-7bee-4a7c-966b-215914dc1c4b	18	Ad-blue	f	\N	\N	\N
4785efc0-a143-4c87-895a-550ff244c6f7	ba259965-7bee-4a7c-966b-215914dc1c4b	19	Windscreen / Glass visibility	f	\N	\N	\N
c1ad0c39-bfe3-4fb5-bd1e-5291f7d351d6	ba259965-7bee-4a7c-966b-215914dc1c4b	20	Load security / vehicle height	f	\N	\N	\N
1fa07a90-d2cf-43d9-a3ba-799972d18e5f	cb1abbf4-1ff4-466f-9a33-359fa125f59a	0	Fuel / Oil / Water leaks	f	\N	\N	\N
39be6353-a309-4eca-9e7a-387d1011737d	cb1abbf4-1ff4-466f-9a33-359fa125f59a	1	Battery Security (condition)	f	\N	\N	\N
5b15e66f-d53c-4f96-b0ae-74fa9708bc07	cb1abbf4-1ff4-466f-9a33-359fa125f59a	2	Tyres / Wheels and wheel fixings	f	\N	\N	\N
56da3b76-1a12-4cd5-a311-fae16aa6fcc3	cb1abbf4-1ff4-466f-9a33-359fa125f59a	3	Registration plates	f	\N	\N	\N
15766319-6a66-4eb5-a1d3-9c299c84f652	cb1abbf4-1ff4-466f-9a33-359fa125f59a	4	Prominent external warning signage	f	\N	\N	\N
8bb1ccc8-ec31-4bf5-a507-6f65e10d2a96	cb1abbf4-1ff4-466f-9a33-359fa125f59a	5	Body and wings condition	f	\N	\N	\N
eed3cd9c-e31c-4b21-95a8-04154152acc2	cb1abbf4-1ff4-466f-9a33-359fa125f59a	6	Brakes, including ABS / EBS	f	\N	\N	\N
86033062-5210-443d-be4e-7407afefdd1e	cb1abbf4-1ff4-466f-9a33-359fa125f59a	7	Air build-up / leaks	f	\N	\N	\N
19bd8878-4c99-4600-b3a8-f99592feb473	cb1abbf4-1ff4-466f-9a33-359fa125f59a	8	Steering	f	\N	\N	\N
a875c526-015d-436d-bc4a-84231477296c	cb1abbf4-1ff4-466f-9a33-359fa125f59a	9	Mirrors / Class IV (wide angle) / Class V (proximity)	f	\N	\N	\N
eb29da37-db3f-4efb-889b-f11a8ec06899	cb1abbf4-1ff4-466f-9a33-359fa125f59a	10	Cameras and detection sensors (if relevant)	f	\N	\N	\N
194d7bd7-0e12-4586-ab2d-1ed2f36d0d57	cb1abbf4-1ff4-466f-9a33-359fa125f59a	11	Cab interior / seat belts	f	\N	\N	\N
0e67ce07-6de1-4999-95bf-5ee796521032	cb1abbf4-1ff4-466f-9a33-359fa125f59a	12	Speedometer / Speed limiter	f	\N	\N	\N
7c82b5d2-5f8b-4944-b204-f291741ced55	cb1abbf4-1ff4-466f-9a33-359fa125f59a	13	Excessive Engine exhaust smoke	f	\N	\N	\N
4296756f-84f5-4259-a37e-97445ca75128	cb1abbf4-1ff4-466f-9a33-359fa125f59a	14	Lights / reflectors / markers	f	\N	\N	\N
4f44c2ab-18d0-4726-a074-6d4dd184783c	cb1abbf4-1ff4-466f-9a33-359fa125f59a	15	Indicators / side repeaters	f	\N	\N	\N
e5cf714f-672c-4174-a358-a4deec8ddc1a	cb1abbf4-1ff4-466f-9a33-359fa125f59a	16	Warning Lamps	f	\N	\N	\N
932d914f-7d2c-4ca5-9762-72735ee51437	cb1abbf4-1ff4-466f-9a33-359fa125f59a	17	Wipers / washers / horn	f	\N	\N	\N
7584e669-79e7-4588-b694-c5b92fb25e35	cb1abbf4-1ff4-466f-9a33-359fa125f59a	18	Ad-blue	f	\N	\N	\N
d5619f99-b270-4586-b161-51ad4f38c306	cb1abbf4-1ff4-466f-9a33-359fa125f59a	19	Windscreen / Glass visibility	f	\N	\N	\N
fd80f90b-f186-4249-b356-35e19f6d05bb	cb1abbf4-1ff4-466f-9a33-359fa125f59a	20	Load security / vehicle height	f	\N	\N	\N
c1c7b3f5-76df-4565-99cd-390eb80e67f9	7b741e25-8dea-404e-8677-fe49907942d8	0	Fuel / Oil / Water leaks	f	\N	\N	\N
66a3d501-83b9-4751-b9bb-5a7a032bd88c	7b741e25-8dea-404e-8677-fe49907942d8	1	Battery Security (condition)	f	\N	\N	\N
ab3a3d51-d694-40f9-b2e1-da3e9b27cd51	7b741e25-8dea-404e-8677-fe49907942d8	2	Tyres / Wheels and wheel fixings	f	\N	\N	\N
ba6c7550-7dec-4df1-8fba-f944718e045e	7b741e25-8dea-404e-8677-fe49907942d8	3	Registration plates	f	\N	\N	\N
5198fbc5-d3b9-44c1-9cbf-edfe2b20f9fb	7b741e25-8dea-404e-8677-fe49907942d8	4	Prominent external warning signage	f	\N	\N	\N
ffa90708-ddaf-4ce1-a0b3-dc7a9ddce048	7b741e25-8dea-404e-8677-fe49907942d8	5	Body and wings condition	f	\N	\N	\N
6ea85ffd-bbd4-4755-bd43-eb4946746272	7b741e25-8dea-404e-8677-fe49907942d8	6	Brakes, including ABS / EBS	f	\N	\N	\N
542516f9-f30a-443e-a216-23317f44d8f3	7b741e25-8dea-404e-8677-fe49907942d8	7	Air build-up / leaks	f	\N	\N	\N
4553d715-639e-49d1-ba9f-e50c9b3eb910	7b741e25-8dea-404e-8677-fe49907942d8	8	Steering	f	\N	\N	\N
69be48db-a84d-4493-ad2a-9ab9b0099962	7b741e25-8dea-404e-8677-fe49907942d8	9	Mirrors / Class IV (wide angle) / Class V (proximity)	f	\N	\N	\N
f51a98a4-5753-40f1-99ec-73fff6d63113	7b741e25-8dea-404e-8677-fe49907942d8	10	Cameras and detection sensors (if relevant)	f	\N	\N	\N
f2d52849-71a1-469c-9838-5faf75c8b4da	7b741e25-8dea-404e-8677-fe49907942d8	11	Cab interior / seat belts	f	\N	\N	\N
2badb14c-571d-445f-a171-2f4e8844243d	7b741e25-8dea-404e-8677-fe49907942d8	12	Speedometer / Speed limiter	f	\N	\N	\N
b2ea5eb0-610b-4ee6-824b-b441ff28ecfc	7b741e25-8dea-404e-8677-fe49907942d8	13	Excessive Engine exhaust smoke	f	\N	\N	\N
0d7f2500-b044-42a9-b671-ebbb4c29bb54	7b741e25-8dea-404e-8677-fe49907942d8	14	Lights / reflectors / markers	f	\N	\N	\N
d4183d54-3123-4470-9588-0f89d2be75d9	7b741e25-8dea-404e-8677-fe49907942d8	15	Indicators / side repeaters	f	\N	\N	\N
97e87fa5-2d9b-43df-bd04-ce2401b4bd02	7b741e25-8dea-404e-8677-fe49907942d8	16	Warning Lamps	f	\N	\N	\N
3dfd30e5-58b0-49a6-bb93-ee7a8853cada	7b741e25-8dea-404e-8677-fe49907942d8	17	Wipers / washers / horn	f	\N	\N	\N
18385346-09ea-4e78-ad28-0cd018779619	7b741e25-8dea-404e-8677-fe49907942d8	18	Ad-blue	f	\N	\N	\N
800d1bec-13d6-4530-b222-4ec80d6d7f28	7b741e25-8dea-404e-8677-fe49907942d8	19	Windscreen / Glass visibility	f	\N	\N	\N
6600760e-5faf-46af-96e9-dda63599c2d9	7b741e25-8dea-404e-8677-fe49907942d8	20	Load security / vehicle height	f	\N	\N	\N
4d7d63c6-0eb2-441c-8edc-6a0f95df058b	9ec48a3e-a568-4f7d-a94b-7b088e75f1ce	0	Fuel / Oil / Water leaks	f	\N	\N	\N
9253d55b-4bb0-419c-877a-9676b3ddc15d	9ec48a3e-a568-4f7d-a94b-7b088e75f1ce	1	Battery Security (condition)	f	\N	\N	\N
f1168b8f-651c-455f-889d-7bec73e4173c	9ec48a3e-a568-4f7d-a94b-7b088e75f1ce	2	Tyres / Wheels and wheel fixings	f	\N	\N	\N
d2bc37e3-60d4-444f-8335-27247aa03cde	9ec48a3e-a568-4f7d-a94b-7b088e75f1ce	3	Registration plates	f	\N	\N	\N
d5defc5d-ba65-4d27-a726-566106d6ef87	9ec48a3e-a568-4f7d-a94b-7b088e75f1ce	4	Prominent external warning signage	f	\N	\N	\N
3c6d6e6b-d001-492a-a92b-7aebc3676a3f	9ec48a3e-a568-4f7d-a94b-7b088e75f1ce	5	Body and wings condition	f	\N	\N	\N
77f97cb0-c364-4f7c-86c4-81aebf5133da	9ec48a3e-a568-4f7d-a94b-7b088e75f1ce	6	Brakes, including ABS / EBS	f	\N	\N	\N
43f8cc07-b1e1-4317-a077-e0a9c826c149	9ec48a3e-a568-4f7d-a94b-7b088e75f1ce	7	Air build-up / leaks	f	\N	\N	\N
533eac86-b824-465d-83c3-0cb1246990f9	9ec48a3e-a568-4f7d-a94b-7b088e75f1ce	8	Steering	f	\N	\N	\N
4f179f31-723e-4d79-bc7f-c89ed337fddf	9ec48a3e-a568-4f7d-a94b-7b088e75f1ce	9	Mirrors / Class IV (wide angle) / Class V (proximity)	f	\N	\N	\N
77f9f665-198b-46f9-9003-54c9b17c068f	9ec48a3e-a568-4f7d-a94b-7b088e75f1ce	10	Cameras and detection sensors (if relevant)	f	\N	\N	\N
d0953ae7-870e-4a41-abb8-3c186a9aa5cf	9ec48a3e-a568-4f7d-a94b-7b088e75f1ce	11	Cab interior / seat belts	f	\N	\N	\N
d69dbf22-8e11-488c-8f55-7a05826b3e23	9ec48a3e-a568-4f7d-a94b-7b088e75f1ce	12	Speedometer / Speed limiter	f	\N	\N	\N
3ae14e40-ec56-4ef1-9d59-fccc9e5ef77d	9ec48a3e-a568-4f7d-a94b-7b088e75f1ce	13	Excessive Engine exhaust smoke	f	\N	\N	\N
b8115cf0-93c7-4e51-8c6f-8787aa28cffd	9ec48a3e-a568-4f7d-a94b-7b088e75f1ce	14	Lights / reflectors / markers	f	\N	\N	\N
341cb9f8-108b-4688-a4dc-cdc1bfadce4b	9ec48a3e-a568-4f7d-a94b-7b088e75f1ce	15	Indicators / side repeaters	f	\N	\N	\N
1e8fe1eb-39f5-496f-9d95-4f71a1fd4711	9ec48a3e-a568-4f7d-a94b-7b088e75f1ce	16	Warning Lamps	f	\N	\N	\N
29ff189c-3f46-427c-83cc-ce19c49e5243	9ec48a3e-a568-4f7d-a94b-7b088e75f1ce	17	Wipers / washers / horn	f	\N	\N	\N
710d4f36-ec6a-4a3f-90e8-a5084a25ef77	9ec48a3e-a568-4f7d-a94b-7b088e75f1ce	18	Ad-blue	f	\N	\N	\N
9b81fff7-cc6a-4dd6-8b8b-d06efcdce868	9ec48a3e-a568-4f7d-a94b-7b088e75f1ce	19	Windscreen / Glass visibility	f	\N	\N	\N
8473c781-dac2-4b68-a663-e98ec362c9ab	9ec48a3e-a568-4f7d-a94b-7b088e75f1ce	20	Load security / vehicle height	f	\N	\N	\N
a0aa95bd-f02c-4ea1-b7bc-99bc2ba494cc	de9683f5-404b-4933-b3cf-38d3a3be7477	0	Fuel / Oil / Water leaks	f	\N	\N	\N
9fb7b453-63bb-4cb1-9a66-36453f3e62e5	de9683f5-404b-4933-b3cf-38d3a3be7477	1	Battery Security (condition)	f	\N	\N	\N
1fc324e4-7563-43a8-b2a0-4e29c5e85416	de9683f5-404b-4933-b3cf-38d3a3be7477	2	Tyres / Wheels and wheel fixings	f	\N	\N	\N
f8337d5c-0b2f-4c7e-a18e-35645a82e57f	de9683f5-404b-4933-b3cf-38d3a3be7477	3	Registration plates	f	\N	\N	\N
c9703707-b80a-48e7-9735-30f4b3d46df8	de9683f5-404b-4933-b3cf-38d3a3be7477	4	Prominent external warning signage	f	\N	\N	\N
1709099a-1fbf-4556-b053-ff6f9906e440	de9683f5-404b-4933-b3cf-38d3a3be7477	5	Body and wings condition	f	\N	\N	\N
e064b127-b4af-468a-b994-aec29b9f1076	de9683f5-404b-4933-b3cf-38d3a3be7477	6	Brakes, including ABS / EBS	f	\N	\N	\N
63f4d48f-f2b3-4140-973c-6dc80e0816d9	de9683f5-404b-4933-b3cf-38d3a3be7477	7	Air build-up / leaks	f	\N	\N	\N
613c7fdb-0189-443e-b457-1266b645172f	de9683f5-404b-4933-b3cf-38d3a3be7477	8	Steering	f	\N	\N	\N
02b6a2ce-205f-4431-b2a0-001b325f6294	de9683f5-404b-4933-b3cf-38d3a3be7477	9	Mirrors / Class IV (wide angle) / Class V (proximity)	f	\N	\N	\N
2e35bd6b-db95-46d6-8161-f7da971db092	de9683f5-404b-4933-b3cf-38d3a3be7477	10	Cameras and detection sensors (if relevant)	f	\N	\N	\N
d1b18156-5b88-4129-a188-fc44aa4f88c5	de9683f5-404b-4933-b3cf-38d3a3be7477	11	Cab interior / seat belts	f	\N	\N	\N
20a02363-d313-4779-8b04-505ef0f11b14	de9683f5-404b-4933-b3cf-38d3a3be7477	12	Speedometer / Speed limiter	f	\N	\N	\N
3056b7a3-45ea-40da-a1cb-e70a770d7340	de9683f5-404b-4933-b3cf-38d3a3be7477	13	Excessive Engine exhaust smoke	f	\N	\N	\N
dba7f874-2b8d-43bc-a6fc-da6a5e4115c1	de9683f5-404b-4933-b3cf-38d3a3be7477	14	Lights / reflectors / markers	f	\N	\N	\N
e24aab56-20a6-411b-9e9a-9629812da5ba	de9683f5-404b-4933-b3cf-38d3a3be7477	15	Indicators / side repeaters	f	\N	\N	\N
b0362689-2a93-4a29-8ee2-afe2f84b7f03	de9683f5-404b-4933-b3cf-38d3a3be7477	16	Warning Lamps	f	\N	\N	\N
7185679a-cbfc-4508-8dbe-d3b10fba597b	de9683f5-404b-4933-b3cf-38d3a3be7477	17	Wipers / washers / horn	f	\N	\N	\N
56ff6f35-309f-46ee-bffa-97b423280bcf	de9683f5-404b-4933-b3cf-38d3a3be7477	18	Ad-blue	f	\N	\N	\N
4d24cbba-7a8a-4911-9d89-9ce0e7532085	de9683f5-404b-4933-b3cf-38d3a3be7477	19	Windscreen / Glass visibility	f	\N	\N	\N
536a7866-a6f0-47bc-b9e8-b0ed131d7de3	de9683f5-404b-4933-b3cf-38d3a3be7477	20	Load security / vehicle height	f	\N	\N	\N
763b2431-909c-498c-bc50-360ff8ff893a	c91c0ca2-5bfb-4d49-b305-e41120c38042	0	Fuel / Oil / Water leaks	f	\N	\N	\N
2dfa66cf-9608-460c-94b7-db349b2e90a5	c91c0ca2-5bfb-4d49-b305-e41120c38042	1	Battery Security (condition)	f	\N	\N	\N
cd95c8e8-3122-4505-924c-79866879996f	c91c0ca2-5bfb-4d49-b305-e41120c38042	2	Tyres / Wheels and wheel fixings	f	\N	\N	\N
be601eec-521f-4a87-8c49-99582dadbcc6	c91c0ca2-5bfb-4d49-b305-e41120c38042	3	Registration plates	f	\N	\N	\N
0c48fe93-d297-4aaf-adfa-c6c8a1cb7633	c91c0ca2-5bfb-4d49-b305-e41120c38042	4	Prominent external warning signage	f	\N	\N	\N
252d3aac-970a-436a-8053-504170c5347e	c91c0ca2-5bfb-4d49-b305-e41120c38042	5	Body and wings condition	f	\N	\N	\N
be696d5e-bae4-4b7f-985b-5a5337142595	c91c0ca2-5bfb-4d49-b305-e41120c38042	6	Brakes, including ABS / EBS	f	\N	\N	\N
a71f8976-5817-494a-a5ef-81c1e9394ab1	c91c0ca2-5bfb-4d49-b305-e41120c38042	7	Air build-up / leaks	f	\N	\N	\N
6d146a43-a61a-440a-8ffb-741ef4e6e96a	c91c0ca2-5bfb-4d49-b305-e41120c38042	8	Steering	f	\N	\N	\N
e708279a-52b6-4493-9073-2d1b7813e93e	c91c0ca2-5bfb-4d49-b305-e41120c38042	9	Mirrors / Class IV (wide angle) / Class V (proximity)	f	\N	\N	\N
b999a8c3-5cfc-4d8f-9dda-62f602894ab7	c91c0ca2-5bfb-4d49-b305-e41120c38042	10	Cameras and detection sensors (if relevant)	f	\N	\N	\N
12750c7b-2711-42f1-816f-e2e7ba1d96b4	c91c0ca2-5bfb-4d49-b305-e41120c38042	11	Cab interior / seat belts	f	\N	\N	\N
5ef65086-690c-4149-9674-2e2c11af36fd	c91c0ca2-5bfb-4d49-b305-e41120c38042	12	Speedometer / Speed limiter	f	\N	\N	\N
8f6d5523-b09a-444b-bfd3-1ba915799cb1	c91c0ca2-5bfb-4d49-b305-e41120c38042	13	Excessive Engine exhaust smoke	f	\N	\N	\N
f06515cd-7788-41dd-bcc3-75cd13308c41	c91c0ca2-5bfb-4d49-b305-e41120c38042	14	Lights / reflectors / markers	f	\N	\N	\N
e2899bd8-9bcf-4a8d-a921-9b09f3806abd	c91c0ca2-5bfb-4d49-b305-e41120c38042	15	Indicators / side repeaters	f	\N	\N	\N
ba7c297a-c17c-44a4-9e8e-3d7ce2a999b4	c91c0ca2-5bfb-4d49-b305-e41120c38042	16	Warning Lamps	f	\N	\N	\N
3a1ba099-3dbe-433a-9f87-359765efb0c8	c91c0ca2-5bfb-4d49-b305-e41120c38042	17	Wipers / washers / horn	f	\N	\N	\N
64e796a5-f9c7-481e-bb84-a8373e1fbe54	c91c0ca2-5bfb-4d49-b305-e41120c38042	18	Ad-blue	f	\N	\N	\N
c21e08bd-8995-4ddb-a5c6-3952605982c6	c91c0ca2-5bfb-4d49-b305-e41120c38042	19	Windscreen / Glass visibility	f	\N	\N	\N
beb6325b-304f-493f-9490-c4ee27f43733	c91c0ca2-5bfb-4d49-b305-e41120c38042	20	Load security / vehicle height	f	\N	\N	\N
365144dc-d3c6-42e3-a062-9bfb3501377b	28f38347-9358-49f6-804c-341a4ad61cd3	0	Fuel / Oil / Water leaks	f	\N	\N	\N
0fa50d49-ead3-4498-9f69-5873e4a6d83b	28f38347-9358-49f6-804c-341a4ad61cd3	1	Battery Security (condition)	f	\N	\N	\N
4932dd1b-5846-49e6-b826-6aa9af7a51cd	28f38347-9358-49f6-804c-341a4ad61cd3	2	Tyres / Wheels and wheel fixings	f	\N	\N	\N
ec3b43c0-4cff-45e5-b028-e2fac1c7ff91	28f38347-9358-49f6-804c-341a4ad61cd3	3	Registration plates	f	\N	\N	\N
904a1bad-582f-404a-bee0-917ff4567bc2	28f38347-9358-49f6-804c-341a4ad61cd3	4	Prominent external warning signage	f	\N	\N	\N
5dd9c348-684c-4ba8-8082-0ea70867a56f	28f38347-9358-49f6-804c-341a4ad61cd3	5	Body and wings condition	f	\N	\N	\N
c84a1edd-5bcb-4803-91c3-d25b2fbfd1b0	28f38347-9358-49f6-804c-341a4ad61cd3	6	Brakes, including ABS / EBS	f	\N	\N	\N
7b39a477-dd83-4063-89f0-bab38ef67c70	28f38347-9358-49f6-804c-341a4ad61cd3	7	Air build-up / leaks	f	\N	\N	\N
c36a2a59-a3dc-4d68-905c-87539602d42b	28f38347-9358-49f6-804c-341a4ad61cd3	8	Steering	f	\N	\N	\N
dbe9d7d5-2434-4f1c-a78a-f32ba1bd15f2	28f38347-9358-49f6-804c-341a4ad61cd3	9	Mirrors / Class IV (wide angle) / Class V (proximity)	f	\N	\N	\N
d766b575-1efe-430e-b903-0f6491e36f4b	28f38347-9358-49f6-804c-341a4ad61cd3	10	Cameras and detection sensors (if relevant)	f	\N	\N	\N
fbad607e-7006-466e-a104-772ad5bc0b7c	28f38347-9358-49f6-804c-341a4ad61cd3	11	Cab interior / seat belts	f	\N	\N	\N
3d297e4b-8706-44dd-b57d-d4f792a5141a	28f38347-9358-49f6-804c-341a4ad61cd3	12	Speedometer / Speed limiter	f	\N	\N	\N
60a6e193-0840-4f55-8008-74fc1dc99913	28f38347-9358-49f6-804c-341a4ad61cd3	13	Excessive Engine exhaust smoke	f	\N	\N	\N
0288bf11-aca8-422d-a5f6-65c069079d30	28f38347-9358-49f6-804c-341a4ad61cd3	14	Lights / reflectors / markers	f	\N	\N	\N
798692c1-41cd-4eb9-a7d2-11bc7de44d9c	28f38347-9358-49f6-804c-341a4ad61cd3	15	Indicators / side repeaters	f	\N	\N	\N
e5b5938f-f894-457b-ad38-27c97c9fe0c0	28f38347-9358-49f6-804c-341a4ad61cd3	16	Warning Lamps	f	\N	\N	\N
139b7997-132d-46d7-869c-0b4ea643957d	28f38347-9358-49f6-804c-341a4ad61cd3	17	Wipers / washers / horn	f	\N	\N	\N
5b5b9d95-b860-4f0a-8584-123eaa918b57	28f38347-9358-49f6-804c-341a4ad61cd3	18	Ad-blue	f	\N	\N	\N
18c94702-ee84-4389-894d-2d29b4fd87db	28f38347-9358-49f6-804c-341a4ad61cd3	19	Windscreen / Glass visibility	f	\N	\N	\N
cb2eb0f8-5f49-46f7-95e0-ace134a995ae	28f38347-9358-49f6-804c-341a4ad61cd3	20	Load security / vehicle height	f	\N	\N	\N
de32985f-e776-4839-bf2c-2767ec91687d	30ec2622-ebdb-41d3-9384-bf8ba63f5b90	0	Fuel / Oil / Water leaks	f	\N	\N	\N
3140a9f0-88c3-4a3c-b4d8-9f22537585ff	30ec2622-ebdb-41d3-9384-bf8ba63f5b90	1	Battery Security (condition)	f	\N	\N	\N
680fa74f-de30-4b20-a725-7712a28c0850	30ec2622-ebdb-41d3-9384-bf8ba63f5b90	2	Tyres / Wheels and wheel fixings	f	\N	\N	\N
95f12034-4b78-41a7-ac0b-a539260aa80b	30ec2622-ebdb-41d3-9384-bf8ba63f5b90	3	Registration plates	f	\N	\N	\N
0670d414-056e-4907-9c2d-4081ec810dbb	30ec2622-ebdb-41d3-9384-bf8ba63f5b90	4	Prominent external warning signage	f	\N	\N	\N
ed3c821b-99ff-493d-a0c7-b0b0610811ab	30ec2622-ebdb-41d3-9384-bf8ba63f5b90	5	Body and wings condition	f	\N	\N	\N
8edab5d5-ebea-4b2d-84a6-08ec3612326f	30ec2622-ebdb-41d3-9384-bf8ba63f5b90	6	Brakes, including ABS / EBS	f	\N	\N	\N
11a7a421-2030-4788-ba1d-6959f2067dba	30ec2622-ebdb-41d3-9384-bf8ba63f5b90	7	Air build-up / leaks	f	\N	\N	\N
f9a36774-2154-40d2-b534-44da482fd66d	30ec2622-ebdb-41d3-9384-bf8ba63f5b90	8	Steering	f	\N	\N	\N
aba75feb-65c0-4d72-96e7-0f33f00fd2e1	30ec2622-ebdb-41d3-9384-bf8ba63f5b90	9	Mirrors / Class IV (wide angle) / Class V (proximity)	f	\N	\N	\N
5f226477-b221-457c-9530-cd9dea7026f2	30ec2622-ebdb-41d3-9384-bf8ba63f5b90	10	Cameras and detection sensors (if relevant)	f	\N	\N	\N
54fd0162-e52a-4d15-82ed-1420fff735c7	30ec2622-ebdb-41d3-9384-bf8ba63f5b90	11	Cab interior / seat belts	f	\N	\N	\N
15d98403-b153-42ff-a3c9-7828c842ea8b	30ec2622-ebdb-41d3-9384-bf8ba63f5b90	12	Speedometer / Speed limiter	f	\N	\N	\N
51d97976-88eb-4244-ac60-ebee50e3e59c	30ec2622-ebdb-41d3-9384-bf8ba63f5b90	13	Excessive Engine exhaust smoke	f	\N	\N	\N
7c41f897-6bc7-46dc-bbcf-718bafb86944	30ec2622-ebdb-41d3-9384-bf8ba63f5b90	14	Lights / reflectors / markers	f	\N	\N	\N
f56d4744-9cd9-4912-841e-6a33b4f82f47	30ec2622-ebdb-41d3-9384-bf8ba63f5b90	15	Indicators / side repeaters	f	\N	\N	\N
1dff8111-ef5f-4b34-a155-133f027c159a	30ec2622-ebdb-41d3-9384-bf8ba63f5b90	16	Warning Lamps	f	\N	\N	\N
ef7e30bc-fe11-41b2-a4ac-034436756f5a	30ec2622-ebdb-41d3-9384-bf8ba63f5b90	17	Wipers / washers / horn	f	\N	\N	\N
7186beab-5338-4ad1-bd85-046bb991afb1	30ec2622-ebdb-41d3-9384-bf8ba63f5b90	18	Ad-blue	f	\N	\N	\N
458a3b6e-7d9f-42c7-8986-c5a127fb80be	30ec2622-ebdb-41d3-9384-bf8ba63f5b90	19	Windscreen / Glass visibility	f	\N	\N	\N
8e547196-b059-433b-82f6-308e7f3c24ae	30ec2622-ebdb-41d3-9384-bf8ba63f5b90	20	Load security / vehicle height	f	\N	\N	\N
cf3c2c27-c18b-4df3-b1e5-acd8027410e0	ece13dd7-0874-43bc-960a-1e7a1846f46c	0	Fuel / Oil / Water leaks	f	\N	\N	\N
6e7ad44b-5d75-425d-8fbf-943ceaf60e7b	ece13dd7-0874-43bc-960a-1e7a1846f46c	1	Battery Security (condition)	f	\N	\N	\N
d70d7bad-e76f-4c3e-abdc-701af54c8eac	ece13dd7-0874-43bc-960a-1e7a1846f46c	2	Tyres / Wheels and wheel fixings	f	\N	\N	\N
cb560b30-74fa-4cc4-a7bf-be80024f3f07	ece13dd7-0874-43bc-960a-1e7a1846f46c	3	Registration plates	f	\N	\N	\N
6cf4214a-f56b-4ef4-b868-ef9bef55937c	ece13dd7-0874-43bc-960a-1e7a1846f46c	4	Prominent external warning signage	f	\N	\N	\N
05128b0e-bbf6-4495-80d7-f8ac7b4fd160	ece13dd7-0874-43bc-960a-1e7a1846f46c	5	Body and wings condition	f	\N	\N	\N
f2e3d4df-530d-49a9-b414-8b9f7214d859	ece13dd7-0874-43bc-960a-1e7a1846f46c	6	Brakes, including ABS / EBS	f	\N	\N	\N
b5e88582-27a0-453c-acb6-0d9d8d2734fb	ece13dd7-0874-43bc-960a-1e7a1846f46c	7	Air build-up / leaks	f	\N	\N	\N
d7757056-a0d8-47df-b22e-7294a2d1f8eb	ece13dd7-0874-43bc-960a-1e7a1846f46c	8	Steering	f	\N	\N	\N
97cbf008-db3e-45ba-88e1-017f9ad851e5	ece13dd7-0874-43bc-960a-1e7a1846f46c	9	Mirrors / Class IV (wide angle) / Class V (proximity)	f	\N	\N	\N
6765f02d-5422-45cd-a909-6cbfbc031a2f	ece13dd7-0874-43bc-960a-1e7a1846f46c	10	Cameras and detection sensors (if relevant)	f	\N	\N	\N
85962ccf-ea9d-4bf7-b3d1-c5af2d528b11	ece13dd7-0874-43bc-960a-1e7a1846f46c	11	Cab interior / seat belts	f	\N	\N	\N
5bad7bce-df5f-4761-88fd-4f7848caa1ae	ece13dd7-0874-43bc-960a-1e7a1846f46c	12	Speedometer / Speed limiter	f	\N	\N	\N
3dbbf87c-b8de-4b07-b872-b5c5fab47044	ece13dd7-0874-43bc-960a-1e7a1846f46c	13	Excessive Engine exhaust smoke	f	\N	\N	\N
25875bb5-ac97-4096-b8b3-4c865b2f0fcf	ece13dd7-0874-43bc-960a-1e7a1846f46c	14	Lights / reflectors / markers	f	\N	\N	\N
5d8846d4-e416-4aac-ba11-0f7a3743b8d0	ece13dd7-0874-43bc-960a-1e7a1846f46c	15	Indicators / side repeaters	f	\N	\N	\N
2ef0c0e4-43d9-4a3e-85cc-596808e5baaf	ece13dd7-0874-43bc-960a-1e7a1846f46c	16	Warning Lamps	f	\N	\N	\N
f5651960-511a-49f7-995a-957a1ee0a33d	ece13dd7-0874-43bc-960a-1e7a1846f46c	17	Wipers / washers / horn	f	\N	\N	\N
206eddc8-3c32-44d1-b77f-6ba0b7c05b30	ece13dd7-0874-43bc-960a-1e7a1846f46c	18	Ad-blue	f	\N	\N	\N
27260f2d-7d65-4a9a-8087-bc8406f3df78	ece13dd7-0874-43bc-960a-1e7a1846f46c	19	Windscreen / Glass visibility	f	\N	\N	\N
54da6ae6-5cc6-475f-bed4-5258266dd697	ece13dd7-0874-43bc-960a-1e7a1846f46c	20	Load security / vehicle height	f	\N	\N	\N
\.


--
-- Data for Name: buckets; Type: TABLE DATA; Schema: storage; Owner: supabase_storage_admin
--

COPY "storage"."buckets" ("id", "name", "owner", "created_at", "updated_at", "public", "avif_autodetection", "file_size_limit", "allowed_mime_types", "owner_id", "type") FROM stdin;
submissions	submissions	\N	2026-06-20 23:42:25.6144+00	2026-06-20 23:42:25.6144+00	f	f	\N	\N	\N	STANDARD
\.


--
-- Data for Name: buckets_analytics; Type: TABLE DATA; Schema: storage; Owner: supabase_storage_admin
--

COPY "storage"."buckets_analytics" ("name", "type", "format", "created_at", "updated_at", "id", "deleted_at") FROM stdin;
\.


--
-- Data for Name: buckets_vectors; Type: TABLE DATA; Schema: storage; Owner: supabase_storage_admin
--

COPY "storage"."buckets_vectors" ("id", "type", "created_at", "updated_at") FROM stdin;
\.


--
-- Data for Name: objects; Type: TABLE DATA; Schema: storage; Owner: supabase_storage_admin
--

COPY "storage"."objects" ("id", "bucket_id", "name", "owner", "created_at", "updated_at", "last_accessed_at", "metadata", "version", "owner_id", "user_metadata") FROM stdin;
67734726-e370-444d-bdee-a2b04bc11018	submissions	04a6baa7-cc7f-4c06-84ff-fec3e055b9a3/starter/1aefdfdd-6064-4622-90a6-31b186dd8eb5.jpg	\N	2026-06-20 23:42:32.668659+00	2026-06-20 23:42:32.668659+00	2026-06-20 23:42:32.668659+00	{"eTag": "\\"59731674b9f957d66a3e3593811d1746\\"", "size": 2851650, "mimetype": "image/jpeg", "cacheControl": "max-age=3600", "lastModified": "2026-06-20T23:42:33.000Z", "contentLength": 2851650, "httpStatusCode": 200}	42b7c184-326a-4b36-8a0e-5e3fe3e77482	\N	{}
96efd593-8baa-4aa9-a60d-2eb6adec2570	submissions	04a6baa7-cc7f-4c06-84ff-fec3e055b9a3/starter/683afa0f-4a09-44cb-bb5a-612f5f7fcadc.jpg	\N	2026-06-20 23:42:33.429819+00	2026-06-20 23:42:33.429819+00	2026-06-20 23:42:33.429819+00	{"eTag": "\\"3b0403201e67297e92f1e0140d2e362e\\"", "size": 3903482, "mimetype": "image/jpeg", "cacheControl": "max-age=3600", "lastModified": "2026-06-20T23:42:34.000Z", "contentLength": 3903482, "httpStatusCode": 200}	c2c6c692-d72d-4da9-bb12-7f0836a5910a	\N	{}
70f3c7da-b737-4e54-9537-2779c7b5188d	submissions	4532cd1f-2752-4aa9-a304-8a66a6fb9875/starter/1a67fbda-84c6-4b3c-ba33-f85249f613d9.jpg	\N	2026-06-20 23:42:40.389164+00	2026-06-20 23:42:40.389164+00	2026-06-20 23:42:40.389164+00	{"eTag": "\\"c180f0257d44d73ffb1f4a92b910f023\\"", "size": 392314, "mimetype": "image/jpeg", "cacheControl": "max-age=3600", "lastModified": "2026-06-20T23:42:41.000Z", "contentLength": 392314, "httpStatusCode": 200}	a070d8da-5254-4567-b4f7-ebecb63692c3	\N	{}
4b3d215c-34c6-47cb-a0eb-9aab1ae05517	submissions	4532cd1f-2752-4aa9-a304-8a66a6fb9875/starter/1a793886-56be-4bcf-bc42-5bffc0bd3c3b.jpg	\N	2026-06-20 23:42:42.222581+00	2026-06-20 23:42:42.222581+00	2026-06-20 23:42:42.222581+00	{"eTag": "\\"296f8873d1a15dbbcc132a9133f146e8\\"", "size": 314655, "mimetype": "image/jpeg", "cacheControl": "max-age=3600", "lastModified": "2026-06-20T23:42:43.000Z", "contentLength": 314655, "httpStatusCode": 200}	ec5114c8-3e27-4b5d-a242-71df74b5ed54	\N	{}
71a64909-304c-4406-9d9f-2f89a23bd63e	submissions	4532cd1f-2752-4aa9-a304-8a66a6fb9875/starter/005b621b-5c74-410a-8bf5-285c0a55b180.jpg	\N	2026-06-20 23:42:45.39728+00	2026-06-20 23:42:45.39728+00	2026-06-20 23:42:45.39728+00	{"eTag": "\\"a53c681082f3d5bd2b6f32fe393a1c63\\"", "size": 955987, "mimetype": "image/jpeg", "cacheControl": "max-age=3600", "lastModified": "2026-06-20T23:42:46.000Z", "contentLength": 955987, "httpStatusCode": 200}	5acf4c70-2da0-4bbf-b9fc-4812df955d07	\N	{}
8abc63e6-7b26-4f0f-b094-a517ad3af281	submissions	4532cd1f-2752-4aa9-a304-8a66a6fb9875/starter/684afd0a-01f6-464b-97e9-35827b618d87.jpg	\N	2026-06-20 23:42:47.772129+00	2026-06-20 23:42:47.772129+00	2026-06-20 23:42:47.772129+00	{"eTag": "\\"a53c681082f3d5bd2b6f32fe393a1c63\\"", "size": 955987, "mimetype": "image/jpeg", "cacheControl": "max-age=3600", "lastModified": "2026-06-20T23:42:48.000Z", "contentLength": 955987, "httpStatusCode": 200}	f4353afc-504c-4795-888e-c667919deca4	\N	{}
b750f643-cda0-4e89-a046-c7edeeaa5445	submissions	4532cd1f-2752-4aa9-a304-8a66a6fb9875/starter/d06d01bc-79cd-41b6-a9ce-287930019697.jpg	\N	2026-06-20 23:42:47.933163+00	2026-06-20 23:42:47.933163+00	2026-06-20 23:42:47.933163+00	{"eTag": "\\"d8b2d684b3769969bd0e6c736496b032\\"", "size": 950239, "mimetype": "image/jpeg", "cacheControl": "max-age=3600", "lastModified": "2026-06-20T23:42:48.000Z", "contentLength": 950239, "httpStatusCode": 200}	32727548-b581-4d6f-8886-815ab2c25150	\N	{}
d8aa082f-f8ff-43de-b984-0b9ac969a747	submissions	4532cd1f-2752-4aa9-a304-8a66a6fb9875/starter/864e8290-1104-44cd-9cec-71665d891a00.jpg	\N	2026-06-20 23:42:48.493589+00	2026-06-20 23:42:48.493589+00	2026-06-20 23:42:48.493589+00	{"eTag": "\\"663963b8c5ed97aae450828d31747383\\"", "size": 1288424, "mimetype": "image/jpeg", "cacheControl": "max-age=3600", "lastModified": "2026-06-20T23:42:49.000Z", "contentLength": 1288424, "httpStatusCode": 200}	09a6dc3b-b24b-4327-abec-b7b4f08ced75	\N	{}
71ffec14-796b-4185-b9b1-0afd85d9f5b5	submissions	4532cd1f-2752-4aa9-a304-8a66a6fb9875/starter/6538f0e9-76ed-4f42-afe2-a5aa3487ba6e.jpg	\N	2026-06-20 23:42:50.416249+00	2026-06-20 23:42:50.416249+00	2026-06-20 23:42:50.416249+00	{"eTag": "\\"9f9d21bcc765e87eb13c97e03507f4ea\\"", "size": 1536670, "mimetype": "image/jpeg", "cacheControl": "max-age=3600", "lastModified": "2026-06-20T23:42:51.000Z", "contentLength": 1536670, "httpStatusCode": 200}	ff27d5a1-7453-40ca-bee0-8b3127cf54af	\N	{}
39dd0890-960f-45fd-8e08-5544a6f894b0	submissions	4532cd1f-2752-4aa9-a304-8a66a6fb9875/starter/ce244fd4-6d83-45ec-bb06-9270d2b0a217.jpg	\N	2026-06-20 23:42:51.264335+00	2026-06-20 23:42:51.264335+00	2026-06-20 23:42:51.264335+00	{"eTag": "\\"af8da5279f5e71a8a6afd5a1301042de\\"", "size": 1707245, "mimetype": "image/jpeg", "cacheControl": "max-age=3600", "lastModified": "2026-06-20T23:42:52.000Z", "contentLength": 1707245, "httpStatusCode": 200}	5ddd3101-5b58-444b-9ce6-6ca80459383e	\N	{}
b04ab59a-88c1-4902-8ce0-f91b5e591d89	submissions	713f38a4-7b2c-42b0-8df4-424d54ef5d0f/vehicle-defect/23ac7da2-5210-4dc7-8fc0-9d3075fd4f9a.png	713f38a4-7b2c-42b0-8df4-424d54ef5d0f	2026-06-21 12:07:43.072314+00	2026-06-21 12:07:43.072314+00	2026-06-21 12:07:43.072314+00	{"eTag": "\\"aafe60e3d4aac6542d47b082f31f805e\\"", "size": 11705, "mimetype": "image/png", "cacheControl": "max-age=3600", "lastModified": "2026-06-21T12:07:44.000Z", "contentLength": 11705, "httpStatusCode": 200}	47f63359-75dd-4418-8e8a-daf47940c1a8	713f38a4-7b2c-42b0-8df4-424d54ef5d0f	{}
a9e45b74-d6ae-4ca4-8dd5-ad36af10c5c6	submissions	4532cd1f-2752-4aa9-a304-8a66a6fb9875/starter/00121b3d-9ef8-43cb-b1fe-43aceef4d280.jpg	\N	2026-06-20 23:42:51.492393+00	2026-06-20 23:42:51.492393+00	2026-06-20 23:42:51.492393+00	{"eTag": "\\"3a39052dd6fd752f133b3762332fec0e\\"", "size": 2514578, "mimetype": "image/jpeg", "cacheControl": "max-age=3600", "lastModified": "2026-06-20T23:42:52.000Z", "contentLength": 2514578, "httpStatusCode": 200}	67c4d6ae-e67e-43e0-993e-82c1e9de5d27	\N	{}
7315f2ae-3960-4632-af17-1b745caa6319	submissions	4532cd1f-2752-4aa9-a304-8a66a6fb9875/starter/e188004c-2360-461f-8306-ca0c46c0e630.jpg	\N	2026-06-20 23:42:51.733539+00	2026-06-20 23:42:51.733539+00	2026-06-20 23:42:51.733539+00	{"eTag": "\\"61153b39fee9cc2c99783996bb5a0f58\\"", "size": 1805819, "mimetype": "image/jpeg", "cacheControl": "max-age=3600", "lastModified": "2026-06-20T23:42:52.000Z", "contentLength": 1805819, "httpStatusCode": 200}	3368e64e-4a7b-497f-a339-aa195acea30a	\N	{}
b2e5569b-afe9-4210-8e6e-6a94443e4b9d	submissions	4532cd1f-2752-4aa9-a304-8a66a6fb9875/starter/cee05d27-634c-4066-be36-5a5e4f2c46ef.jpg	\N	2026-06-20 23:42:51.80762+00	2026-06-20 23:42:51.80762+00	2026-06-20 23:42:51.80762+00	{"eTag": "\\"1b83ed06df5dbf727999c15dc547183e\\"", "size": 1744915, "mimetype": "image/jpeg", "cacheControl": "max-age=3600", "lastModified": "2026-06-20T23:42:52.000Z", "contentLength": 1744915, "httpStatusCode": 200}	13e97c19-c659-4414-a30e-e06a10e6f1c0	\N	{}
7bf2e97a-083f-40c9-910a-2f9200997c93	submissions	4532cd1f-2752-4aa9-a304-8a66a6fb9875/starter/eff1e96e-58c6-4a25-b22d-fbd538465499.jpg	\N	2026-06-20 23:42:52.144061+00	2026-06-20 23:42:52.144061+00	2026-06-20 23:42:52.144061+00	{"eTag": "\\"448fc6962ff33f395b4f8d3857ef86c2\\"", "size": 2117277, "mimetype": "image/jpeg", "cacheControl": "max-age=3600", "lastModified": "2026-06-20T23:42:53.000Z", "contentLength": 2117277, "httpStatusCode": 200}	aa5d3ba4-317f-4f42-8f40-342c646bebad	\N	{}
10a128f7-a9b5-4309-ae10-af811439b3ee	submissions	4532cd1f-2752-4aa9-a304-8a66a6fb9875/starter/522168f5-7e5c-43d2-a2e8-9345bda2a1ac.jpg	\N	2026-06-20 23:42:52.618838+00	2026-06-20 23:42:52.618838+00	2026-06-20 23:42:52.618838+00	{"eTag": "\\"ce01bd8041877af38a9784630ccfc44a\\"", "size": 3150609, "mimetype": "image/jpeg", "cacheControl": "max-age=3600", "lastModified": "2026-06-20T23:42:53.000Z", "contentLength": 3150609, "httpStatusCode": 200}	06a5c706-d66d-4b15-b42a-603a6865251d	\N	{}
6e3fb5bc-b8ad-4e89-94f9-2805e7252b2b	submissions	4532cd1f-2752-4aa9-a304-8a66a6fb9875/starter/ee49a17f-e567-4a4e-9177-061ca8857cab.jpg	\N	2026-06-20 23:42:52.851144+00	2026-06-20 23:42:52.851144+00	2026-06-20 23:42:52.851144+00	{"eTag": "\\"2d8a18177ba8fb910f2e705ea09d7106\\"", "size": 2753337, "mimetype": "image/jpeg", "cacheControl": "max-age=3600", "lastModified": "2026-06-20T23:42:53.000Z", "contentLength": 2753337, "httpStatusCode": 200}	c1950feb-add6-4324-9540-f381078e2e7a	\N	{}
4c5610aa-ec6d-404a-bb0a-6bbc101c9826	submissions	4532cd1f-2752-4aa9-a304-8a66a6fb9875/starter/89887f0f-d939-4a9f-aae2-1ad717bf2d04.jpg	\N	2026-06-20 23:42:53.176846+00	2026-06-20 23:42:53.176846+00	2026-06-20 23:42:53.176846+00	{"eTag": "\\"3a39052dd6fd752f133b3762332fec0e\\"", "size": 2514578, "mimetype": "image/jpeg", "cacheControl": "max-age=3600", "lastModified": "2026-06-20T23:42:54.000Z", "contentLength": 2514578, "httpStatusCode": 200}	691e6599-7066-4ee3-9ab0-5b502ebc6227	\N	{}
5da61461-41af-4365-906a-0aeb38e49519	submissions	66a9dc9f-5b19-4f79-9eb5-1d7cdb49ef82/starter/5e9967e0-25c1-4019-823c-04fb63353666.jpg	\N	2026-06-20 23:42:55.233287+00	2026-06-20 23:42:55.233287+00	2026-06-20 23:42:55.233287+00	{"eTag": "\\"758ab76ef55abf48697f5af45fe8a53d\\"", "size": 156015, "mimetype": "image/jpeg", "cacheControl": "max-age=3600", "lastModified": "2026-06-20T23:42:56.000Z", "contentLength": 156015, "httpStatusCode": 200}	6ed34949-ae9d-472b-bf1d-5c25046df8f4	\N	{}
b5905584-f42b-48e0-848b-24869bd4cde9	submissions	3375295b-b3a3-40af-9cb5-81959e07fa23/starter/735a9b37-382d-4eff-b0b4-52f446c9f1bf.jpg	3375295b-b3a3-40af-9cb5-81959e07fa23	2026-06-21 10:24:32.778681+00	2026-06-21 10:24:32.778681+00	2026-06-21 10:24:32.778681+00	{"eTag": "\\"e9b9b06ba86ca15caa3bc010037b2813\\"", "size": 1869009, "mimetype": "image/jpeg", "cacheControl": "max-age=3600", "lastModified": "2026-06-21T10:24:33.000Z", "contentLength": 1869009, "httpStatusCode": 200}	b93a5320-e0dc-4dd5-a1dc-9f8364f89c2d	3375295b-b3a3-40af-9cb5-81959e07fa23	{}
fe6c16ab-381f-4ec0-b0dc-e4c4cc344b31	submissions	66a9dc9f-5b19-4f79-9eb5-1d7cdb49ef82/starter/4d639e5a-5866-4329-9ab6-1765b9b00350.jpg	\N	2026-06-20 23:42:56.084904+00	2026-06-20 23:42:56.084904+00	2026-06-20 23:42:56.084904+00	{"eTag": "\\"8243e73cb2286098c049479717009125\\"", "size": 1297965, "mimetype": "image/jpeg", "cacheControl": "max-age=3600", "lastModified": "2026-06-20T23:42:57.000Z", "contentLength": 1297965, "httpStatusCode": 200}	542a73e9-5937-4206-ba1a-78848602056e	\N	{}
b5b946ce-d6d1-47bc-9619-56a47b4c33ad	submissions	66a9dc9f-5b19-4f79-9eb5-1d7cdb49ef82/starter/56e116b4-95f7-41a0-a143-35e460e9d9c0.jpg	\N	2026-06-20 23:42:56.846949+00	2026-06-20 23:42:56.846949+00	2026-06-20 23:42:56.846949+00	{"eTag": "\\"72c85841a328c260df08ea291c1c75be\\"", "size": 2474634, "mimetype": "image/jpeg", "cacheControl": "max-age=3600", "lastModified": "2026-06-20T23:42:57.000Z", "contentLength": 2474634, "httpStatusCode": 200}	d7317e50-8b42-44a9-b659-f7140ec640f5	\N	{}
b47712aa-c77b-4557-a3cd-ffe17dfe11c1	submissions	bba10388-e3a5-4e70-a6d7-123fb3f656e5/starter/8b6eae81-f83c-4eea-b342-69e6ca3820f6.png	\N	2026-06-20 23:43:03.37674+00	2026-06-20 23:43:03.37674+00	2026-06-20 23:43:03.37674+00	{"eTag": "\\"fb28f25645d6d01c17e5790b6c76a444\\"", "size": 6241350, "mimetype": "image/png", "cacheControl": "max-age=3600", "lastModified": "2026-06-20T23:43:04.000Z", "contentLength": 6241350, "httpStatusCode": 200}	626a42a3-11b6-4a2a-b74f-002ee0c07b04	\N	{}
8c747852-5d42-462a-a1a0-273d71def29a	submissions	bba10388-e3a5-4e70-a6d7-123fb3f656e5/starter/344b01fc-f075-4bc4-ba9b-dfd0441e54b5.png	\N	2026-06-20 23:43:03.42835+00	2026-06-20 23:43:03.42835+00	2026-06-20 23:43:03.42835+00	{"eTag": "\\"fb28f25645d6d01c17e5790b6c76a444\\"", "size": 6241350, "mimetype": "image/png", "cacheControl": "max-age=3600", "lastModified": "2026-06-20T23:43:04.000Z", "contentLength": 6241350, "httpStatusCode": 200}	98a09294-1509-4d0c-8548-3d235c60f1b0	\N	{}
a21c3cc9-a131-419e-bcc6-1b43c78dc762	submissions	3375295b-b3a3-40af-9cb5-81959e07fa23/starter/5291118a-3f76-4038-a49f-1467b1a70c93.jpg	3375295b-b3a3-40af-9cb5-81959e07fa23	2026-06-21 10:24:41.272005+00	2026-06-21 10:24:41.272005+00	2026-06-21 10:24:41.272005+00	{"eTag": "\\"a59e812671fd3ddad64c69af8fb085e3\\"", "size": 2308239, "mimetype": "image/jpeg", "cacheControl": "max-age=3600", "lastModified": "2026-06-21T10:24:42.000Z", "contentLength": 2308239, "httpStatusCode": 200}	4212557c-6a06-4f6a-b970-09f43128f10e	3375295b-b3a3-40af-9cb5-81959e07fa23	{}
41fd2056-6de5-4835-9516-4161e8194f7b	submissions	c1b79407-8801-4583-8b57-7a5256333600/starter/96bfce0e-7f2f-4232-8075-5536f5c6bc13.jpg	\N	2026-06-20 23:43:06.281087+00	2026-06-20 23:43:06.281087+00	2026-06-20 23:43:06.281087+00	{"eTag": "\\"e7dda0126a0d1bd5b1461020ccd39450\\"", "size": 2500918, "mimetype": "image/jpeg", "cacheControl": "max-age=3600", "lastModified": "2026-06-20T23:43:07.000Z", "contentLength": 2500918, "httpStatusCode": 200}	56f7b29c-04ad-436c-bcf2-41bdceeff123	\N	{}
1f18f54c-7c82-42a7-bc7f-07e991ffba44	submissions	c1b79407-8801-4583-8b57-7a5256333600/starter/a17be391-d34f-4899-8d30-bee75172035c.jpg	\N	2026-06-20 23:43:06.772433+00	2026-06-20 23:43:06.772433+00	2026-06-20 23:43:06.772433+00	{"eTag": "\\"2a0bb160e64912911f18fc9bcf3ca7d4\\"", "size": 3186879, "mimetype": "image/jpeg", "cacheControl": "max-age=3600", "lastModified": "2026-06-20T23:43:07.000Z", "contentLength": 3186879, "httpStatusCode": 200}	63e4e09e-cbe1-4b6b-9fc0-a0c56c6a8181	\N	{}
8e48d93e-35bb-4bf4-9867-677003c76647	submissions	55fe5d03-5dde-4508-9f57-6a1db5db779b/starter/195ed960-f5e2-4afe-a99f-71acd50d9e81.jpg	55fe5d03-5dde-4508-9f57-6a1db5db779b	2026-06-22 09:50:56.162626+00	2026-06-22 09:50:56.162626+00	2026-06-22 09:50:56.162626+00	{"eTag": "\\"2f195589926e8d54bfad2a89d1a061b2\\"", "size": 4260330, "mimetype": "image/jpeg", "cacheControl": "max-age=3600", "lastModified": "2026-06-22T09:50:57.000Z", "contentLength": 4260330, "httpStatusCode": 200}	cf4fa68d-39c7-493e-b618-126263c72dd5	55fe5d03-5dde-4508-9f57-6a1db5db779b	{}
0a3e004b-ceaa-47fe-803f-2fe7ff98e7f1	submissions	55fe5d03-5dde-4508-9f57-6a1db5db779b/starter/19d67b3c-052f-44b2-9d27-4f0fb2156559.jpg	55fe5d03-5dde-4508-9f57-6a1db5db779b	2026-06-22 09:54:41.592638+00	2026-06-22 09:54:41.592638+00	2026-06-22 09:54:41.592638+00	{"eTag": "\\"2f195589926e8d54bfad2a89d1a061b2\\"", "size": 4260330, "mimetype": "image/jpeg", "cacheControl": "max-age=3600", "lastModified": "2026-06-22T09:54:42.000Z", "contentLength": 4260330, "httpStatusCode": 200}	356caabd-d54a-4fff-ba2e-18812ee1c33e	55fe5d03-5dde-4508-9f57-6a1db5db779b	{}
5d0dd079-7419-4c44-8e74-169f8748d1fd	submissions	66a9dc9f-5b19-4f79-9eb5-1d7cdb49ef82/starter/5d220145-1ad3-45b8-adb0-34fbd5bee12e.jpg	\N	2026-06-20 23:42:55.229134+00	2026-06-20 23:42:55.229134+00	2026-06-20 23:42:55.229134+00	{"eTag": "\\"70d1a8a92c7bb96da4b6be86a2f86199\\"", "size": 145323, "mimetype": "image/jpeg", "cacheControl": "max-age=3600", "lastModified": "2026-06-20T23:42:56.000Z", "contentLength": 145323, "httpStatusCode": 200}	9a4f6e2a-a9c3-4b1c-a54e-e3382e69ad49	\N	{}
9aad30e0-1e0d-4061-a1c0-1da1a7fca0c4	submissions	e4108e51-f590-4296-82a4-be5627bb187f/starter/0af67598-607d-43b3-8c88-ff9883108bf9.jpeg	\N	2026-06-20 23:43:10.972113+00	2026-06-20 23:43:10.972113+00	2026-06-20 23:43:10.972113+00	{"eTag": "\\"7b868b051d262c146b0fb1d02109b792\\"", "size": 1710525, "mimetype": "image/jpeg", "cacheControl": "max-age=3600", "lastModified": "2026-06-20T23:43:11.000Z", "contentLength": 1710525, "httpStatusCode": 200}	c6ffb4cc-4ce0-4c37-89d7-bf0934c1c330	\N	{}
d98f1566-ffba-4a9b-92c5-49e58ece5389	submissions	f7433041-0a01-4d8c-a883-46a0f3c92152/starter/2c53f1cc-41b9-4075-8538-efe038c2b28e.jpg	\N	2026-06-20 23:43:17.327347+00	2026-06-20 23:43:17.327347+00	2026-06-20 23:43:17.327347+00	{"eTag": "\\"e542233dbe13ed6316c9694b62421527\\"", "size": 3876843, "mimetype": "image/jpeg", "cacheControl": "max-age=3600", "lastModified": "2026-06-20T23:43:18.000Z", "contentLength": 3876843, "httpStatusCode": 200}	544d3073-a037-45a5-a311-bc1529b88d0b	\N	{}
64f72079-1d3f-4f45-bdd1-143951d591ba	submissions	f5adc8bf-b6df-4d42-989a-ffe879b73b87/starter/1f9155d3-98ef-41ec-8d33-d4236a64022c.jpg	f5adc8bf-b6df-4d42-989a-ffe879b73b87	2026-06-22 05:50:10.113103+00	2026-06-22 05:50:10.113103+00	2026-06-22 05:50:10.113103+00	{"eTag": "\\"19fa01c3b0c5330ab2ac36e4534f5c92\\"", "size": 3896865, "mimetype": "image/jpeg", "cacheControl": "max-age=3600", "lastModified": "2026-06-22T05:50:11.000Z", "contentLength": 3896865, "httpStatusCode": 200}	a0947daf-7f63-4c55-8319-089063b36ab6	f5adc8bf-b6df-4d42-989a-ffe879b73b87	{}
28de11ac-af8f-407f-a222-4d054ffb3f3c	submissions	f7433041-0a01-4d8c-a883-46a0f3c92152/starter/8172d4ea-e39f-4184-9515-7c954d488a4e.jpg	\N	2026-06-20 23:43:17.601212+00	2026-06-20 23:43:17.601212+00	2026-06-20 23:43:17.601212+00	{"eTag": "\\"e542233dbe13ed6316c9694b62421527\\"", "size": 3876843, "mimetype": "image/jpeg", "cacheControl": "max-age=3600", "lastModified": "2026-06-20T23:43:18.000Z", "contentLength": 3876843, "httpStatusCode": 200}	bc1b4105-c278-4673-a0b9-26b94644e4bf	\N	{}
75f2d8b9-3910-4780-91b7-496cc6ce144a	submissions	f7433041-0a01-4d8c-a883-46a0f3c92152/starter/9115483c-90b1-4ec0-935e-14977a3e0e76.jpg	\N	2026-06-20 23:43:17.659806+00	2026-06-20 23:43:17.659806+00	2026-06-20 23:43:17.659806+00	{"eTag": "\\"7111d038baa0d6c62882ed7577283906\\"", "size": 3581942, "mimetype": "image/jpeg", "cacheControl": "max-age=3600", "lastModified": "2026-06-20T23:43:18.000Z", "contentLength": 3581942, "httpStatusCode": 200}	5f65eb0e-5a41-4ad1-8657-a569c641d555	\N	{}
11135e27-dbf7-4a75-a0ea-d8b00fd15cda	submissions	f5adc8bf-b6df-4d42-989a-ffe879b73b87/starter/cf9ec24d-3904-433c-a2b9-d93502ae63ee.jpg	f5adc8bf-b6df-4d42-989a-ffe879b73b87	2026-06-22 05:51:55.647723+00	2026-06-22 05:51:55.647723+00	2026-06-22 05:51:55.647723+00	{"eTag": "\\"ddf097e6ee2e12616fef9d3fa45885cb\\"", "size": 4826976, "mimetype": "image/jpeg", "cacheControl": "max-age=3600", "lastModified": "2026-06-22T05:51:56.000Z", "contentLength": 4826976, "httpStatusCode": 200}	0f271063-81a0-4e15-8d2b-9333b8452732	f5adc8bf-b6df-4d42-989a-ffe879b73b87	{}
821854d4-7435-4063-aa21-ccb22296734f	submissions	f5adc8bf-b6df-4d42-989a-ffe879b73b87/starter/944a8959-3e03-468f-a619-69f6537b48a6.jpg	f5adc8bf-b6df-4d42-989a-ffe879b73b87	2026-06-22 05:52:39.549763+00	2026-06-22 05:52:39.549763+00	2026-06-22 05:52:39.549763+00	{"eTag": "\\"19fa01c3b0c5330ab2ac36e4534f5c92\\"", "size": 3896865, "mimetype": "image/jpeg", "cacheControl": "max-age=3600", "lastModified": "2026-06-22T05:52:40.000Z", "contentLength": 3896865, "httpStatusCode": 200}	e1186f1c-a203-4913-add9-d49cbc9d29d5	f5adc8bf-b6df-4d42-989a-ffe879b73b87	{}
25119709-0102-4c10-a788-f501cd9bdaf4	submissions	f5adc8bf-b6df-4d42-989a-ffe879b73b87/starter/4d73c856-66a6-4930-85c2-98bbe7390617.jpg	f5adc8bf-b6df-4d42-989a-ffe879b73b87	2026-06-22 05:53:03.822955+00	2026-06-22 05:53:03.822955+00	2026-06-22 05:53:03.822955+00	{"eTag": "\\"ddf097e6ee2e12616fef9d3fa45885cb\\"", "size": 4826976, "mimetype": "image/jpeg", "cacheControl": "max-age=3600", "lastModified": "2026-06-22T05:53:04.000Z", "contentLength": 4826976, "httpStatusCode": 200}	da22616c-2f84-434e-ba2e-d89d0abd3674	f5adc8bf-b6df-4d42-989a-ffe879b73b87	{}
fe064789-3ea9-4120-b8e9-ba8189fa24bc	submissions	c45e2b3b-858e-4cc9-b893-606be19db21e/starter/242acf76-d985-46e1-8e5a-87d7edfc81a4.jpg	\N	2026-06-20 23:43:08.97853+00	2026-06-20 23:43:08.97853+00	2026-06-20 23:43:08.97853+00	{"eTag": "\\"78bb763107868542e7a64d514a795b76\\"", "size": 3651034, "mimetype": "image/jpeg", "cacheControl": "max-age=3600", "lastModified": "2026-06-20T23:43:09.000Z", "contentLength": 3651034, "httpStatusCode": 200}	2e3f6553-cba6-4480-a222-64cb2ff43ae4	\N	{}
ff89c3f2-8a9b-47f4-b126-58eec974fbf3	submissions	f5adc8bf-b6df-4d42-989a-ffe879b73b87/starter/192dbb38-5283-4b7d-ac1e-a7ccf6854e3a.jpg	f5adc8bf-b6df-4d42-989a-ffe879b73b87	2026-06-22 05:55:35.04515+00	2026-06-22 05:55:35.04515+00	2026-06-22 05:55:35.04515+00	{"eTag": "\\"19fa01c3b0c5330ab2ac36e4534f5c92\\"", "size": 3896865, "mimetype": "image/jpeg", "cacheControl": "max-age=3600", "lastModified": "2026-06-22T05:55:35.000Z", "contentLength": 3896865, "httpStatusCode": 200}	e7912e8c-d15d-4a0d-bb73-a7cadbb549fe	f5adc8bf-b6df-4d42-989a-ffe879b73b87	{}
b70838fd-9019-4aca-960c-785e83998440	submissions	713f38a4-7b2c-42b0-8df4-424d54ef5d0f/vehicle-defect/a9d242e9-caea-4c67-bcbb-9ed49e8d4730.png	713f38a4-7b2c-42b0-8df4-424d54ef5d0f	2026-06-21 11:08:31.206203+00	2026-06-21 11:08:31.206203+00	2026-06-21 11:08:31.206203+00	{"eTag": "\\"02a931b09e97ab88ee920a51b114c837\\"", "size": 11752, "mimetype": "image/png", "cacheControl": "max-age=3600", "lastModified": "2026-06-21T11:08:32.000Z", "contentLength": 11752, "httpStatusCode": 200}	6db283b9-4f3d-4935-a490-ccb809b73f18	713f38a4-7b2c-42b0-8df4-424d54ef5d0f	{}
ee6da119-f61f-43fc-8c94-221d6a8e5b9c	submissions	e4108e51-f590-4296-82a4-be5627bb187f/starter/e116657f-acc8-4a6f-9d9c-72539d959102.jpeg	\N	2026-06-20 23:43:10.885874+00	2026-06-20 23:43:10.885874+00	2026-06-20 23:43:10.885874+00	{"eTag": "\\"7b868b051d262c146b0fb1d02109b792\\"", "size": 1710525, "mimetype": "image/jpeg", "cacheControl": "max-age=3600", "lastModified": "2026-06-20T23:43:11.000Z", "contentLength": 1710525, "httpStatusCode": 200}	fe3b59d9-9ac8-4ecb-9c0d-9938f06b4e53	\N	{}
dbcae4cb-ce4e-416e-ac5b-633f29777212	submissions	f7433041-0a01-4d8c-a883-46a0f3c92152/starter/0b958f25-e8f5-4fc4-951d-d191dc91cd57.jpg	\N	2026-06-20 23:43:16.954688+00	2026-06-20 23:43:16.954688+00	2026-06-20 23:43:16.954688+00	{"eTag": "\\"7111d038baa0d6c62882ed7577283906\\"", "size": 3581942, "mimetype": "image/jpeg", "cacheControl": "max-age=3600", "lastModified": "2026-06-20T23:43:17.000Z", "contentLength": 3581942, "httpStatusCode": 200}	2768e14b-866f-41ea-b780-9b8dd2f07208	\N	{}
a703985a-72a3-4663-8416-d5b2d78d707a	submissions	713f38a4-7b2c-42b0-8df4-424d54ef5d0f/vehicle-defect/d8d77c89-6219-402b-9371-ce117b20bcda.png	713f38a4-7b2c-42b0-8df4-424d54ef5d0f	2026-06-21 11:16:04.840248+00	2026-06-21 11:16:04.840248+00	2026-06-21 11:16:04.840248+00	{"eTag": "\\"73ceb8d134b787be4bc8278221c79193\\"", "size": 11647, "mimetype": "image/png", "cacheControl": "max-age=3600", "lastModified": "2026-06-21T11:16:05.000Z", "contentLength": 11647, "httpStatusCode": 200}	165bd758-0c9d-4124-a88e-52875456812c	713f38a4-7b2c-42b0-8df4-424d54ef5d0f	{}
a496376a-36df-4a46-a020-d1db94f5adb4	submissions	f5adc8bf-b6df-4d42-989a-ffe879b73b87/starter/6eea912c-0932-4a92-98bd-eee816b8b19a.jpg	f5adc8bf-b6df-4d42-989a-ffe879b73b87	2026-06-22 05:56:00.453064+00	2026-06-22 05:56:00.453064+00	2026-06-22 05:56:00.453064+00	{"eTag": "\\"ddf097e6ee2e12616fef9d3fa45885cb\\"", "size": 4826976, "mimetype": "image/jpeg", "cacheControl": "max-age=3600", "lastModified": "2026-06-22T05:56:01.000Z", "contentLength": 4826976, "httpStatusCode": 200}	062ba41e-f601-43f8-a3da-6e447e7c7465	f5adc8bf-b6df-4d42-989a-ffe879b73b87	{}
b5a73de7-369b-42fd-a001-3cb51f33edce	submissions	713f38a4-7b2c-42b0-8df4-424d54ef5d0f/vehicle-defect/e1e7f6d1-638a-4610-8e8c-dc6bd8b28fee.png	713f38a4-7b2c-42b0-8df4-424d54ef5d0f	2026-06-21 01:07:42.864823+00	2026-06-21 01:07:42.864823+00	2026-06-21 01:07:42.864823+00	{"eTag": "\\"8ecb80d3416b5b9989ba7b9eeb58561a\\"", "size": 15765, "mimetype": "image/png", "cacheControl": "max-age=3600", "lastModified": "2026-06-21T01:07:43.000Z", "contentLength": 15765, "httpStatusCode": 200}	a3ca1075-bcd9-4d0a-af46-240afd006203	713f38a4-7b2c-42b0-8df4-424d54ef5d0f	{}
39c88fea-cc51-467e-b731-d7793f08b001	submissions	f5adc8bf-b6df-4d42-989a-ffe879b73b87/starter/4e708bcc-91c1-4d12-9621-54498c830623.jpg	f5adc8bf-b6df-4d42-989a-ffe879b73b87	2026-06-22 05:57:26.532231+00	2026-06-22 05:57:26.532231+00	2026-06-22 05:57:26.532231+00	{"eTag": "\\"2693a9f5b71cd3859b4ec55e6e190646\\"", "size": 5198877, "mimetype": "image/jpeg", "cacheControl": "max-age=3600", "lastModified": "2026-06-22T05:57:27.000Z", "contentLength": 5198877, "httpStatusCode": 200}	83a3eee6-e5e5-4431-a9e8-60fd52582384	f5adc8bf-b6df-4d42-989a-ffe879b73b87	{}
\.


--
-- Data for Name: s3_multipart_uploads; Type: TABLE DATA; Schema: storage; Owner: supabase_storage_admin
--

COPY "storage"."s3_multipart_uploads" ("id", "in_progress_size", "upload_signature", "bucket_id", "key", "version", "owner_id", "created_at", "user_metadata", "metadata") FROM stdin;
\.


--
-- Data for Name: s3_multipart_uploads_parts; Type: TABLE DATA; Schema: storage; Owner: supabase_storage_admin
--

COPY "storage"."s3_multipart_uploads_parts" ("id", "upload_id", "size", "part_number", "bucket_id", "key", "etag", "owner_id", "version", "created_at") FROM stdin;
\.


--
-- Data for Name: vector_indexes; Type: TABLE DATA; Schema: storage; Owner: supabase_storage_admin
--

COPY "storage"."vector_indexes" ("id", "name", "bucket_id", "data_type", "dimension", "distance_metric", "metadata_configuration", "created_at", "updated_at") FROM stdin;
\.


--
-- Name: refresh_tokens_id_seq; Type: SEQUENCE SET; Schema: auth; Owner: supabase_auth_admin
--

SELECT pg_catalog.setval('"auth"."refresh_tokens_id_seq"', 691, true);


--
-- PostgreSQL database dump complete
--

-- \unrestrict e47H5tzMdVB7FlQLnSRYcse8hDcFYCbSnBgUFrWNIqmj18jI8xLJg5sipx1keu9

RESET ALL;
